D,hhsize,hage,pcexp,chef_f,urbain,n_obs
0,9.5152435,51.219891,511122.0484302177,.23066694,.44642693,4979
1,10.494001,53.365223,694802.362292039,.40863591,.65862501,1448
