annee,hhsize,pcexp,p_chef_f,p_urbain,p_transfert
2018,10.01058,510801.81,26.093044,52.46616,22.529951
2021,9.379529,536071.69,27.841436,52.802727,25.116135
