D,hhsize,hage,pcexp,chef_f,urbain,n_obs
0,9.7139988,51.08556,474219.4846903872,.22916248,.48363125,4979
1,11.030387,53.555248,636591.5188406423,.37016574,.66574585,1448
