annee,hhsize,pcexp,p_chef_f,p_urbain,p_transfert
2018,9.7537365,555879.25,27.403248,49.813301,24.366913
2021,9.026844,597804.13,29.106524,50.891502,26.846272
