This is pdfTeX, Version 3.141592653-2.6-1.40.29 (MiKTeX 26.5) (preloaded format=pdflatex 2026.7.2)  6 JUL 2026 21:55
entering extended mode
 restricted \write18 enabled.
 %&-line parsing enabled.
**./main.tex
(main.tex
LaTeX2e <2026-06-01>
L3 programming layer <2026-06-18>
(C:\Users\Bmd\AppData\Local\Programs\MiKTeX\tex/latex/base\article.cls
Document Class: article 2025/01/22 v1.4n Standard LaTeX document class
(C:\Users\Bmd\AppData\Local\Programs\MiKTeX\tex/latex/base\size12.clo
File: size12.clo 2025/01/22 v1.4n Standard LaTeX file (size option)
)
\c@part=\count276
\c@section=\count277
\c@subsection=\count278
\c@subsubsection=\count279
\c@paragraph=\count280
\c@subparagraph=\count281
\c@figure=\count282
\c@table=\count283
\abovecaptionskip=\skip49
\belowcaptionskip=\skip50
\bibindent=\dimen150
)
(C:\Users\Bmd\AppData\Local\Programs\MiKTeX\tex/latex/base\inputenc.sty
Package: inputenc 2024/02/08 v1.3d Input encoding file
\inpenc@prehook=\toks17
\inpenc@posthook=\toks18
)
(C:\Users\Bmd\AppData\Local\Programs\MiKTeX\tex/latex/base\fontenc.sty
Package: fontenc 2025/07/18 v2.1d Standard LaTeX package
)
(C:\Users\Bmd\AppData\Local\Programs\MiKTeX\tex/generic/babel\babel.sty
Package: babel 2026/06/14 v26.9 The multilingual framework for LuaLaTeX, pdfLaT
eX and XeLaTeX
\babel@savecnt=\count284
LaTeX Encoding Info:    Redeclaring text command \ij (encoding OT1) on input li
ne 2084.
LaTeX Encoding Info:    Redeclaring text command \IJ (encoding OT1) on input li
ne 2086.
LaTeX Encoding Info:    Redeclaring text command \ij (encoding T1) on input lin
e 2088.
LaTeX Encoding Info:    Redeclaring text command \IJ (encoding T1) on input lin
e 2089.
LaTeX Encoding Info:    Ignoring declaration for text command \ij (encoding ?) 
on input line 2090.
LaTeX Encoding Info:    Ignoring declaration for text command \IJ (encoding ?) 
on input line 2092.
LaTeX Encoding Info:    Ignoring declaration for text command \SS (encoding ?) 
on input line 2117.
\U@D=\dimen151
\l@unhyphenated=\language79

(C:\Users\Bmd\AppData\Local\Programs\MiKTeX\tex/generic/babel\txtbabel.def)
\bbl@readstream=\read2
\bbl@dirlevel=\count285
Package babel Info: Configuration files are deprecated, as
(babel)             they can break document portability.
(babel)             Reported on input line 4252.

*************************************
* Local config file bblopts.cfg used
*
(C:\Users\Bmd\AppData\Local\Programs\MiKTeX\tex/latex/arabi\bblopts.cfg
File: bblopts.cfg 2005/09/08 v0.1 add Arabic and Farsi to "declared" options of
 babel
)
(C:\Users\Bmd\AppData\Local\Programs\MiKTeX\tex/generic/babel/locale/fr\babel-f
rench.tex)
Package babel Info: Importing font and identification data for 'french'
(babel)             from babel-fr.ini. Reported on input line 4380.

(C:\Users\Bmd\AppData\Local\Programs\MiKTeX\tex/generic/babel-french\french.ldf
Language: french 2026-06-06 v4.1a French support from the babel system

(C:\Users\Bmd\AppData\Local\Programs\MiKTeX\tex/generic/babel-french\french3.ld
f
Language: french 2026-06-06 v3.7f French support from the babel system
\FB@stdchar=\count286
Package babel Info: Making : an active character on input line 266.
Package babel Info: Making ; an active character on input line 267.
Package babel Info: Making ! an active character on input line 268.
Package babel Info: Making ? an active character on input line 269.
\FBguill@level=\count287
\FBold@everypar=\toks19
\FB@Mht=\dimen152
\mc@charclass=\count288
\mc@charfam=\count289
\mc@charslot=\count290
\std@mcc=\count291
\dec@mcc=\count292
\listindentFB=\dimen153
\descindentFB=\dimen154
\labelwidthFB=\dimen155
\labelfullwidthFB=\dimen156
\FB@pardim=\dimen157
\parindentFFN=\dimen158
\FBfnindent=\dimen159
)))
(C:\Users\Bmd\AppData\Local\Programs\MiKTeX\tex/latex/carlisle\scalefnt.sty)
(C:\Users\Bmd\AppData\Local\Programs\MiKTeX\tex/latex/csquotes\csquotes.sty
Package: csquotes 2026-05-19 v5.2p context-sensitive quotations (JAW)

(C:\Users\Bmd\AppData\Local\Programs\MiKTeX\tex/latex/etoolbox\etoolbox.sty
Package: etoolbox 2025/10/02 v2.5m e-TeX tools for LaTeX (JAW)
\etb@tempcnta=\count293
)
(C:\Users\Bmd\AppData\Local\Programs\MiKTeX\tex/latex/graphics\keyval.sty
Package: keyval 2026-05-17 v1.15 key=value parser (DPC)
\KV@toks@=\toks20
)
\csq@reset=\count294
\csq@gtype=\count295
\csq@glevel=\count296
\csq@qlevel=\count297
\csq@maxlvl=\count298
\csq@tshold=\count299
\csq@ltx@everypar=\toks21

(C:\Users\Bmd\AppData\Local\Programs\MiKTeX\tex/latex/csquotes\csquotes.def
File: csquotes.def 2026-05-19 v5.2p csquotes generic definitions (JAW)
)
Package csquotes Info: Trying to load configuration file 'csquotes.cfg'...
Package csquotes Info: ... configuration file loaded successfully.

(C:\Users\Bmd\AppData\Local\Programs\MiKTeX\tex/latex/csquotes\csquotes.cfg
File: csquotes.cfg 
))
(C:\Users\Bmd\AppData\Local\Programs\MiKTeX\tex/latex/geometry\geometry.sty
Package: geometry 2026/03/07 v6.0 Page Geometry

(C:\Users\Bmd\AppData\Local\Programs\MiKTeX\tex/generic/iftex\ifvtex.sty
Package: ifvtex 2019/10/25 v1.7 ifvtex legacy package. Use iftex instead.

(C:\Users\Bmd\AppData\Local\Programs\MiKTeX\tex/generic/iftex\iftex.sty
Package: iftex 2024/12/12 v1.0g TeX engine tests
))
\Gm@cnth=\count300
\Gm@cntv=\count301
\c@Gm@tempcnt=\count302
\Gm@bindingoffset=\dimen160
\Gm@wd@mp=\dimen161
\Gm@odd@mp=\dimen162
\Gm@even@mp=\dimen163
\Gm@layoutwidth=\dimen164
\Gm@layoutheight=\dimen165
\Gm@layouthoffset=\dimen166
\Gm@layoutvoffset=\dimen167
\Gm@dimlist=\toks22

(C:\Users\Bmd\AppData\Local\Programs\MiKTeX\tex/latex/geometry\geometry.cfg))
(C:\Users\Bmd\AppData\Local\Programs\MiKTeX\tex/latex/setspace\setspace.sty
Package: setspace 2022/12/04 v6.7b set line spacing
)
(C:\Users\Bmd\AppData\Local\Programs\MiKTeX\tex/latex/lm\lmodern.sty
Package: lmodern 2015/05/01 v1.6.1 Latin Modern Fonts
LaTeX Font Info:    Overwriting symbol font `operators' in version `normal'
(Font)                  OT1/cmr/m/n --> OT1/lmr/m/n on input line 22.
LaTeX Font Info:    Overwriting symbol font `letters' in version `normal'
(Font)                  OML/cmm/m/it --> OML/lmm/m/it on input line 23.
LaTeX Font Info:    Overwriting symbol font `symbols' in version `normal'
(Font)                  OMS/cmsy/m/n --> OMS/lmsy/m/n on input line 24.
LaTeX Font Info:    Overwriting symbol font `largesymbols' in version `normal'
(Font)                  OMX/cmex/m/n --> OMX/lmex/m/n on input line 25.
LaTeX Font Info:    Overwriting symbol font `operators' in version `bold'
(Font)                  OT1/cmr/bx/n --> OT1/lmr/bx/n on input line 26.
LaTeX Font Info:    Overwriting symbol font `letters' in version `bold'
(Font)                  OML/cmm/b/it --> OML/lmm/b/it on input line 27.
LaTeX Font Info:    Overwriting symbol font `symbols' in version `bold'
(Font)                  OMS/cmsy/b/n --> OMS/lmsy/b/n on input line 28.
LaTeX Font Info:    Overwriting symbol font `largesymbols' in version `bold'
(Font)                  OMX/cmex/m/n --> OMX/lmex/m/n on input line 29.
LaTeX Font Info:    Overwriting math alphabet `\mathbf' in version `normal'
(Font)                  OT1/cmr/bx/n --> OT1/lmr/bx/n on input line 31.
LaTeX Font Info:    Overwriting math alphabet `\mathsf' in version `normal'
(Font)                  OT1/cmss/m/n --> OT1/lmss/m/n on input line 32.
LaTeX Font Info:    Overwriting math alphabet `\mathit' in version `normal'
(Font)                  OT1/cmr/m/it --> OT1/lmr/m/it on input line 33.
LaTeX Font Info:    Overwriting math alphabet `\mathtt' in version `normal'
(Font)                  OT1/cmtt/m/n --> OT1/lmtt/m/n on input line 34.
LaTeX Font Info:    Overwriting math alphabet `\mathbf' in version `bold'
(Font)                  OT1/cmr/bx/n --> OT1/lmr/bx/n on input line 35.
LaTeX Font Info:    Overwriting math alphabet `\mathsf' in version `bold'
(Font)                  OT1/cmss/bx/n --> OT1/lmss/bx/n on input line 36.
LaTeX Font Info:    Overwriting math alphabet `\mathit' in version `bold'
(Font)                  OT1/cmr/bx/it --> OT1/lmr/bx/it on input line 37.
LaTeX Font Info:    Overwriting math alphabet `\mathtt' in version `bold'
(Font)                  OT1/cmtt/m/n --> OT1/lmtt/m/n on input line 38.
)
(C:\Users\Bmd\AppData\Local\Programs\MiKTeX\tex/latex/microtype\microtype.sty
Package: microtype 2026/03/01 v3.2d Micro-typographical refinements (RS)
\MT@toks=\toks23
\MT@tempbox=\box53
\MT@count=\count303
LaTeX Info: Redefining \noprotrusionifhmode on input line 1084.
LaTeX Info: Redefining \leftprotrusion on input line 1085.
\MT@prot@toks=\toks24
LaTeX Info: Redefining \rightprotrusion on input line 1104.
LaTeX Info: Redefining \textls on input line 1449.
\MT@outer@kern=\dimen168
LaTeX Info: Redefining \microtypecontext on input line 2053.
LaTeX Info: Redefining \textmicrotypecontext on input line 2070.
\MT@listname@count=\count304

(C:\Users\Bmd\AppData\Local\Programs\MiKTeX\tex/latex/microtype\microtype-pdfte
x.def
File: microtype-pdftex.def 2026/03/01 v3.2d Definitions specific to pdftex (RS)

LaTeX Info: Redefining \lsstyle on input line 944.
LaTeX Info: Redefining \lslig on input line 944.
\MT@outer@space=\skip51
)
Package microtype Info: Loading configuration file microtype.cfg.

(C:\Users\Bmd\AppData\Local\Programs\MiKTeX\tex/latex/microtype\microtype.cfg
File: microtype.cfg 2026/03/01 v3.2d microtype main configuration file (RS)
)
LaTeX Info: Redefining \microtypesetup on input line 3065.
) (C:\Users\Bmd\AppData\Local\Programs\MiKTeX\tex/latex/fancyhdr\fancyhdr.sty
Package: fancyhdr 2025/02/07 v5.2 Extensive control of page headers and footers

\f@nch@headwidth=\skip52
\f@nch@offset@elh=\skip53
\f@nch@offset@erh=\skip54
\f@nch@offset@olh=\skip55
\f@nch@offset@orh=\skip56
\f@nch@offset@elf=\skip57
\f@nch@offset@erf=\skip58
\f@nch@offset@olf=\skip59
\f@nch@offset@orf=\skip60
\f@nch@height=\skip61
\f@nch@footalignment=\skip62
\f@nch@widthL=\skip63
\f@nch@widthC=\skip64
\f@nch@widthR=\skip65
\@temptokenb=\toks25
)
(C:\Users\Bmd\AppData\Local\Programs\MiKTeX\tex/latex/xcolor\xcolor.sty
Package: xcolor 2024/09/29 v3.02 LaTeX color extensions (UK)

(C:\Users\Bmd\AppData\Local\Programs\MiKTeX\tex/latex/graphics-cfg\color.cfg
File: color.cfg 2016/01/02 v1.6 sample color configuration
)
Package xcolor Info: Driver file: pdftex.def on input line 274.

(C:\Users\Bmd\AppData\Local\Programs\MiKTeX\tex/latex/graphics-def\pdftex.def
File: pdftex.def 2025/09/29 v1.2d Graphics/color driver for pdftex
)
(C:\Users\Bmd\AppData\Local\Programs\MiKTeX\tex/latex/graphics\mathcolor.ltx)
Package xcolor Info: Model `cmy' substituted by `cmy0' on input line 1349.
Package xcolor Info: Model `hsb' substituted by `rgb' on input line 1353.
Package xcolor Info: Model `RGB' extended on input line 1365.
Package xcolor Info: Model `HTML' substituted by `rgb' on input line 1367.
Package xcolor Info: Model `Hsb' substituted by `hsb' on input line 1368.
Package xcolor Info: Model `tHsb' substituted by `hsb' on input line 1369.
Package xcolor Info: Model `HSB' substituted by `hsb' on input line 1370.
Package xcolor Info: Model `Gray' substituted by `gray' on input line 1371.
Package xcolor Info: Model `wave' substituted by `hsb' on input line 1372.
)
(C:\Users\Bmd\AppData\Local\Programs\MiKTeX\tex/latex/titlesec\titlesec.sty
Package: titlesec 2025/01/04 v2.17 Sectioning titles
\ttl@box=\box54
\beforetitleunit=\skip66
\aftertitleunit=\skip67
\ttl@plus=\dimen169
\ttl@minus=\dimen170
\ttl@toksa=\toks26
\titlewidth=\dimen171
\titlewidthlast=\dimen172
\titlewidthfirst=\dimen173
)
\c@ttlp@side=\count305
\ttlp@side=\count306

(C:\Users\Bmd\AppData\Local\Programs\MiKTeX\tex/latex/pgf/frontendlayer\tikz.st
y (C:\Users\Bmd\AppData\Local\Programs\MiKTeX\tex/latex/pgf/basiclayer\pgf.sty
(C:\Users\Bmd\AppData\Local\Programs\MiKTeX\tex/latex/pgf/utilities\pgfrcs.sty
(C:\Users\Bmd\AppData\Local\Programs\MiKTeX\tex/generic/pgf/utilities\pgfutil-c
ommon.tex
\pgfutil@everybye=\toks27
\pgfutil@tempdima=\dimen174
\pgfutil@tempdimb=\dimen175
)
(C:\Users\Bmd\AppData\Local\Programs\MiKTeX\tex/generic/pgf/utilities\pgfutil-l
atex.def
\pgfutil@abb=\box55
)
(C:\Users\Bmd\AppData\Local\Programs\MiKTeX\tex/generic/pgf/utilities\pgfrcs.co
de.tex
(C:\Users\Bmd\AppData\Local\Programs\MiKTeX\tex/generic/pgf\pgf.revision.tex)
Package: pgfrcs 2025-08-29 v3.1.11a (3.1.11a)
))
Package: pgf 2025-08-29 v3.1.11a (3.1.11a)

(C:\Users\Bmd\AppData\Local\Programs\MiKTeX\tex/latex/pgf/basiclayer\pgfcore.st
y (C:\Users\Bmd\AppData\Local\Programs\MiKTeX\tex/latex/graphics\graphicx.sty
Package: graphicx 2026-05-17 v1.2e Enhanced LaTeX Graphics (DPC,SPQR)

(C:\Users\Bmd\AppData\Local\Programs\MiKTeX\tex/latex/graphics\graphics.sty
Package: graphics 2026-05-17 v1.4h Standard LaTeX Graphics (DPC,SPQR)

(C:\Users\Bmd\AppData\Local\Programs\MiKTeX\tex/latex/graphics\trig.sty
Package: trig 2023/12/02 v1.11 sin cos tan (DPC)
)
(C:\Users\Bmd\AppData\Local\Programs\MiKTeX\tex/latex/graphics-cfg\graphics.cfg
File: graphics.cfg 2016/06/04 v1.11 sample graphics configuration
)
Package graphics Info: Driver file: pdftex.def on input line 106.
)
\Gin@req@height=\dimen176
\Gin@req@width=\dimen177
)
(C:\Users\Bmd\AppData\Local\Programs\MiKTeX\tex/latex/pgf/systemlayer\pgfsys.st
y
(C:\Users\Bmd\AppData\Local\Programs\MiKTeX\tex/generic/pgf/systemlayer\pgfsys.
code.tex
Package: pgfsys 2025-08-29 v3.1.11a (3.1.11a)

(C:\Users\Bmd\AppData\Local\Programs\MiKTeX\tex/generic/pgf/utilities\pgfkeys.c
ode.tex
\pgfkeys@pathtoks=\toks28
\pgfkeys@temptoks=\toks29

(C:\Users\Bmd\AppData\Local\Programs\MiKTeX\tex/generic/pgf/utilities\pgfkeysli
braryfiltered.code.tex
\pgfkeys@tmptoks=\toks30
))
\pgf@x=\dimen178
\pgf@y=\dimen179
\pgf@xa=\dimen180
\pgf@ya=\dimen181
\pgf@xb=\dimen182
\pgf@yb=\dimen183
\pgf@xc=\dimen184
\pgf@yc=\dimen185
\pgf@xd=\dimen186
\pgf@yd=\dimen187
\w@pgf@writea=\write3
\r@pgf@reada=\read3
\c@pgf@counta=\count307
\c@pgf@countb=\count308
\c@pgf@countc=\count309
\c@pgf@countd=\count310
\t@pgf@toka=\toks31
\t@pgf@tokb=\toks32
\t@pgf@tokc=\toks33
\pgf@sys@id@count=\count311

(C:\Users\Bmd\AppData\Local\Programs\MiKTeX\tex/generic/pgf/systemlayer\pgf.cfg
File: pgf.cfg 2025-08-29 v3.1.11a (3.1.11a)
)
Driver file for pgf: pgfsys-pdftex.def

(C:\Users\Bmd\AppData\Local\Programs\MiKTeX\tex/generic/pgf/systemlayer\pgfsys-
pdftex.def
File: pgfsys-pdftex.def 2025-08-29 v3.1.11a (3.1.11a)

(C:\Users\Bmd\AppData\Local\Programs\MiKTeX\tex/generic/pgf/systemlayer\pgfsys-
common-pdf.def
File: pgfsys-common-pdf.def 2025-08-29 v3.1.11a (3.1.11a)
)))
(C:\Users\Bmd\AppData\Local\Programs\MiKTeX\tex/generic/pgf/systemlayer\pgfsyss
oftpath.code.tex
File: pgfsyssoftpath.code.tex 2025-08-29 v3.1.11a (3.1.11a)
\pgfsyssoftpath@smallbuffer@items=\count312
\pgfsyssoftpath@bigbuffer@items=\count313
)
(C:\Users\Bmd\AppData\Local\Programs\MiKTeX\tex/generic/pgf/systemlayer\pgfsysp
rotocol.code.tex
File: pgfsysprotocol.code.tex 2025-08-29 v3.1.11a (3.1.11a)
))
(C:\Users\Bmd\AppData\Local\Programs\MiKTeX\tex/generic/pgf/basiclayer\pgfcore.
code.tex
Package: pgfcore 2025-08-29 v3.1.11a (3.1.11a)

(C:\Users\Bmd\AppData\Local\Programs\MiKTeX\tex/generic/pgf/math\pgfmath.code.t
ex
(C:\Users\Bmd\AppData\Local\Programs\MiKTeX\tex/generic/pgf/math\pgfmathutil.co
de.tex)
(C:\Users\Bmd\AppData\Local\Programs\MiKTeX\tex/generic/pgf/math\pgfmathparser.
code.tex
\pgfmath@dimen=\dimen188
\pgfmath@count=\count314
\pgfmath@box=\box56
\pgfmath@toks=\toks34
\pgfmath@stack@operand=\toks35
\pgfmath@stack@operation=\toks36
)
(C:\Users\Bmd\AppData\Local\Programs\MiKTeX\tex/generic/pgf/math\pgfmathfunctio
ns.code.tex)
(C:\Users\Bmd\AppData\Local\Programs\MiKTeX\tex/generic/pgf/math\pgfmathfunctio
ns.basic.code.tex)
(C:\Users\Bmd\AppData\Local\Programs\MiKTeX\tex/generic/pgf/math\pgfmathfunctio
ns.trigonometric.code.tex)
(C:\Users\Bmd\AppData\Local\Programs\MiKTeX\tex/generic/pgf/math\pgfmathfunctio
ns.random.code.tex)
(C:\Users\Bmd\AppData\Local\Programs\MiKTeX\tex/generic/pgf/math\pgfmathfunctio
ns.comparison.code.tex)
(C:\Users\Bmd\AppData\Local\Programs\MiKTeX\tex/generic/pgf/math\pgfmathfunctio
ns.base.code.tex)
(C:\Users\Bmd\AppData\Local\Programs\MiKTeX\tex/generic/pgf/math\pgfmathfunctio
ns.round.code.tex)
(C:\Users\Bmd\AppData\Local\Programs\MiKTeX\tex/generic/pgf/math\pgfmathfunctio
ns.misc.code.tex)
(C:\Users\Bmd\AppData\Local\Programs\MiKTeX\tex/generic/pgf/math\pgfmathfunctio
ns.integerarithmetics.code.tex)
(C:\Users\Bmd\AppData\Local\Programs\MiKTeX\tex/generic/pgf/math\pgfmathcalc.co
de.tex)
(C:\Users\Bmd\AppData\Local\Programs\MiKTeX\tex/generic/pgf/math\pgfmathfloat.c
ode.tex
\c@pgfmathroundto@lastzeros=\count315
))
(C:\Users\Bmd\AppData\Local\Programs\MiKTeX\tex/generic/pgf/math\pgfint.code.te
x)
(C:\Users\Bmd\AppData\Local\Programs\MiKTeX\tex/generic/pgf/basiclayer\pgfcorep
oints.code.tex
File: pgfcorepoints.code.tex 2025-08-29 v3.1.11a (3.1.11a)
\pgf@picminx=\dimen189
\pgf@picmaxx=\dimen190
\pgf@picminy=\dimen191
\pgf@picmaxy=\dimen192
\pgf@pathminx=\dimen193
\pgf@pathmaxx=\dimen194
\pgf@pathminy=\dimen195
\pgf@pathmaxy=\dimen196
\pgf@xx=\dimen197
\pgf@xy=\dimen198
\pgf@yx=\dimen199
\pgf@yy=\dimen256
\pgf@zx=\dimen257
\pgf@zy=\dimen258
)
(C:\Users\Bmd\AppData\Local\Programs\MiKTeX\tex/generic/pgf/basiclayer\pgfcorep
athconstruct.code.tex
File: pgfcorepathconstruct.code.tex 2025-08-29 v3.1.11a (3.1.11a)
\pgf@path@lastx=\dimen259
\pgf@path@lasty=\dimen260
)
(C:\Users\Bmd\AppData\Local\Programs\MiKTeX\tex/generic/pgf/basiclayer\pgfcorep
athusage.code.tex
File: pgfcorepathusage.code.tex 2025-08-29 v3.1.11a (3.1.11a)
\pgf@shorten@end@additional=\dimen261
\pgf@shorten@start@additional=\dimen262
)
(C:\Users\Bmd\AppData\Local\Programs\MiKTeX\tex/generic/pgf/basiclayer\pgfcores
copes.code.tex
File: pgfcorescopes.code.tex 2025-08-29 v3.1.11a (3.1.11a)
\pgfpic=\box57
\pgf@hbox=\box58
\pgf@layerbox@main=\box59
\pgf@picture@serial@count=\count316
)
(C:\Users\Bmd\AppData\Local\Programs\MiKTeX\tex/generic/pgf/basiclayer\pgfcoreg
raphicstate.code.tex
File: pgfcoregraphicstate.code.tex 2025-08-29 v3.1.11a (3.1.11a)
\pgflinewidth=\dimen263
)
(C:\Users\Bmd\AppData\Local\Programs\MiKTeX\tex/generic/pgf/basiclayer\pgfcoret
ransformations.code.tex
File: pgfcoretransformations.code.tex 2025-08-29 v3.1.11a (3.1.11a)
\pgf@pt@x=\dimen264
\pgf@pt@y=\dimen265
\pgf@pt@temp=\dimen266
)
(C:\Users\Bmd\AppData\Local\Programs\MiKTeX\tex/generic/pgf/basiclayer\pgfcoreq
uick.code.tex
File: pgfcorequick.code.tex 2025-08-29 v3.1.11a (3.1.11a)
)
(C:\Users\Bmd\AppData\Local\Programs\MiKTeX\tex/generic/pgf/basiclayer\pgfcoreo
bjects.code.tex
File: pgfcoreobjects.code.tex 2025-08-29 v3.1.11a (3.1.11a)
)
(C:\Users\Bmd\AppData\Local\Programs\MiKTeX\tex/generic/pgf/basiclayer\pgfcorep
athprocessing.code.tex
File: pgfcorepathprocessing.code.tex 2025-08-29 v3.1.11a (3.1.11a)
)
(C:\Users\Bmd\AppData\Local\Programs\MiKTeX\tex/generic/pgf/basiclayer\pgfcorea
rrows.code.tex
File: pgfcorearrows.code.tex 2025-08-29 v3.1.11a (3.1.11a)
\pgfarrowsep=\dimen267
)
(C:\Users\Bmd\AppData\Local\Programs\MiKTeX\tex/generic/pgf/basiclayer\pgfcores
hade.code.tex
File: pgfcoreshade.code.tex 2025-08-29 v3.1.11a (3.1.11a)
\pgf@max=\dimen268
\pgf@sys@shading@range@num=\count317
\pgf@shadingcount=\count318
)
(C:\Users\Bmd\AppData\Local\Programs\MiKTeX\tex/generic/pgf/basiclayer\pgfcorei
mage.code.tex
File: pgfcoreimage.code.tex 2025-08-29 v3.1.11a (3.1.11a)
)
(C:\Users\Bmd\AppData\Local\Programs\MiKTeX\tex/generic/pgf/basiclayer\pgfcoree
xternal.code.tex
File: pgfcoreexternal.code.tex 2025-08-29 v3.1.11a (3.1.11a)
\pgfexternal@startupbox=\box60
)
(C:\Users\Bmd\AppData\Local\Programs\MiKTeX\tex/generic/pgf/basiclayer\pgfcorel
ayers.code.tex
File: pgfcorelayers.code.tex 2025-08-29 v3.1.11a (3.1.11a)
)
(C:\Users\Bmd\AppData\Local\Programs\MiKTeX\tex/generic/pgf/basiclayer\pgfcoret
ransparency.code.tex
File: pgfcoretransparency.code.tex 2025-08-29 v3.1.11a (3.1.11a)
)
(C:\Users\Bmd\AppData\Local\Programs\MiKTeX\tex/generic/pgf/basiclayer\pgfcorep
atterns.code.tex
File: pgfcorepatterns.code.tex 2025-08-29 v3.1.11a (3.1.11a)
)
(C:\Users\Bmd\AppData\Local\Programs\MiKTeX\tex/generic/pgf/basiclayer\pgfcorer
df.code.tex
File: pgfcorerdf.code.tex 2025-08-29 v3.1.11a (3.1.11a)
)))
(C:\Users\Bmd\AppData\Local\Programs\MiKTeX\tex/generic/pgf/modules\pgfmodulesh
apes.code.tex
File: pgfmoduleshapes.code.tex 2025-08-29 v3.1.11a (3.1.11a)
\pgfnodeparttextbox=\box61
)
(C:\Users\Bmd\AppData\Local\Programs\MiKTeX\tex/generic/pgf/modules\pgfmodulepl
ot.code.tex
File: pgfmoduleplot.code.tex 2025-08-29 v3.1.11a (3.1.11a)
)
(C:\Users\Bmd\AppData\Local\Programs\MiKTeX\tex/latex/pgf/compatibility\pgfcomp
-version-0-65.sty
Package: pgfcomp-version-0-65 2025-08-29 v3.1.11a (3.1.11a)
\pgf@nodesepstart=\dimen269
\pgf@nodesepend=\dimen270
)
(C:\Users\Bmd\AppData\Local\Programs\MiKTeX\tex/latex/pgf/compatibility\pgfcomp
-version-1-18.sty
Package: pgfcomp-version-1-18 2025-08-29 v3.1.11a (3.1.11a)
))
(C:\Users\Bmd\AppData\Local\Programs\MiKTeX\tex/latex/pgf/utilities\pgffor.sty
(C:\Users\Bmd\AppData\Local\Programs\MiKTeX\tex/latex/pgf/utilities\pgfkeys.sty

(C:\Users\Bmd\AppData\Local\Programs\MiKTeX\tex/generic/pgf/utilities\pgfkeys.c
ode.tex))
(C:\Users\Bmd\AppData\Local\Programs\MiKTeX\tex/latex/pgf/math\pgfmath.sty
(C:\Users\Bmd\AppData\Local\Programs\MiKTeX\tex/generic/pgf/math\pgfmath.code.t
ex))
(C:\Users\Bmd\AppData\Local\Programs\MiKTeX\tex/generic/pgf/utilities\pgffor.co
de.tex
Package: pgffor 2025-08-29 v3.1.11a (3.1.11a)
\pgffor@iter=\dimen271
\pgffor@skip=\dimen272
\pgffor@stack=\toks37
\pgffor@toks=\toks38
))
(C:\Users\Bmd\AppData\Local\Programs\MiKTeX\tex/generic/pgf/frontendlayer/tikz\
tikz.code.tex
Package: tikz 2025-08-29 v3.1.11a (3.1.11a)

(C:\Users\Bmd\AppData\Local\Programs\MiKTeX\tex/generic/pgf/libraries\pgflibrar
yplothandlers.code.tex
File: pgflibraryplothandlers.code.tex 2025-08-29 v3.1.11a (3.1.11a)
\pgf@plot@mark@count=\count319
\pgfplotmarksize=\dimen273
)
\tikz@lastx=\dimen274
\tikz@lasty=\dimen275
\tikz@lastxsaved=\dimen276
\tikz@lastysaved=\dimen277
\tikz@lastmovetox=\dimen278
\tikz@lastmovetoy=\dimen279
\tikzleveldistance=\dimen280
\tikzsiblingdistance=\dimen281
\tikz@figbox=\box62
\tikz@figbox@bg=\box63
\tikz@tempbox=\box64
\tikz@tempbox@bg=\box65
\tikztreelevel=\count320
\tikznumberofchildren=\count321
\tikznumberofcurrentchild=\count322
\tikz@fig@count=\count323

(C:\Users\Bmd\AppData\Local\Programs\MiKTeX\tex/generic/pgf/modules\pgfmodulema
trix.code.tex
File: pgfmodulematrix.code.tex 2025-08-29 v3.1.11a (3.1.11a)
\pgfmatrixcurrentrow=\count324
\pgfmatrixcurrentcolumn=\count325
\pgf@matrix@numberofcolumns=\count326
)
\tikz@expandcount=\count327

(C:\Users\Bmd\AppData\Local\Programs\MiKTeX\tex/generic/pgf/frontendlayer/tikz/
libraries\tikzlibrarytopaths.code.tex
File: tikzlibrarytopaths.code.tex 2025-08-29 v3.1.11a (3.1.11a)
)))
(C:\Users\Bmd\AppData\Local\Programs\MiKTeX\tex/latex/background\background.sty
Package: background 2014/03/04 v2.1 background material
(C:\Users\Bmd\AppData\Local\Programs\MiKTeX\tex/latex/xkeyval\xkeyval.sty
Package: xkeyval 2022/06/16 v2.9 package option processing (HA)

(C:\Users\Bmd\AppData\Local\Programs\MiKTeX\tex/generic/xkeyval\xkeyval.tex
(C:\Users\Bmd\AppData\Local\Programs\MiKTeX\tex/generic/xkeyval\xkvutils.tex
\XKV@toks=\toks39
\XKV@tempa@toks=\toks40
)
\XKV@depth=\count328
File: xkeyval.tex 2014/12/03 v2.7a key=value parser (HA)
)) (C:\Users\Bmd\AppData\Local\Programs\MiKTeX\tex/latex/everypage\everypage.st
y
Package: everypage 2020/10/17 R2.0b Hooks to run on every page


Package everypage Warning: Functionality similar to this package has recently
(everypage)                been implemented in LaTeX. This package is now in
(everypage)                legacy status.
(everypage)                Please, don't use it in new documents and packages.


Package everypage Warning: You appear to be running a version of LaTeX
(everypage)                providing the new functionality.
(everypage)                Doing the best to deliver the original `everypage`
(everypage)                interface on top of it. Strict equivalence is
(everypage)                not possible, breakage may occur.
(everypage)                If truly needed, Use `everypage-1x` to force the
(everypage)                loading of an older code base.

) (C:\Users\Bmd\AppData\Local\Programs\MiKTeX\tex/latex/tools\afterpage.sty
Package: afterpage 2023/07/04 v1.08 After-Page Package (DPC)
\AP@output=\toks41
\AP@partial=\box66
\AP@footins=\box67
))
(C:\Users\Bmd\AppData\Local\Programs\MiKTeX\tex/latex/amsmath\amsmath.sty
Package: amsmath 2026/05/19 v2.18d AMS math features
\@mathmargin=\skip68

For additional information on amsmath, use the `?' option.
(C:\Users\Bmd\AppData\Local\Programs\MiKTeX\tex/latex/amsmath\amstext.sty
Package: amstext 2024/11/17 v2.01 AMS text

(C:\Users\Bmd\AppData\Local\Programs\MiKTeX\tex/latex/amsmath\amsgen.sty
File: amsgen.sty 1999/11/30 v2.0 generic functions
\@emptytoks=\toks42
\ex@=\dimen282
))
(C:\Users\Bmd\AppData\Local\Programs\MiKTeX\tex/latex/amsmath\amsbsy.sty
Package: amsbsy 1999/11/29 v1.2d Bold Symbols
\pmbraise@=\dimen283
)
(C:\Users\Bmd\AppData\Local\Programs\MiKTeX\tex/latex/amsmath\amsopn.sty
Package: amsopn 2022/04/08 v2.04 operator names
)
\inf@bad=\count329
LaTeX Info: Redefining \frac on input line 233.
\uproot@=\count330
\leftroot@=\count331
LaTeX Info: Redefining \overline on input line 398.
LaTeX Info: Redefining \colon on input line 409.
\classnum@=\count332
\DOTSCASE@=\count333
LaTeX Info: Redefining \ldots on input line 495.
LaTeX Info: Redefining \dots on input line 498.
LaTeX Info: Redefining \cdots on input line 619.
\Mathstrutbox@=\box68
\strutbox@=\box69
LaTeX Info: Redefining \big on input line 721.
LaTeX Info: Redefining \Big on input line 722.
LaTeX Info: Redefining \bigg on input line 723.
LaTeX Info: Redefining \Bigg on input line 724.
\big@size=\dimen284
LaTeX Font Info:    Redeclaring font encoding OML on input line 742.
LaTeX Font Info:    Redeclaring font encoding OMS on input line 743.
\macc@depth=\count334
LaTeX Info: Redefining \bmod on input line 904.
LaTeX Info: Redefining \pmod on input line 909.
LaTeX Info: Redefining \smash on input line 939.
LaTeX Info: Redefining \relbar on input line 969.
LaTeX Info: Redefining \Relbar on input line 970.
\c@MaxMatrixCols=\count335
\dotsspace@=\muskip17
\c@parentequation=\count336
\dspbrk@lvl=\count337
\tag@help=\toks43
\row@=\count338
\column@=\count339
\maxfields@=\count340
\andhelp@=\toks44
\eqnshift@=\dimen285
\alignsep@=\dimen286
\tagshift@=\dimen287
\tagwidth@=\dimen288
\totwidth@=\dimen289
\lineht@=\dimen290
\@envbody=\toks45
\multlinegap=\skip69
\multlinetaggap=\skip70
\mathdisplay@stack=\toks46
LaTeX Info: Redefining \[ on input line 2965.
LaTeX Info: Redefining \] on input line 2966.
)
(C:\Users\Bmd\AppData\Local\Programs\MiKTeX\tex/latex/amsfonts\amssymb.sty
Package: amssymb 2013/01/14 v3.01 AMS font symbols

(C:\Users\Bmd\AppData\Local\Programs\MiKTeX\tex/latex/amsfonts\amsfonts.sty
Package: amsfonts 2013/01/14 v3.01 Basic AMSFonts support
\symAMSa=\mathgroup4
\symAMSb=\mathgroup5
LaTeX Font Info:    Redeclaring math symbol \hbar on input line 98.
LaTeX Font Info:    Overwriting math alphabet `\mathfrak' in version `bold'
(Font)                  U/euf/m/n --> U/euf/b/n on input line 106.
))
(C:\Users\Bmd\AppData\Local\Programs\MiKTeX\tex/latex/amscls\amsthm.sty
Package: amsthm 2020/05/29 v2.20.6
\thm@style=\toks47
\thm@bodyfont=\toks48
\thm@headfont=\toks49
\thm@notefont=\toks50
\thm@headpunct=\toks51
\thm@preskip=\skip71
\thm@postskip=\skip72
\thm@headsep=\skip73
\dth@everypar=\toks52
)
(C:\Users\Bmd\AppData\Local\Programs\MiKTeX\tex/latex/mathtools\mathtools.sty
Package: mathtools 2024/10/04 v1.31 mathematical typesetting tools

(C:\Users\Bmd\AppData\Local\Programs\MiKTeX\tex/latex/tools\calc.sty
Package: calc 2025/03/01 v4.3b Infix arithmetic (KKT,FJ)
\calc@Acount=\count341
\calc@Bcount=\count342
\calc@Adimen=\dimen291
\calc@Bdimen=\dimen292
\calc@Askip=\skip74
\calc@Bskip=\skip75
LaTeX Info: Redefining \setlength on input line 86.
LaTeX Info: Redefining \addtolength on input line 87.
\calc@Ccount=\count343
\calc@Cskip=\skip76
)
(C:\Users\Bmd\AppData\Local\Programs\MiKTeX\tex/latex/mathtools\mhsetup.sty
Package: mhsetup 2021/03/18 v1.4 programming setup (MH)
)
\g_MT_multlinerow_int=\count344
\l_MT_multwidth_dim=\dimen293
\origjot=\skip77
\l_MT_shortvdotswithinadjustabove_dim=\dimen294
\l_MT_shortvdotswithinadjustbelow_dim=\dimen295
\l_MT_above_intertext_sep=\dimen296
\l_MT_below_intertext_sep=\dimen297
\l_MT_above_shortintertext_sep=\dimen298
\l_MT_below_shortintertext_sep=\dimen299
\xmathstrut@box=\box70
\xmathstrut@dim=\dimen300
)
(C:\Users\Bmd\AppData\Local\Programs\MiKTeX\tex/latex/tools\bm.sty
Package: bm 2025/10/21 v1.2g Bold Symbol Support (DPC/FMi)
\symboldoperators=\mathgroup6
\symboldletters=\mathgroup7
\symboldsymbols=\mathgroup8
Package bm Info: No bold for \OMX/lmex/m/n, using \pmb.
Package bm Info: No bold for \U/msa/m/n, using \pmb.
Package bm Info: No bold for \U/msb/m/n, using \pmb.
LaTeX Font Info:    Redeclaring math alphabet \mathbf on input line 149.
)
(C:\Users\Bmd\AppData\Local\Programs\MiKTeX\tex/latex/float\float.sty
Package: float 2001/11/08 v1.3d Float enhancements (AL)
\c@float@type=\count345
\float@exts=\toks53
\float@box=\box71
\@float@everytoks=\toks54
\@floatcapt=\box72
)
(C:\Users\Bmd\AppData\Local\Programs\MiKTeX\tex/latex/subfigure\subfigure.sty
Package: subfigure 2002/07/30 v2.1.4 subfigure package
\subfigtopskip=\skip78
\subfigcapskip=\skip79
\subfigcaptopadj=\dimen301
\subfigbottomskip=\skip80
\subfigcapmargin=\dimen302
\subfiglabelskip=\skip81
\c@subfigure=\count346
\c@lofdepth=\count347
\c@subtable=\count348
\c@lotdepth=\count349

****************************************
* Local config file subfigure.cfg used *
****************************************
(C:\Users\Bmd\AppData\Local\Programs\MiKTeX\tex/latex/subfigure\subfigure.cfg)
\subfig@top=\skip82
\subfig@bottom=\skip83
) (C:\Users\Bmd\AppData\Local\Programs\MiKTeX\tex/latex/booktabs\booktabs.sty
Package: booktabs 2020/01/12 v1.61803398 Publication quality tables
\heavyrulewidth=\dimen303
\lightrulewidth=\dimen304
\cmidrulewidth=\dimen305
\belowrulesep=\dimen306
\belowbottomsep=\dimen307
\aboverulesep=\dimen308
\abovetopsep=\dimen309
\cmidrulesep=\dimen310
\cmidrulekern=\dimen311
\defaultaddspace=\dimen312
\@cmidla=\count350
\@cmidlb=\count351
\@aboverulesep=\dimen313
\@belowrulesep=\dimen314
\@thisruleclass=\count352
\@lastruleclass=\count353
\@thisrulewidth=\dimen315
)
(C:\Users\Bmd\AppData\Local\Programs\MiKTeX\tex/latex/tools\longtable.sty
Package: longtable 2026-01-28 v4.27 Multi-page Table package (DPC)
\LTleft=\skip84
\LTright=\skip85
\LTpre=\skip86
\LTpost=\skip87
\LTchunksize=\count354
\LTcapwidth=\dimen316
\LT@head=\box73
\LT@firsthead=\box74
\LT@foot=\box75
\LT@lastfoot=\box76
\LT@gbox=\box77
\LT@cols=\count355
\LT@rows=\count356
\c@LT@tables=\count357
\c@LT@chunks=\count358
\LT@p@ftn=\toks55
)
(C:\Users\Bmd\AppData\Local\Programs\MiKTeX\tex/latex/tools\array.sty
Package: array 2026/02/24 v2.7b Tabular extension package (FMi)
\col@sep=\dimen317
\ar@mcellbox=\box78
\extrarowheight=\dimen318
\NC@list=\toks56
\extratabsurround=\skip88
\backup@length=\skip89
\ar@cellbox=\box79
)
(C:\Users\Bmd\AppData\Local\Programs\MiKTeX\tex/latex/multirow\multirow.sty
Package: multirow 2024/11/12 v2.9 Span multiple rows of a table
\multirow@colwidth=\skip90
\multirow@cntb=\count359
\multirow@dima=\skip91
\bigstrutjot=\dimen319
)
(C:\Users\Bmd\AppData\Local\Programs\MiKTeX\tex/latex/caption\caption.sty
Package: caption 2023/08/05 v3.6o Customizing captions (AR)

(C:\Users\Bmd\AppData\Local\Programs\MiKTeX\tex/latex/caption\caption3.sty
Package: caption3 2023/07/31 v2.4d caption3 kernel (AR)
\caption@tempdima=\dimen320
\captionmargin=\dimen321
\caption@leftmargin=\dimen322
\caption@rightmargin=\dimen323
\caption@width=\dimen324
\caption@indent=\dimen325
\caption@parindent=\dimen326
\caption@hangindent=\dimen327
Package caption Info: Standard document class detected.
Package caption Info: french babel package is loaded.
)
\c@caption@flags=\count360
\c@continuedfloat=\count361
Package caption Info: float package is loaded.
Package caption Info: longtable package is loaded.

(C:\Users\Bmd\AppData\Local\Programs\MiKTeX\tex/latex/caption\ltcaption.sty
Package: ltcaption 2021/01/08 v1.4c longtable captions (AR)
)
Package caption Info: subfigure package is loaded.
)
(C:\Users\Bmd\AppData\Local\Programs\MiKTeX\tex/latex/tools\tabularx.sty
Package: tabularx 2023/12/11 v2.12a `tabularx' package (DPC)
\TX@col@width=\dimen328
\TX@old@table=\dimen329
\TX@old@col=\dimen330
\TX@target=\dimen331
\TX@delta=\dimen332
\TX@cols=\count362
\TX@ftn=\toks57
)
(C:\Users\Bmd\AppData\Local\Programs\MiKTeX\tex/latex/threeparttable\threepartt
able.sty
Package: threeparttable 2003/06/13  v 3.0
\@tempboxb=\box80
)
(C:\Users\Bmd\AppData\Local\Programs\MiKTeX\tex/latex/hyperref\hyperref.sty
Package: hyperref 2026-06-17 v7.01r Hypertext links for LaTeX

(C:\Users\Bmd\AppData\Local\Programs\MiKTeX\tex/latex/kvsetkeys\kvsetkeys.sty
Package: kvsetkeys 2022-10-05 v1.19 Key value parser (HO)
)
(C:\Users\Bmd\AppData\Local\Programs\MiKTeX\tex/generic/kvdefinekeys\kvdefineke
ys.sty
Package: kvdefinekeys 2019-12-19 v1.6 Define keys (HO)
)
(C:\Users\Bmd\AppData\Local\Programs\MiKTeX\tex/generic/pdfescape\pdfescape.sty
Package: pdfescape 2019/12/09 v1.15 Implements pdfTeX's escape features (HO)
(C:\Users\Bmd\AppData\Local\Programs\MiKTeX\tex/generic/ltxcmds\ltxcmds.sty
Package: ltxcmds 2023-12-04 v1.26 LaTeX kernel commands for general use (HO)
)
(C:\Users\Bmd\AppData\Local\Programs\MiKTeX\tex/generic/pdftexcmds\pdftexcmds.s
ty
Package: pdftexcmds 2020-06-27 v0.33 Utility functions of pdfTeX for LuaTeX (HO
)

(C:\Users\Bmd\AppData\Local\Programs\MiKTeX\tex/generic/infwarerr\infwarerr.sty
Package: infwarerr 2019/12/03 v1.5 Providing info/warning/error messages (HO)
)
Package pdftexcmds Info: \pdf@primitive is available.
Package pdftexcmds Info: \pdf@ifprimitive is available.
Package pdftexcmds Info: \pdfdraftmode found.
)) (C:\Users\Bmd\AppData\Local\Programs\MiKTeX\tex/latex/hycolor\hycolor.sty
Package: hycolor 2020-01-27 v1.10 Color options for hyperref/bookmark (HO)
)
(C:\Users\Bmd\AppData\Local\Programs\MiKTeX\tex/latex/hyperref\nameref.sty
Package: nameref 2026-01-29 v2.58 Cross-referencing by name of section

(C:\Users\Bmd\AppData\Local\Programs\MiKTeX\tex/latex/refcount\refcount.sty
Package: refcount 2019/12/15 v3.6 Data extraction from label references (HO)
)
(C:\Users\Bmd\AppData\Local\Programs\MiKTeX\tex/generic/gettitlestring\gettitle
string.sty
Package: gettitlestring 2019/12/15 v1.6 Cleanup title references (HO)

(C:\Users\Bmd\AppData\Local\Programs\MiKTeX\tex/latex/kvoptions\kvoptions.sty
Package: kvoptions 2022-06-15 v3.15 Key value format for package options (HO)
))
\c@section@level=\count363
)
(C:\Users\Bmd\AppData\Local\Programs\MiKTeX\tex/generic/stringenc\stringenc.sty
Package: stringenc 2019/11/29 v1.12 Convert strings between diff. encodings (HO
)
)
\@linkdim=\dimen333
\Hy@linkcounter=\count364
\Hy@pagecounter=\count365
 (C:\Users\Bmd\AppData\Local\Programs\MiKTeX\tex/latex/hyperref\pd1enc.def
File: pd1enc.def 2026-06-17 v7.01r Hyperref: PDFDocEncoding definition (HO)
Now handling font encoding PD1 ...
... no UTF-8 mapping file for font encoding PD1
)
(C:\Users\Bmd\AppData\Local\Programs\MiKTeX\tex/generic/intcalc\intcalc.sty
Package: intcalc 2019/12/15 v1.3 Expandable calculations with integers (HO)
)
\Hy@SavedSpaceFactor=\count366

(C:\Users\Bmd\AppData\Local\Programs\MiKTeX\tex/latex/hyperref\puenc.def
File: puenc.def 2026-06-17 v7.01r Hyperref: PDF Unicode definition (HO)
Now handling font encoding PU ...
... no UTF-8 mapping file for font encoding PU
)
Package hyperref Info: Option `colorlinks' set `true' on input line 4070.
Package hyperref Info: Option `bookmarks' set `true' on input line 4070.
Package hyperref Info: Hyper figures OFF on input line 4199.
Package hyperref Info: Link nesting OFF on input line 4204.
Package hyperref Info: Hyper index ON on input line 4207.
Package hyperref Info: Plain pages OFF on input line 4214.
Package hyperref Info: Backreferencing OFF on input line 4219.
Package hyperref Info: Implicit mode ON; LaTeX internals redefined.
Package hyperref Info: Bookmarks ON on input line 4466.
\c@Hy@tempcnt=\count367

(C:\Users\Bmd\AppData\Local\Programs\MiKTeX\tex/latex/url\url.sty
\Urlmuskip=\muskip18
Package: url 2013/09/16  ver 3.4  Verb mode for urls, etc.
)
LaTeX Info: Redefining \url on input line 4805.
\XeTeXLinkMargin=\dimen334

(C:\Users\Bmd\AppData\Local\Programs\MiKTeX\tex/generic/bitset\bitset.sty
Package: bitset 2019/12/09 v1.3 Handle bit-vector datatype (HO)

(C:\Users\Bmd\AppData\Local\Programs\MiKTeX\tex/generic/bigintcalc\bigintcalc.s
ty
Package: bigintcalc 2019/12/15 v1.5 Expandable calculations on big integers (HO
)
))
\Fld@menulength=\count368
\Field@Width=\dimen335
\Fld@charsize=\dimen336
Package hyperref Info: Hyper figures OFF on input line 6091.
Package hyperref Info: Link nesting OFF on input line 6096.
Package hyperref Info: Hyper index ON on input line 6099.
Package hyperref Info: backreferencing OFF on input line 6106.
Package hyperref Info: Link coloring ON on input line 6109.
Package hyperref Info: Link coloring with OCG OFF on input line 6116.
Package hyperref Info: PDF/A mode OFF on input line 6121.
\Hy@abspage=\count369
\c@Item=\count370
\c@Hfootnote=\count371
)
Package hyperref Info: Driver (autodetected): hpdftex.

(C:\Users\Bmd\AppData\Local\Programs\MiKTeX\tex/latex/hyperref\hpdftex.def
File: hpdftex.def 2026-06-17 v7.01r Hyperref driver for pdfTeX
\Fld@listcount=\count372
\c@bookmark@seq@number=\count373

(C:\Users\Bmd\AppData\Local\Programs\MiKTeX\tex/latex/rerunfilecheck\rerunfilec
heck.sty
Package: rerunfilecheck 2025-06-21 v1.11 Rerun checks for auxiliary files (HO)

(C:\Users\Bmd\AppData\Local\Programs\MiKTeX\tex/generic/uniquecounter\uniquecou
nter.sty
Package: uniquecounter 2019/12/15 v1.4 Provide unlimited unique counter (HO)
)
Package uniquecounter Info: New unique counter `rerunfilecheck' on input line 2
84.
)
\Hy@SectionHShift=\skip92
)
(C:\Users\Bmd\AppData\Local\Programs\MiKTeX\tex/latex/biblatex\biblatex.sty
Package: biblatex 2025/07/10 v3.21 programmable bibliographies (PK/MW)

(C:\Users\Bmd\AppData\Local\Programs\MiKTeX\tex/latex/logreq\logreq.sty
Package: logreq 2010/08/04 v1.0 xml request logger
\lrq@indent=\count374

(C:\Users\Bmd\AppData\Local\Programs\MiKTeX\tex/latex/logreq\logreq.def
File: logreq.def 2010/08/04 v1.0 logreq spec v1.0
))
(C:\Users\Bmd\AppData\Local\Programs\MiKTeX\tex/latex/base\ifthen.sty
Package: ifthen 2024/03/16 v1.1e Standard LaTeX ifthen package (DPC)
)
\c@tabx@nest=\count375
\c@listtotal=\count376
\c@listcount=\count377
\c@liststart=\count378
\c@liststop=\count379
\c@citecount=\count380
\c@citetotal=\count381
\c@multicitecount=\count382
\c@multicitetotal=\count383
\c@instcount=\count384
\c@maxnames=\count385
\c@minnames=\count386
\c@maxitems=\count387
\c@minitems=\count388
\c@citecounter=\count389
\c@maxcitecounter=\count390
\c@savedcitecounter=\count391
\c@uniquelist=\count392
\c@uniquename=\count393
\c@refsection=\count394
\c@refsegment=\count395
\c@maxextratitle=\count396
\c@maxextratitleyear=\count397
\c@maxextraname=\count398
\c@maxextradate=\count399
\c@maxextraalpha=\count400
\c@abbrvpenalty=\count401
\c@highnamepenalty=\count402
\c@lownamepenalty=\count403
\c@maxparens=\count404
\c@parenlevel=\count405
\blx@tempcnta=\count406
\blx@tempcntb=\count407
\blx@tempcntc=\count408
\c@blx@maxsection=\count409
\blx@maxsegment@0=\count410
\blx@notetype=\count411
\blx@parenlevel@text=\count412
\blx@parenlevel@foot=\count413
\blx@sectionciteorder@0=\count414
\blx@sectionciteorderinternal@0=\count415
\blx@entrysetcounter=\count416
\blx@biblioinstance=\count417
\labelnumberwidth=\skip93
\labelalphawidth=\skip94
\biblabelsep=\skip95
\bibitemsep=\skip96
\bibnamesep=\skip97
\bibinitsep=\skip98
\bibparsep=\skip99
\bibhang=\skip100
\blx@bcfin=\read4
\blx@bcfout=\write4
\blx@langwohyphens=\language80
\c@mincomprange=\count418
\c@maxcomprange=\count419
\c@mincompwidth=\count420
Package biblatex Info: Trying to load biblatex default data model...
Package biblatex Info: ... file 'blx-dm.def' found.

(C:\Users\Bmd\AppData\Local\Programs\MiKTeX\tex/latex/biblatex\blx-dm.def
File: blx-dm.def 2025/07/10 v3.21 biblatex datamodel (PK/MW)
)
Package biblatex Info: Trying to load biblatex style data model...
Package biblatex Info: ... file 'apa.dbx' found.

(C:\Users\Bmd\AppData\Local\Programs\MiKTeX\tex/latex/biblatex-apa\apa.dbx
File: apa.dbx 2025/08/27 v9.20 APA biblatex style data model
)
Package biblatex Info: Trying to load biblatex custom data model...
Package biblatex Info: ... file 'biblatex-dm.cfg' not found.
\c@afterword=\count421
\c@savedafterword=\count422
\c@annotator=\count423
\c@savedannotator=\count424
\c@author=\count425
\c@savedauthor=\count426
\c@bookauthor=\count427
\c@savedbookauthor=\count428
\c@commentator=\count429
\c@savedcommentator=\count430
\c@editor=\count431
\c@savededitor=\count432
\c@editora=\count433
\c@savededitora=\count434
\c@editorb=\count435
\c@savededitorb=\count436
\c@editorc=\count437
\c@savededitorc=\count438
\c@foreword=\count439
\c@savedforeword=\count440
\c@holder=\count441
\c@savedholder=\count442
\c@introduction=\count443
\c@savedintroduction=\count444
\c@namea=\count445
\c@savednamea=\count446
\c@nameb=\count447
\c@savednameb=\count448
\c@namec=\count449
\c@savednamec=\count450
\c@translator=\count451
\c@savedtranslator=\count452
\c@shortauthor=\count453
\c@savedshortauthor=\count454
\c@shorteditor=\count455
\c@savedshorteditor=\count456
\c@narrator=\count457
\c@savednarrator=\count458
\c@execproducer=\count459
\c@savedexecproducer=\count460
\c@execdirector=\count461
\c@savedexecdirector=\count462
\c@with=\count463
\c@savedwith=\count464
\c@labelname=\count465
\c@savedlabelname=\count466
\c@institution=\count467
\c@savedinstitution=\count468
\c@lista=\count469
\c@savedlista=\count470
\c@listb=\count471
\c@savedlistb=\count472
\c@listc=\count473
\c@savedlistc=\count474
\c@listd=\count475
\c@savedlistd=\count476
\c@liste=\count477
\c@savedliste=\count478
\c@listf=\count479
\c@savedlistf=\count480
\c@location=\count481
\c@savedlocation=\count482
\c@organization=\count483
\c@savedorganization=\count484
\c@origlocation=\count485
\c@savedoriglocation=\count486
\c@origpublisher=\count487
\c@savedorigpublisher=\count488
\c@publisher=\count489
\c@savedpublisher=\count490
\c@language=\count491
\c@savedlanguage=\count492
\c@origlanguage=\count493
\c@savedoriglanguage=\count494
\c@citation=\count495
\c@savedcitation=\count496
\c@pageref=\count497
\c@savedpageref=\count498
\shorthandwidth=\skip101
\shortjournalwidth=\skip102
\shortserieswidth=\skip103
\shorttitlewidth=\skip104
\shortauthorwidth=\skip105
\shorteditorwidth=\skip106
\locallabelnumberwidth=\skip107
\locallabelalphawidth=\skip108
\localshorthandwidth=\skip109
\localshortjournalwidth=\skip110
\localshortserieswidth=\skip111
\localshorttitlewidth=\skip112
\localshortauthorwidth=\skip113
\localshorteditorwidth=\skip114
Package biblatex Info: Trying to load compatibility code...
Package biblatex Info: ... file 'blx-compat.def' found.

(C:\Users\Bmd\AppData\Local\Programs\MiKTeX\tex/latex/biblatex\blx-compat.def
File: blx-compat.def 2025/07/10 v3.21 biblatex compatibility (PK/MW)
)
Package biblatex Info: Trying to load generic definitions...
Package biblatex Info: ... file 'biblatex.def' found.

(C:\Users\Bmd\AppData\Local\Programs\MiKTeX\tex/latex/biblatex\biblatex.def
File: biblatex.def 2025/07/10 v3.21 biblatex compatibility (PK/MW)
\c@textcitecount=\count499
\c@textcitetotal=\count500
\c@textcitemaxnames=\count501
\c@biburlbigbreakpenalty=\count502
\c@biburlbreakpenalty=\count503
\c@biburlnumpenalty=\count504
\c@biburlucpenalty=\count505
\c@biburllcpenalty=\count506
\biburlbigskip=\muskip19
\biburlnumskip=\muskip20
\biburlucskip=\muskip21
\biburllcskip=\muskip22
\c@smartand=\count507
)
Package biblatex Info: Trying to load bibliography style 'apa'...
Package biblatex Info: ... file 'apa.bbx' found.

(C:\Users\Bmd\AppData\Local\Programs\MiKTeX\tex/latex/biblatex-apa\apa.bbx
File: apa.bbx 2025/08/27 v9.20 APA biblatex references style
Package biblatex Info: Trying to load bibliography style 'standard'...
Package biblatex Info: ... file 'standard.bbx' found.

(C:\Users\Bmd\AppData\Local\Programs\MiKTeX\tex/latex/biblatex/bbx\standard.bbx
File: standard.bbx 2025/07/10 v3.21 biblatex bibliography style (PK/MW)
\c@bbx:relatedcount=\count508
\c@bbx:relatedtotal=\count509
)
Package biblatex Info: Delimiter 'nameyeardelim' in context 'bib' already defin
ed, overwriting.
Package biblatex Info: Delimiter 'nameyeardelim' in context 'biblist' already d
efined, overwriting.
Package biblatex Info: Delimiter 'nonameyeardelim' in context 'bib' already def
ined, overwriting.
Package biblatex Info: Delimiter 'nonameyeardelim' in context 'biblist' already
 defined, overwriting.
)
Package biblatex Info: Trying to load citation style 'apa'...
Package biblatex Info: ... file 'apa.cbx' found.
 (C:\Users\Bmd\AppData\Local\Programs\MiKTeX\tex/latex/biblatex-apa\apa.cbx
File: apa.cbx 2025/08/27 v9.20 APA biblatex citation style
Package biblatex Info: Delimiter 'nameyeardelim' in context '' already defined,
 overwriting.
Package biblatex Info: Delimiter 'andothersdelim' in context '' already defined
, overwriting.
Package biblatex Info: Redefining '\fullcite'.
Package biblatex Info: Redefining '\citeauthor'.
Package biblatex Info: Redefining '\citeyear'.
Package biblatex Info: Redefining '\cite'.
Package biblatex Info: Redefining '\cites'.
Package biblatex Info: Redefining '\parencite'.
Package biblatex Info: Redefining '\parencites'.
Package biblatex Info: Redefining '\footcite'.
Package biblatex Info: Redefining '\footcites'.
Package biblatex Info: Redefining '\footcitetext'.
Package biblatex Info: Redefining '\footcitetexts'.
Package biblatex Info: Redefining '\smartcite'.
Package biblatex Info: Redefining '\smartcites'.
Package biblatex Info: Redefining '\textcite'.
Package biblatex Info: Redefining '\textcites'.
)
Package biblatex Info: Trying to load configuration file...
Package biblatex Info: ... file 'biblatex.cfg' found.

(C:\Users\Bmd\AppData\Local\Programs\MiKTeX\tex/latex/biblatex\biblatex.cfg
File: biblatex.cfg 
)
Package biblatex Info: Input encoding 'utf8' detected.
Package biblatex Info: Document encoding is UTF8 ....

(C:\Users\Bmd\AppData\Local\Programs\MiKTeX\tex/latex/l3kernel\expl3.sty
Package: expl3 2026-06-18 L3 programming layer (loader) 

(C:\Users\Bmd\AppData\Local\Programs\MiKTeX\tex/latex/l3backend\l3backend-pdfte
x.def
File: l3backend-pdftex.def 2026-02-18 L3 backend support: PDF output (pdfTeX)
\l__color_backend_stack_int=\count510
))
Package biblatex Info: ... and expl3
(biblatex)             2026-06-18 L3 programming layer (loader) 
(biblatex)             is new enough (at least 2020/04/06),
(biblatex)             setting 'casechanger=expl3'.

(C:\Users\Bmd\AppData\Local\Programs\MiKTeX\tex/latex/biblatex\blx-case-expl3.s
ty
(C:\Users\Bmd\AppData\Local\Programs\MiKTeX\tex/latex/l3packages/xparse\xparse.
sty
Package: xparse 2025-10-09 L3 Experimental document command parser
)
Package: blx-case-expl3 2025/07/10 v3.21 expl3 case changing code for biblatex
))
(C:\Users\Bmd\AppData\Local\Programs\MiKTeX\tex/latex/enumitem\enumitem.sty
Package: enumitem 2025/02/06 v3.11 Customized lists
\labelindent=\skip115
\enit@outerparindent=\dimen337
\enit@toks=\toks58
\enit@inbox=\box81
\enit@count@id=\count511
\enitdp@description=\count512
)
(C:\Users\Bmd\AppData\Local\Programs\MiKTeX\tex/latex/appendix\appendix.sty
Package: appendix 2020/02/08 v1.2c extra appendix facilities
\c@@pps=\count513
\c@@ppsavesec=\count514
\c@@ppsaveapp=\count515
)
(C:\Users\Bmd\AppData\Local\Programs\MiKTeX\tex/latex/shorttoc\shorttoc.sty
Package: shorttoc 2002/08/20 v1.3 Short table of contents (JPFD)
)
\c@theoreme=\count516
\c@proposition=\count517
\c@lemme=\count518
\c@definition=\count519
\c@exemple=\count520
\c@remarque=\count521
Package french3.ldf Info: Setting StandardItemizeEnv=true for
(french3.ldf)             compatibility with enumitem package,
(french3.ldf)             reported on input line 203.
Package french3.ldf Info: Setting StandardEnumerateEnv=true for
(french3.ldf)             compatibility with enumitem package,
(french3.ldf)             reported on input line 203.
Package csquotes Info: Checking for multilingual support...
Package csquotes Info: ... found 'babel' package.
Package csquotes Info: Adjusting default style.
Package csquotes Info: Redefining alias 'default' -> 'french'.
LaTeX Font Info:    Trying to load font information for T1+lmr on input line 20
3.

(C:\Users\Bmd\AppData\Local\Programs\MiKTeX\tex/latex/lm\t1lmr.fd
File: t1lmr.fd 2015/05/01 v1.6.1 Font defs for Latin Modern
) (main.aux
Package babel Info: 'french' activates 'french' shorthands.
(babel)             Reported on input line 14.
)
\openout1 = `main.aux'.

LaTeX Font Info:    Checking defaults for OML/cmm/m/it on input line 203.
LaTeX Font Info:    ... okay on input line 203.
LaTeX Font Info:    Checking defaults for OMS/cmsy/m/n on input line 203.
LaTeX Font Info:    ... okay on input line 203.
LaTeX Font Info:    Checking defaults for OT1/cmr/m/n on input line 203.
LaTeX Font Info:    ... okay on input line 203.
LaTeX Font Info:    Checking defaults for T1/cmr/m/n on input line 203.
LaTeX Font Info:    ... okay on input line 203.
LaTeX Font Info:    Checking defaults for TS1/cmr/m/n on input line 203.
LaTeX Font Info:    ... okay on input line 203.
LaTeX Font Info:    Checking defaults for OMX/cmex/m/n on input line 203.
LaTeX Font Info:    ... okay on input line 203.
LaTeX Font Info:    Checking defaults for U/cmr/m/n on input line 203.
LaTeX Font Info:    ... okay on input line 203.
LaTeX Font Info:    Checking defaults for PD1/pdf/m/n on input line 203.
LaTeX Font Info:    ... okay on input line 203.
LaTeX Font Info:    Checking defaults for PU/pdf/m/n on input line 203.
LaTeX Font Info:    ... okay on input line 203.
LaTeX Info: Redefining \degres on input line 203.

*geometry* driver: auto-detecting
*geometry* detected driver: pdftex
*geometry* verbose mode - [ preamble ] result:
* driver: pdftex
* paper: a4paper
* layout: <same size as paper>
* layoutoffset:(h,v)=(0.0pt,0.0pt)
* modes: twoside 
* h-part:(L,W,R)=(85.35826pt, 441.01773pt, 71.13188pt)
* v-part:(T,H,B)=(71.13188pt, 702.78308pt, 71.13188pt)
* \paperwidth=597.50787pt
* \paperheight=845.04684pt
* \textwidth=441.01773pt
* \textheight=702.78308pt
* \oddsidemargin=13.08827pt
* \evensidemargin=-1.1381pt
* \topmargin=-54.1381pt
* \headheight=28.0pt
* \headsep=25.0pt
* \topskip=12.0pt
* \footskip=30.0pt
* \marginparwidth=85.0pt
* \marginparsep=10.0pt
* \columnsep=10.0pt
* \skip\footins=10.8pt plus 4.0pt minus 2.0pt
* \hoffset=0.0pt
* \voffset=0.0pt
* \mag=1000
* \@twocolumnfalse
* \@twosidetrue
* \@mparswitchtrue
* \@reversemarginfalse
* (1in=72.27pt=25.4mm, 1cm=28.453pt)

LaTeX Info: Redefining \microtypecontext on input line 203.
Package microtype Info: Applying patch `item' on input line 203.
Package microtype Info: Applying patch `toc' on input line 203.
Package microtype Info: Applying patch `eqnum' on input line 203.
Package microtype Info: Applying patch `footnote' on input line 203.
Package microtype Info: Applying patch `verbatim' on input line 203.
LaTeX Info: Redefining \microtypesetup on input line 203.
Package microtype Info: Generating PDF output.
Package microtype Info: Character protrusion enabled (level 2).
Package microtype Info: Using default protrusion set `alltext'.
Package microtype Info: Automatic font expansion enabled (level 2),
(microtype)             stretch: 20, shrink: 20, step: 1, non-selected.
Package microtype Info: Using default expansion set `alltext-nott'.
Package microtype Info: Patching command `\showhyphens'.
Package microtype Info: No adjustment of tracking.
Package microtype Info: No adjustment of interword spacing.
Package microtype Info: No adjustment of character kerning.
(C:\Users\Bmd\AppData\Local\Programs\MiKTeX\tex/latex/microtype\mt-cmr.cfg
File: mt-cmr.cfg 2013/05/19 v2.2 microtype config. file: Computer Modern Roman 
(RS)
)
(C:\Users\Bmd\AppData\Local\Programs\MiKTeX\tex/context/base/mkii\supp-pdf.mkii
[Loading MPS to PDF converter (version 2006.09.02).]
\scratchcounter=\count522
\scratchdimen=\dimen338
\scratchbox=\box82
\nofMPsegments=\count523
\nofMParguments=\count524
\everyMPshowfont=\toks59
\MPscratchCnt=\count525
\MPscratchDim=\dimen339
\MPnumerator=\count526
\makeMPintoPDFobject=\count527
\everyMPtoPDFconversion=\toks60
)
(C:\Users\Bmd\AppData\Local\Programs\MiKTeX\tex/latex/epstopdf-pkg\epstopdf-bas
e.sty
Package: epstopdf-base 2020-01-24 v2.11 Base part for package epstopdf
Package epstopdf-base Info: Redefining graphics rule for `.eps' on input line 4
85.

(C:\Users\Bmd\AppData\Local\Programs\MiKTeX\tex/latex/00miktex\epstopdf-sys.cfg
File: epstopdf-sys.cfg 2021/03/18 v2.0 Configuration of epstopdf for MiKTeX
))
Package caption Info: Begin \AtBeginDocument code.
Package caption Info: hyperref package is loaded.
Package caption Info: threeparttable package is loaded.
Package caption Info: End \AtBeginDocument code.
Package hyperref Info: Link coloring ON on input line 203.
 (main.out) (main.out)
\@outlinefile=\write5
\openout5 = `main.out'.

Package biblatex Info: Trying to load language 'french' -> 'french-apa'...
Package biblatex Info: ... file 'french-apa.lbx' found.

(C:\Users\Bmd\AppData\Local\Programs\MiKTeX\tex/latex/biblatex-apa\french-apa.l
bx
File: french-apa.lbx 2025/08/27 v9.20 APA biblatex localisation
Package biblatex Info: Trying to load language 'french'...
Package biblatex Info: ... file 'french.lbx' found.

(C:\Users\Bmd\AppData\Local\Programs\MiKTeX\tex/latex/biblatex/lbx\french.lbx
File: french.lbx 2025/07/10 v3.21 biblatex localization (PK/MW)
)
Package biblatex Info: Trying to load language 'french'...
Package biblatex Info: ... file 'french.lbx' found.

(C:\Users\Bmd\AppData\Local\Programs\MiKTeX\tex/latex/biblatex/lbx\french.lbx
File: french.lbx 2025/07/10 v3.21 biblatex localization (PK/MW)
))
Package biblatex Info: Input encoding 'utf8' detected.
Package biblatex Info: Automatic encoding selection.
(biblatex)             Assuming data encoding 'utf8'.
\openout4 = `main.bcf'.

Package biblatex Info: Trying to load bibliographic data...
Package biblatex Info: ... file 'main.bbl' found.
(main.bbl)
Package biblatex Info: Reference section=0 on input line 203.
Package biblatex Info: Reference segment=0 on input line 203.
Package babel Info: Main language set to 'french'.

Overfull \hbox (159.87175pt too wide) in paragraph at lines 706--204
[]\T1/lmr/m/n/12 (-20) <<<<<<< Up-da-ted ups-tream au-thor1un=0,uniquepart=base
,hash=66fa13ccac127aceaa40508629646509family=Bourdieu,
 []


Overfull \hbox (933.12022pt too wide) in paragraph at lines 706--204
\T1/lmr/m/n/12 (-20) changes                                                   
                                                                               
                                                                               
                                                                               
                                                                               
                                                                               
                                                       <<<<<<<
 []


Overfull \hbox (97.63536pt too wide) in paragraph at lines 706--204
\T1/lmr/m/n/12 (-20) Up-da-ted ups-tream au-thor2un=0,uniquepart=base,hash=2747
d43a00cf446fc85694d7398d38eafamily=Harris,
 []


Overfull \hbox (237.72997pt too wide) in paragraph at lines 706--204
\T1/lmr/m/n/12 (-20) fa-mi-lyi=H., gi-ven=John R., gi-veni=J. R., gi-ve-nun=0un
=0,uniquepart=base,hash=d54524e11677b9dd4880b2beb5e96a9bfamily=Todaro,
 []


Overfull \hbox (88.69978pt too wide) in paragraph at lines 706--204
\T1/lmr/m/n/12 (-20) shed changes                                              
                                                                               
                                           <<<<<<<
 []


Overfull \hbox (100.57855pt too wide) in paragraph at lines 706--204
\T1/lmr/m/n/12 (-20) Up-da-ted ups-tream au-thor6un=0,uniquepart=base,hash=fe55
95e6b704e1128167b3ff37d35106family=Massey,
 []


Overfull \hbox (245.15758pt too wide) in paragraph at lines 706--204
\T1/lmr/m/n/12 (-20) fa-mi-lyi=M., gi-ven=Douglas S., gi-veni=D. S., gi-ve-nun=
0un=0,uniquepart=base,hash=23ab48cbf4c2594e8c8a439f8c26d59efamily=Arango,
 []


Overfull \hbox (208.52834pt too wide) in paragraph at lines 706--204
\T1/lmr/m/n/12 (-20) fa-mi-lyi=A., gi-ven=Joaquin, gi-veni=J., gi-ve-nun=0un=0,
uniquepart=base,hash=b1e9a86f9755a8cb95bc37904b9f76b6family=Hugo,
 []


Overfull \hbox (233.95195pt too wide) in paragraph at lines 706--204
\T1/lmr/m/n/12 (-20) fa-mi-lyi=H., gi-ven=Graeme, gi-veni=G., gi-ve-nun=0un=0,u
niquepart=base,hash=322f60be2a519a4a14ddea9b4b4739aefamily=Kouaouci,
 []


Overfull \hbox (212.19719pt too wide) in paragraph at lines 706--204
\T1/lmr/m/n/12 (-20) fa-mi-lyi=K., gi-ven=Ali, gi-veni=A., gi-ve-nun=0un=0,uniq
uepart=base,hash=6636e9a1bc2de77495e709d4ead809e5family=Pellegrino,
 []


Overfull \hbox (204.47942pt too wide) in paragraph at lines 706--204
\T1/lmr/m/n/12 (-20) fa-mi-lyi=P., gi-ven=Adela, gi-veni=A., gi-ve-nun=0un=0,un
iquepart=base,hash=b11c454be6664944b5a1f55b438f9302family=Taylor,
 []


Overfull \hbox (496.0265pt too wide) in paragraph at lines 706--204
\T1/lmr/m/n/12 (-20) shed changes                                              
                                                                               
                                                                               
                                                                               
                                         <<<<<<<
 []


Overfull \hbox (100.5189pt too wide) in paragraph at lines 706--204
\T1/lmr/m/n/12 (-20) Up-da-ted ups-tream au-thor1un=0,uniquepart=base,hash=dfa6
abffa8fcdf70021646e5f2430313family=Sjaastad,
 []


Overfull \hbox (1151.40475pt too wide) in paragraph at lines 706--204
\T1/lmr/m/n/12 (-20) shed changes                                              
                                                                               
                                                                               
                                                                               
                                                                               
                                                                               
                                                                               
                                                       <<<<<<<
 []


Overfull \hbox (111.48735pt too wide) in paragraph at lines 706--204
\T1/lmr/m/n/12 (-20) Up-da-ted ups-tream au-thor1un=0,uniquepart=base,hash=66fa
13ccac127aceaa40508629646509family=Bourdieu,
 []


Overfull \hbox (933.12022pt too wide) in paragraph at lines 706--204
\T1/lmr/m/n/12 (-20) changes                                                   
                                                                               
                                                                               
                                                                               
                                                                               
                                                                               
                                                       <<<<<<<
 []


Overfull \hbox (97.63536pt too wide) in paragraph at lines 706--204
\T1/lmr/m/n/12 (-20) Up-da-ted ups-tream au-thor2un=0,uniquepart=base,hash=2747
d43a00cf446fc85694d7398d38eafamily=Harris,
 []


Overfull \hbox (237.72997pt too wide) in paragraph at lines 706--204
\T1/lmr/m/n/12 (-20) fa-mi-lyi=H., gi-ven=John R., gi-veni=J. R., gi-ve-nun=0un
=0,uniquepart=base,hash=d54524e11677b9dd4880b2beb5e96a9bfamily=Todaro,
 []


Overfull \hbox (88.69978pt too wide) in paragraph at lines 706--204
\T1/lmr/m/n/12 (-20) shed changes                                              
                                                                               
                                           <<<<<<<
 []


Overfull \hbox (100.57855pt too wide) in paragraph at lines 706--204
\T1/lmr/m/n/12 (-20) Up-da-ted ups-tream au-thor6un=0,uniquepart=base,hash=fe55
95e6b704e1128167b3ff37d35106family=Massey,
 []


Overfull \hbox (245.15758pt too wide) in paragraph at lines 706--204
\T1/lmr/m/n/12 (-20) fa-mi-lyi=M., gi-ven=Douglas S., gi-veni=D. S., gi-ve-nun=
0un=0,uniquepart=base,hash=23ab48cbf4c2594e8c8a439f8c26d59efamily=Arango,
 []


Overfull \hbox (208.52834pt too wide) in paragraph at lines 706--204
\T1/lmr/m/n/12 (-20) fa-mi-lyi=A., gi-ven=Joaquin, gi-veni=J., gi-ve-nun=0un=0,
uniquepart=base,hash=b1e9a86f9755a8cb95bc37904b9f76b6family=Hugo,
 []


Overfull \hbox (233.95195pt too wide) in paragraph at lines 706--204
\T1/lmr/m/n/12 (-20) fa-mi-lyi=H., gi-ven=Graeme, gi-veni=G., gi-ve-nun=0un=0,u
niquepart=base,hash=322f60be2a519a4a14ddea9b4b4739aefamily=Kouaouci,
 []


Overfull \hbox (212.19719pt too wide) in paragraph at lines 706--204
\T1/lmr/m/n/12 (-20) fa-mi-lyi=K., gi-ven=Ali, gi-veni=A., gi-ve-nun=0un=0,uniq
uepart=base,hash=6636e9a1bc2de77495e709d4ead809e5family=Pellegrino,
 []


Overfull \hbox (204.47942pt too wide) in paragraph at lines 706--204
\T1/lmr/m/n/12 (-20) fa-mi-lyi=P., gi-ven=Adela, gi-veni=A., gi-ve-nun=0un=0,un
iquepart=base,hash=b11c454be6664944b5a1f55b438f9302family=Taylor,
 []


Overfull \hbox (496.0265pt too wide) in paragraph at lines 706--204
\T1/lmr/m/n/12 (-20) shed changes                                              
                                                                               
                                                                               
                                                                               
                                         <<<<<<<
 []


Overfull \hbox (100.5189pt too wide) in paragraph at lines 706--204
\T1/lmr/m/n/12 (-20) Up-da-ted ups-tream au-thor1un=0,uniquepart=base,hash=dfa6
abffa8fcdf70021646e5f2430313family=Sjaastad,
 []


Overfull \hbox (51.02348pt too wide) in paragraph at lines 706--204
\T1/lmr/m/n/12 (-20) shed changes                                              
                                                                               
                                        
 []

[1

{C:/Users/Bmd/AppData/Local/MiKTeX/fonts/map/pdftex/pdftex.map}{C:/Users/Bmd/Ap
pData/Local/Programs/MiKTeX/fonts/enc/dvips/lm/lm-ec.enc}] [2



]
(chapitres/chapitre1.tex
LaTeX Font Info:    Trying to load font information for OT1+lmr on input line 1
.

(C:\Users\Bmd\AppData\Local\Programs\MiKTeX\tex/latex/lm\ot1lmr.fd
File: ot1lmr.fd 2015/05/01 v1.6.1 Font defs for Latin Modern
)
LaTeX Font Info:    Trying to load font information for OML+lmm on input line 1
.

(C:\Users\Bmd\AppData\Local\Programs\MiKTeX\tex/latex/lm\omllmm.fd
File: omllmm.fd 2015/05/01 v1.6.1 Font defs for Latin Modern
)
LaTeX Font Info:    Trying to load font information for OMS+lmsy on input line 
1.

(C:\Users\Bmd\AppData\Local\Programs\MiKTeX\tex/latex/lm\omslmsy.fd
File: omslmsy.fd 2015/05/01 v1.6.1 Font defs for Latin Modern
)
LaTeX Font Info:    Trying to load font information for OMX+lmex on input line 
1.

(C:\Users\Bmd\AppData\Local\Programs\MiKTeX\tex/latex/lm\omxlmex.fd
File: omxlmex.fd 2015/05/01 v1.6.1 Font defs for Latin Modern
)
LaTeX Font Info:    External font `lmex10' loaded for size
(Font)              <12> on input line 1.
LaTeX Font Info:    External font `lmex10' loaded for size
(Font)              <8> on input line 1.
LaTeX Font Info:    External font `lmex10' loaded for size
(Font)              <6> on input line 1.
LaTeX Font Info:    Trying to load font information for U+msa on input line 1.

(C:\Users\Bmd\AppData\Local\Programs\MiKTeX\tex/latex/amsfonts\umsa.fd
File: umsa.fd 2013/01/14 v3.01 AMS symbols A
)
(C:\Users\Bmd\AppData\Local\Programs\MiKTeX\tex/latex/microtype\mt-msa.cfg
File: mt-msa.cfg 2006/02/04 v1.1 microtype config. file: AMS symbols (a) (RS)
)
LaTeX Font Info:    Trying to load font information for U+msb on input line 1.

(C:\Users\Bmd\AppData\Local\Programs\MiKTeX\tex/latex/amsfonts\umsb.fd
File: umsb.fd 2013/01/14 v3.01 AMS symbols B
)
(C:\Users\Bmd\AppData\Local\Programs\MiKTeX\tex/latex/microtype\mt-msb.cfg
File: mt-msb.cfg 2005/06/01 v1.0 microtype config. file: AMS symbols (b) (RS)
)
Package microtype Info: Character `029' is missing
(microtype)             in font `T1/lmr/m/sc/12'.
(microtype)             Ignoring protrusion settings for this character.

[1

] [2] [3] [4] [5] [6] [7] [8] [9] [10] [11] [12] [13] [14]) [15] [16

]
[17

] [18

] [19


] [20


]
! Undefined control sequence.
\@calc@post@scan ...st@scan \else \def \calc@next 
                                                  {\calc@error #1}\fi \fi \f...
l.341 \printbibliography[heading=none]
                                      
The control sequence at the end of the top line
of your error message was never \def'ed. If you have
misspelled it (e.g., `\hobx'), type `I' and the correct
spelling (e.g., `I\hbox'). Otherwise just continue,
and I'll forget about whatever was undefined.

! Undefined control sequence.
\GenericError  ...                                
                                                    #4  \errhelp \@err@     ...
l.341 \printbibliography[heading=none]
                                      
The control sequence at the end of the top line
of your error message was never \def'ed. If you have
misspelled it (e.g., `\hobx'), type `I' and the correct
spelling (e.g., `I\hbox'). Otherwise just continue,
and I'll forget about whatever was undefined.

! Undefined control sequence.
\GenericError  ...                                
                                                  \let \@err@               ...
l.341 \printbibliography[heading=none]
                                      
The control sequence at the end of the top line
of your error message was never \def'ed. If you have
misspelled it (e.g., `\hobx'), type `I' and the correct
spelling (e.g., `I\hbox'). Otherwise just continue,
and I'll forget about whatever was undefined.

! Undefined control sequence.
\GenericError  ...                                
                                                  \@empty \def \MessageBreak...
l.341 \printbibliography[heading=none]
                                      
The control sequence at the end of the top line
of your error message was never \def'ed. If you have
misspelled it (e.g., `\hobx'), type `I' and the correct
spelling (e.g., `I\hbox'). Otherwise just continue,
and I'll forget about whatever was undefined.

! Undefined control sequence.
\GenericError  ...                                
                                                     \endgroup 
l.341 \printbibliography[heading=none]
                                      
The control sequence at the end of the top line
of your error message was never \def'ed. If you have
misspelled it (e.g., `\hobx'), type `I' and the correct
spelling (e.g., `I\hbox'). Otherwise just continue,
and I'll forget about whatever was undefined.

! Undefined control sequence.
\@calc@post@scan ...fi \fi \fi \fi \fi \calc@next 
                                                  
l.341 \printbibliography[heading=none]
                                      
The control sequence at the end of the top line
of your error message was never \def'ed. If you have
misspelled it (e.g., `\hobx'), type `I' and the correct
spelling (e.g., `I\hbox'). Otherwise just continue,
and I'll forget about whatever was undefined.

! Undefined control sequence.
\@calc@post@scan ...st@scan \else \def \calc@next 
                                                  {\calc@error #1}\fi \fi \f...
l.341 \printbibliography[heading=none]
                                      
The control sequence at the end of the top line
of your error message was never \def'ed. If you have
misspelled it (e.g., `\hobx'), type `I' and the correct
spelling (e.g., `I\hbox'). Otherwise just continue,
and I'll forget about whatever was undefined.

! Undefined control sequence.
\GenericError  ...                                
                                                    #4  \errhelp \@err@     ...
l.341 \printbibliography[heading=none]
                                      
The control sequence at the end of the top line
of your error message was never \def'ed. If you have
misspelled it (e.g., `\hobx'), type `I' and the correct
spelling (e.g., `I\hbox'). Otherwise just continue,
and I'll forget about whatever was undefined.

! Undefined control sequence.
\GenericError  ...                                
                                                  \let \@err@               ...
l.341 \printbibliography[heading=none]
                                      
The control sequence at the end of the top line
of your error message was never \def'ed. If you have
misspelled it (e.g., `\hobx'), type `I' and the correct
spelling (e.g., `I\hbox'). Otherwise just continue,
and I'll forget about whatever was undefined.

! Undefined control sequence.
\GenericError  ...                                
                                                  \@empty \def \MessageBreak...
l.341 \printbibliography[heading=none]
                                      
The control sequence at the end of the top line
of your error message was never \def'ed. If you have
misspelled it (e.g., `\hobx'), type `I' and the correct
spelling (e.g., `I\hbox'). Otherwise just continue,
and I'll forget about whatever was undefined.

! Undefined control sequence.
\GenericError  ...                                
                                                     \endgroup 
l.341 \printbibliography[heading=none]
                                      
The control sequence at the end of the top line
of your error message was never \def'ed. If you have
misspelled it (e.g., `\hobx'), type `I' and the correct
spelling (e.g., `I\hbox'). Otherwise just continue,
and I'll forget about whatever was undefined.

! Undefined control sequence.
\@calc@post@scan ...fi \fi \fi \fi \fi \calc@next 
                                                  
l.341 \printbibliography[heading=none]
                                      
The control sequence at the end of the top line
of your error message was never \def'ed. If you have
misspelled it (e.g., `\hobx'), type `I' and the correct
spelling (e.g., `I\hbox'). Otherwise just continue,
and I'll forget about whatever was undefined.

! Undefined control sequence.
\@calc@post@scan ...st@scan \else \def \calc@next 
                                                  {\calc@error #1}\fi \fi \f...
l.341 \printbibliography[heading=none]
                                      
The control sequence at the end of the top line
of your error message was never \def'ed. If you have
misspelled it (e.g., `\hobx'), type `I' and the correct
spelling (e.g., `I\hbox'). Otherwise just continue,
and I'll forget about whatever was undefined.

! Undefined control sequence.
\GenericError  ...                                
                                                    #4  \errhelp \@err@     ...
l.341 \printbibliography[heading=none]
                                      
The control sequence at the end of the top line
of your error message was never \def'ed. If you have
misspelled it (e.g., `\hobx'), type `I' and the correct
spelling (e.g., `I\hbox'). Otherwise just continue,
and I'll forget about whatever was undefined.

! Undefined control sequence.
\GenericError  ...                                
                                                  \let \@err@               ...
l.341 \printbibliography[heading=none]
                                      
The control sequence at the end of the top line
of your error message was never \def'ed. If you have
misspelled it (e.g., `\hobx'), type `I' and the correct
spelling (e.g., `I\hbox'). Otherwise just continue,
and I'll forget about whatever was undefined.

! Undefined control sequence.
\GenericError  ...                                
                                                  \@empty \def \MessageBreak...
l.341 \printbibliography[heading=none]
                                      
The control sequence at the end of the top line
of your error message was never \def'ed. If you have
misspelled it (e.g., `\hobx'), type `I' and the correct
spelling (e.g., `I\hbox'). Otherwise just continue,
and I'll forget about whatever was undefined.

! Undefined control sequence.
\GenericError  ...                                
                                                     \endgroup 
l.341 \printbibliography[heading=none]
                                      
The control sequence at the end of the top line
of your error message was never \def'ed. If you have
misspelled it (e.g., `\hobx'), type `I' and the correct
spelling (e.g., `I\hbox'). Otherwise just continue,
and I'll forget about whatever was undefined.

! Undefined control sequence.
\@calc@post@scan ...fi \fi \fi \fi \fi \calc@next 
                                                  
l.341 \printbibliography[heading=none]
                                      
The control sequence at the end of the top line
of your error message was never \def'ed. If you have
misspelled it (e.g., `\hobx'), type `I' and the correct
spelling (e.g., `I\hbox'). Otherwise just continue,
and I'll forget about whatever was undefined.

! Undefined control sequence.
\@calc@post@scan ...st@scan \else \def \calc@next 
                                                  {\calc@error #1}\fi \fi \f...
l.341 \printbibliography[heading=none]
                                      
The control sequence at the end of the top line
of your error message was never \def'ed. If you have
misspelled it (e.g., `\hobx'), type `I' and the correct
spelling (e.g., `I\hbox'). Otherwise just continue,
and I'll forget about whatever was undefined.

! Undefined control sequence.
\GenericError  ...                                
                                                    #4  \errhelp \@err@     ...
l.341 \printbibliography[heading=none]
                                      
The control sequence at the end of the top line
of your error message was never \def'ed. If you have
misspelled it (e.g., `\hobx'), type `I' and the correct
spelling (e.g., `I\hbox'). Otherwise just continue,
and I'll forget about whatever was undefined.

! Undefined control sequence.
\GenericError  ...                                
                                                  \let \@err@               ...
l.341 \printbibliography[heading=none]
                                      
The control sequence at the end of the top line
of your error message was never \def'ed. If you have
misspelled it (e.g., `\hobx'), type `I' and the correct
spelling (e.g., `I\hbox'). Otherwise just continue,
and I'll forget about whatever was undefined.

! Undefined control sequence.
\GenericError  ...                                
                                                  \@empty \def \MessageBreak...
l.341 \printbibliography[heading=none]
                                      
The control sequence at the end of the top line
of your error message was never \def'ed. If you have
misspelled it (e.g., `\hobx'), type `I' and the correct
spelling (e.g., `I\hbox'). Otherwise just continue,
and I'll forget about whatever was undefined.

! Undefined control sequence.
\GenericError  ...                                
                                                     \endgroup 
l.341 \printbibliography[heading=none]
                                      
The control sequence at the end of the top line
of your error message was never \def'ed. If you have
misspelled it (e.g., `\hobx'), type `I' and the correct
spelling (e.g., `I\hbox'). Otherwise just continue,
and I'll forget about whatever was undefined.

! Undefined control sequence.
\@calc@post@scan ...fi \fi \fi \fi \fi \calc@next 
                                                  
l.341 \printbibliography[heading=none]
                                      
The control sequence at the end of the top line
of your error message was never \def'ed. If you have
misspelled it (e.g., `\hobx'), type `I' and the correct
spelling (e.g., `I\hbox'). Otherwise just continue,
and I'll forget about whatever was undefined.


! LaTeX Error: Lonely \item--perhaps a missing list environment.

See the LaTeX manual or LaTeX Companion for explanation.
Type  H <return>  for immediate help.
 ...                                              
                                                  
l.341 \printbibliography[heading=none]
                                      
Try typing  <return>  to proceed.
If that doesn't work, type  X <return>  to quit.


Underfull \hbox (badness 10000) detected at line 341
[][]
 []


! LaTeX Error: Lonely \item--perhaps a missing list environment.

See the LaTeX manual or LaTeX Companion for explanation.
Type  H <return>  for immediate help.
 ...                                              
                                                  
l.341 \printbibliography[heading=none]
                                      
Try typing  <return>  to proceed.
If that doesn't work, type  X <return>  to quit.


Underfull \hbox (badness 10000) detected at line 341
[][]
 []


! LaTeX Error: Lonely \item--perhaps a missing list environment.

See the LaTeX manual or LaTeX Companion for explanation.
Type  H <return>  for immediate help.
 ...                                              
                                                  
l.341 \printbibliography[heading=none]
                                      
Try typing  <return>  to proceed.
If that doesn't work, type  X <return>  to quit.


Underfull \hbox (badness 10000) detected at line 341
[][]
 []


! LaTeX Error: Lonely \item--perhaps a missing list environment.

See the LaTeX manual or LaTeX Companion for explanation.
Type  H <return>  for immediate help.
 ...                                              
                                                  
l.341 \printbibliography[heading=none]
                                      
Try typing  <return>  to proceed.
If that doesn't work, type  X <return>  to quit.


Underfull \hbox (badness 10000) detected at line 341
[][]
 []


! LaTeX Error: Lonely \item--perhaps a missing list environment.

See the LaTeX manual or LaTeX Companion for explanation.
Type  H <return>  for immediate help.
 ...                                              
                                                  
l.341 \printbibliography[heading=none]
                                      
Try typing  <return>  to proceed.
If that doesn't work, type  X <return>  to quit.


Underfull \hbox (badness 10000) detected at line 341
[][]
 []


! LaTeX Error: Lonely \item--perhaps a missing list environment.

See the LaTeX manual or LaTeX Companion for explanation.
Type  H <return>  for immediate help.
 ...                                              
                                                  
l.341 \printbibliography[heading=none]
                                      
Try typing  <return>  to proceed.
If that doesn't work, type  X <return>  to quit.


Underfull \hbox (badness 10000) detected at line 341
[][]
 []


! LaTeX Error: Lonely \item--perhaps a missing list environment.

See the LaTeX manual or LaTeX Companion for explanation.
Type  H <return>  for immediate help.
 ...                                              
                                                  
l.341 \printbibliography[heading=none]
                                      
Try typing  <return>  to proceed.
If that doesn't work, type  X <return>  to quit.


Underfull \hbox (badness 10000) detected at line 341
[][]
 []


! LaTeX Error: Lonely \item--perhaps a missing list environment.

See the LaTeX manual or LaTeX Companion for explanation.
Type  H <return>  for immediate help.
 ...                                              
                                                  
l.341 \printbibliography[heading=none]
                                      
Try typing  <return>  to proceed.
If that doesn't work, type  X <return>  to quit.


Underfull \hbox (badness 10000) detected at line 341
[][]
 []


! LaTeX Error: Lonely \item--perhaps a missing list environment.

See the LaTeX manual or LaTeX Companion for explanation.
Type  H <return>  for immediate help.
 ...                                              
                                                  
l.341 \printbibliography[heading=none]
                                      
Try typing  <return>  to proceed.
If that doesn't work, type  X <return>  to quit.


Underfull \hbox (badness 10000) detected at line 341
[][]
 []


! LaTeX Error: Lonely \item--perhaps a missing list environment.

See the LaTeX manual or LaTeX Companion for explanation.
Type  H <return>  for immediate help.
 ...                                              
                                                  
l.341 \printbibliography[heading=none]
                                      
Try typing  <return>  to proceed.
If that doesn't work, type  X <return>  to quit.


Underfull \hbox (badness 10000) detected at line 341
[][]
 []


! LaTeX Error: Lonely \item--perhaps a missing list environment.

See the LaTeX manual or LaTeX Companion for explanation.
Type  H <return>  for immediate help.
 ...                                              
                                                  
l.341 \printbibliography[heading=none]
                                      
Try typing  <return>  to proceed.
If that doesn't work, type  X <return>  to quit.


Underfull \hbox (badness 10000) detected at line 341
[][]
 []


! LaTeX Error: Lonely \item--perhaps a missing list environment.

See the LaTeX manual or LaTeX Companion for explanation.
Type  H <return>  for immediate help.
 ...                                              
                                                  
l.341 \printbibliography[heading=none]
                                      
Try typing  <return>  to proceed.
If that doesn't work, type  X <return>  to quit.


Underfull \hbox (badness 10000) detected at line 341
[][]
 []


! LaTeX Error: Lonely \item--perhaps a missing list environment.

See the LaTeX manual or LaTeX Companion for explanation.
Type  H <return>  for immediate help.
 ...                                              
                                                  
l.341 \printbibliography[heading=none]
                                      
Try typing  <return>  to proceed.
If that doesn't work, type  X <return>  to quit.


Underfull \hbox (badness 10000) detected at line 341
[][]
 []

[21


]

! LaTeX Error: Lonely \item--perhaps a missing list environment.

See the LaTeX manual or LaTeX Companion for explanation.
Type  H <return>  for immediate help.
 ...                                              
                                                  
l.341 \printbibliography[heading=none]
                                      
Try typing  <return>  to proceed.
If that doesn't work, type  X <return>  to quit.


Underfull \hbox (badness 10000) detected at line 341
[][]
 []


! LaTeX Error: Lonely \item--perhaps a missing list environment.

See the LaTeX manual or LaTeX Companion for explanation.
Type  H <return>  for immediate help.
 ...                                              
                                                  
l.341 \printbibliography[heading=none]
                                      
Try typing  <return>  to proceed.
If that doesn't work, type  X <return>  to quit.


Underfull \hbox (badness 10000) detected at line 341
[][]
 []


! LaTeX Error: Lonely \item--perhaps a missing list environment.

See the LaTeX manual or LaTeX Companion for explanation.
Type  H <return>  for immediate help.
 ...                                              
                                                  
l.341 \printbibliography[heading=none]
                                      
Try typing  <return>  to proceed.
If that doesn't work, type  X <return>  to quit.


Underfull \hbox (badness 10000) detected at line 341
[][]
 []


! LaTeX Error: Lonely \item--perhaps a missing list environment.

See the LaTeX manual or LaTeX Companion for explanation.
Type  H <return>  for immediate help.
 ...                                              
                                                  
l.341 \printbibliography[heading=none]
                                      
Try typing  <return>  to proceed.
If that doesn't work, type  X <return>  to quit.


Underfull \hbox (badness 10000) detected at line 341
[][]
 []


! LaTeX Error: Lonely \item--perhaps a missing list environment.

See the LaTeX manual or LaTeX Companion for explanation.
Type  H <return>  for immediate help.
 ...                                              
                                                  
l.341 \printbibliography[heading=none]
                                      
Try typing  <return>  to proceed.
If that doesn't work, type  X <return>  to quit.


Underfull \hbox (badness 10000) detected at line 341
[][]
 []


! LaTeX Error: Lonely \item--perhaps a missing list environment.

See the LaTeX manual or LaTeX Companion for explanation.
Type  H <return>  for immediate help.
 ...                                              
                                                  
l.341 \printbibliography[heading=none]
                                      
Try typing  <return>  to proceed.
If that doesn't work, type  X <return>  to quit.


Underfull \hbox (badness 10000) detected at line 341
[][]
 []


! LaTeX Error: Lonely \item--perhaps a missing list environment.

See the LaTeX manual or LaTeX Companion for explanation.
Type  H <return>  for immediate help.
 ...                                              
                                                  
l.341 \printbibliography[heading=none]
                                      
Try typing  <return>  to proceed.
If that doesn't work, type  X <return>  to quit.


Underfull \hbox (badness 10000) detected at line 341
[][]
 []


! LaTeX Error: Lonely \item--perhaps a missing list environment.

See the LaTeX manual or LaTeX Companion for explanation.
Type  H <return>  for immediate help.
 ...                                              
                                                  
l.341 \printbibliography[heading=none]
                                      
Try typing  <return>  to proceed.
If that doesn't work, type  X <return>  to quit.


Underfull \hbox (badness 10000) detected at line 341
[][]
 []


! LaTeX Error: Lonely \item--perhaps a missing list environment.

See the LaTeX manual or LaTeX Companion for explanation.
Type  H <return>  for immediate help.
 ...                                              
                                                  
l.341 \printbibliography[heading=none]
                                      
Try typing  <return>  to proceed.
If that doesn't work, type  X <return>  to quit.


Underfull \hbox (badness 10000) detected at line 341
[][]
 []


! LaTeX Error: Lonely \item--perhaps a missing list environment.

See the LaTeX manual or LaTeX Companion for explanation.
Type  H <return>  for immediate help.
 ...                                              
                                                  
l.341 \printbibliography[heading=none]
                                      
Try typing  <return>  to proceed.
If that doesn't work, type  X <return>  to quit.


Underfull \hbox (badness 10000) detected at line 341
[][]
 []


! LaTeX Error: Lonely \item--perhaps a missing list environment.

See the LaTeX manual or LaTeX Companion for explanation.
Type  H <return>  for immediate help.
 ...                                              
                                                  
l.341 \printbibliography[heading=none]
                                      
Try typing  <return>  to proceed.
If that doesn't work, type  X <return>  to quit.


Underfull \hbox (badness 10000) detected at line 341
[][]
 []


! LaTeX Error: Lonely \item--perhaps a missing list environment.

See the LaTeX manual or LaTeX Companion for explanation.
Type  H <return>  for immediate help.
 ...                                              
                                                  
l.341 \printbibliography[heading=none]
                                      
Try typing  <return>  to proceed.
If that doesn't work, type  X <return>  to quit.


Underfull \hbox (badness 10000) detected at line 341
[][]
 []


! LaTeX Error: Lonely \item--perhaps a missing list environment.

See the LaTeX manual or LaTeX Companion for explanation.
Type  H <return>  for immediate help.
 ...                                              
                                                  
l.341 \printbibliography[heading=none]
                                      
Try typing  <return>  to proceed.
If that doesn't work, type  X <return>  to quit.


Underfull \hbox (badness 10000) detected at line 341
[][]
 []

[22]

! LaTeX Error: Lonely \item--perhaps a missing list environment.

See the LaTeX manual or LaTeX Companion for explanation.
Type  H <return>  for immediate help.
 ...                                              
                                                  
l.341 \printbibliography[heading=none]
                                      
Try typing  <return>  to proceed.
If that doesn't work, type  X <return>  to quit.


Underfull \hbox (badness 10000) detected at line 341
[][]
 []


! LaTeX Error: Lonely \item--perhaps a missing list environment.

See the LaTeX manual or LaTeX Companion for explanation.
Type  H <return>  for immediate help.
 ...                                              
                                                  
l.341 \printbibliography[heading=none]
                                      
Try typing  <return>  to proceed.
If that doesn't work, type  X <return>  to quit.


Underfull \hbox (badness 10000) detected at line 341
[][]
 []


! LaTeX Error: Lonely \item--perhaps a missing list environment.

See the LaTeX manual or LaTeX Companion for explanation.
Type  H <return>  for immediate help.
 ...                                              
                                                  
l.341 \printbibliography[heading=none]
                                      
Try typing  <return>  to proceed.
If that doesn't work, type  X <return>  to quit.


Underfull \hbox (badness 10000) detected at line 341
[][]
 []


! LaTeX Error: Lonely \item--perhaps a missing list environment.

See the LaTeX manual or LaTeX Companion for explanation.
Type  H <return>  for immediate help.
 ...                                              
                                                  
l.341 \printbibliography[heading=none]
                                      
Try typing  <return>  to proceed.
If that doesn't work, type  X <return>  to quit.


Underfull \hbox (badness 10000) detected at line 341
[][]
 []


! LaTeX Error: Lonely \item--perhaps a missing list environment.

See the LaTeX manual or LaTeX Companion for explanation.
Type  H <return>  for immediate help.
 ...                                              
                                                  
l.341 \printbibliography[heading=none]
                                      
Try typing  <return>  to proceed.
If that doesn't work, type  X <return>  to quit.


Underfull \hbox (badness 10000) detected at line 341
[][]
 []


! LaTeX Error: Lonely \item--perhaps a missing list environment.

See the LaTeX manual or LaTeX Companion for explanation.
Type  H <return>  for immediate help.
 ...                                              
                                                  
l.341 \printbibliography[heading=none]
                                      
Try typing  <return>  to proceed.
If that doesn't work, type  X <return>  to quit.


Underfull \hbox (badness 10000) detected at line 341
[][]
 []


! LaTeX Error: Lonely \item--perhaps a missing list environment.

See the LaTeX manual or LaTeX Companion for explanation.
Type  H <return>  for immediate help.
 ...                                              
                                                  
l.341 \printbibliography[heading=none]
                                      
Try typing  <return>  to proceed.
If that doesn't work, type  X <return>  to quit.


Underfull \hbox (badness 10000) detected at line 341
[][]
 []


! LaTeX Error: Lonely \item--perhaps a missing list environment.

See the LaTeX manual or LaTeX Companion for explanation.
Type  H <return>  for immediate help.
 ...                                              
                                                  
l.341 \printbibliography[heading=none]
                                      
Try typing  <return>  to proceed.
If that doesn't work, type  X <return>  to quit.


Underfull \hbox (badness 10000) detected at line 341
[][]
 []


! LaTeX Error: Lonely \item--perhaps a missing list environment.

See the LaTeX manual or LaTeX Companion for explanation.
Type  H <return>  for immediate help.
 ...                                              
                                                  
l.341 \printbibliography[heading=none]
                                      
Try typing  <return>  to proceed.
If that doesn't work, type  X <return>  to quit.


Underfull \hbox (badness 10000) detected at line 341
[][]
 []


! LaTeX Error: Lonely \item--perhaps a missing list environment.

See the LaTeX manual or LaTeX Companion for explanation.
Type  H <return>  for immediate help.
 ...                                              
                                                  
l.341 \printbibliography[heading=none]
                                      
Try typing  <return>  to proceed.
If that doesn't work, type  X <return>  to quit.


Underfull \hbox (badness 10000) detected at line 341
[][]
 []


! LaTeX Error: Lonely \item--perhaps a missing list environment.

See the LaTeX manual or LaTeX Companion for explanation.
Type  H <return>  for immediate help.
 ...                                              
                                                  
l.341 \printbibliography[heading=none]
                                      
Try typing  <return>  to proceed.
If that doesn't work, type  X <return>  to quit.


Underfull \hbox (badness 10000) detected at line 341
[][]
 []


! LaTeX Error: Lonely \item--perhaps a missing list environment.

See the LaTeX manual or LaTeX Companion for explanation.
Type  H <return>  for immediate help.
 ...                                              
                                                  
l.341 \printbibliography[heading=none]
                                      
Try typing  <return>  to proceed.
If that doesn't work, type  X <return>  to quit.


Underfull \hbox (badness 10000) detected at line 341
[][]
 []


! LaTeX Error: Lonely \item--perhaps a missing list environment.

See the LaTeX manual or LaTeX Companion for explanation.
Type  H <return>  for immediate help.
 ...                                              
                                                  
l.341 \printbibliography[heading=none]
                                      
Try typing  <return>  to proceed.
If that doesn't work, type  X <return>  to quit.


Underfull \hbox (badness 10000) detected at line 341
[][]
 []

[23{C:/Users/Bmd/AppData/Local/Programs/MiKTeX/fonts/enc/dvips/lm/lm-mathit.enc
}{C:/Users/Bmd/AppData/Local/Programs/MiKTeX/fonts/enc/dvips/lm/lm-rm.enc}]

! LaTeX Error: Lonely \item--perhaps a missing list environment.

See the LaTeX manual or LaTeX Companion for explanation.
Type  H <return>  for immediate help.
 ...                                              
                                                  
l.341 \printbibliography[heading=none]
                                      
Try typing  <return>  to proceed.
If that doesn't work, type  X <return>  to quit.


Underfull \hbox (badness 10000) detected at line 341
[][]
 []


! LaTeX Error: Lonely \item--perhaps a missing list environment.

See the LaTeX manual or LaTeX Companion for explanation.
Type  H <return>  for immediate help.
 ...                                              
                                                  
l.341 \printbibliography[heading=none]
                                      
Try typing  <return>  to proceed.
If that doesn't work, type  X <return>  to quit.


Underfull \hbox (badness 10000) detected at line 341
[][]
 []


! LaTeX Error: Lonely \item--perhaps a missing list environment.

See the LaTeX manual or LaTeX Companion for explanation.
Type  H <return>  for immediate help.
 ...                                              
                                                  
l.341 \printbibliography[heading=none]
                                      
Try typing  <return>  to proceed.
If that doesn't work, type  X <return>  to quit.


Underfull \hbox (badness 10000) detected at line 341
[][]
 []


! LaTeX Error: Lonely \item--perhaps a missing list environment.

See the LaTeX manual or LaTeX Companion for explanation.
Type  H <return>  for immediate help.
 ...                                              
                                                  
l.341 \printbibliography[heading=none]
                                      
Try typing  <return>  to proceed.
If that doesn't work, type  X <return>  to quit.


Underfull \hbox (badness 10000) detected at line 341
[][]
 []


! LaTeX Error: Lonely \item--perhaps a missing list environment.

See the LaTeX manual or LaTeX Companion for explanation.
Type  H <return>  for immediate help.
 ...                                              
                                                  
l.341 \printbibliography[heading=none]
                                      
Try typing  <return>  to proceed.
If that doesn't work, type  X <return>  to quit.


Underfull \hbox (badness 10000) detected at line 341
[][]
 []


! LaTeX Error: Lonely \item--perhaps a missing list environment.

See the LaTeX manual or LaTeX Companion for explanation.
Type  H <return>  for immediate help.
 ...                                              
                                                  
l.341 \printbibliography[heading=none]
                                      
Try typing  <return>  to proceed.
If that doesn't work, type  X <return>  to quit.


Underfull \hbox (badness 10000) detected at line 341
[][]
 []


! LaTeX Error: Lonely \item--perhaps a missing list environment.

See the LaTeX manual or LaTeX Companion for explanation.
Type  H <return>  for immediate help.
 ...                                              
                                                  
l.341 \printbibliography[heading=none]
                                      
Try typing  <return>  to proceed.
If that doesn't work, type  X <return>  to quit.


Underfull \hbox (badness 10000) detected at line 341
[][]
 []


! LaTeX Error: Lonely \item--perhaps a missing list environment.

See the LaTeX manual or LaTeX Companion for explanation.
Type  H <return>  for immediate help.
 ...                                              
                                                  
l.341 \printbibliography[heading=none]
                                      
Try typing  <return>  to proceed.
If that doesn't work, type  X <return>  to quit.


Underfull \hbox (badness 10000) detected at line 341
[][]
 []


! LaTeX Error: Lonely \item--perhaps a missing list environment.

See the LaTeX manual or LaTeX Companion for explanation.
Type  H <return>  for immediate help.
 ...                                              
                                                  
l.341 \printbibliography[heading=none]
                                      
Try typing  <return>  to proceed.
If that doesn't work, type  X <return>  to quit.


Underfull \hbox (badness 10000) detected at line 341
[][]
 []


! LaTeX Error: Lonely \item--perhaps a missing list environment.

See the LaTeX manual or LaTeX Companion for explanation.
Type  H <return>  for immediate help.
 ...                                              
                                                  
l.341 \printbibliography[heading=none]
                                      
Try typing  <return>  to proceed.
If that doesn't work, type  X <return>  to quit.


Underfull \hbox (badness 10000) detected at line 341
[][]
 []


! LaTeX Error: Lonely \item--perhaps a missing list environment.

See the LaTeX manual or LaTeX Companion for explanation.
Type  H <return>  for immediate help.
 ...                                              
                                                  
l.341 \printbibliography[heading=none]
                                      
Try typing  <return>  to proceed.
If that doesn't work, type  X <return>  to quit.


Underfull \hbox (badness 10000) detected at line 341
[][]
 []


! LaTeX Error: Lonely \item--perhaps a missing list environment.

See the LaTeX manual or LaTeX Companion for explanation.
Type  H <return>  for immediate help.
 ...                                              
                                                  
l.341 \printbibliography[heading=none]
                                      
Try typing  <return>  to proceed.
If that doesn't work, type  X <return>  to quit.


Underfull \hbox (badness 10000) detected at line 341
[][]
 []


! LaTeX Error: Lonely \item--perhaps a missing list environment.

See the LaTeX manual or LaTeX Companion for explanation.
Type  H <return>  for immediate help.
 ...                                              
                                                  
l.341 \printbibliography[heading=none]
                                      
Try typing  <return>  to proceed.
If that doesn't work, type  X <return>  to quit.


Underfull \hbox (badness 10000) detected at line 341
[][]
 []


! LaTeX Error: Lonely \item--perhaps a missing list environment.

See the LaTeX manual or LaTeX Companion for explanation.
Type  H <return>  for immediate help.
 ...                                              
                                                  
l.341 \printbibliography[heading=none]
                                      
Try typing  <return>  to proceed.
If that doesn't work, type  X <return>  to quit.


Underfull \hbox (badness 10000) detected at line 341
[][]
 []

[24]

! LaTeX Error: Lonely \item--perhaps a missing list environment.

See the LaTeX manual or LaTeX Companion for explanation.
Type  H <return>  for immediate help.
 ...                                              
                                                  
l.341 \printbibliography[heading=none]
                                      
Try typing  <return>  to proceed.
If that doesn't work, type  X <return>  to quit.


Underfull \hbox (badness 10000) detected at line 341
[][]
 []


! LaTeX Error: Lonely \item--perhaps a missing list environment.

See the LaTeX manual or LaTeX Companion for explanation.
Type  H <return>  for immediate help.
 ...                                              
                                                  
l.341 \printbibliography[heading=none]
                                      
Try typing  <return>  to proceed.
If that doesn't work, type  X <return>  to quit.


Underfull \hbox (badness 10000) detected at line 341
[][]
 []


! LaTeX Error: Lonely \item--perhaps a missing list environment.

See the LaTeX manual or LaTeX Companion for explanation.
Type  H <return>  for immediate help.
 ...                                              
                                                  
l.341 \printbibliography[heading=none]
                                      
Try typing  <return>  to proceed.
If that doesn't work, type  X <return>  to quit.


Underfull \hbox (badness 10000) detected at line 341
[][]
 []


! LaTeX Error: Lonely \item--perhaps a missing list environment.

See the LaTeX manual or LaTeX Companion for explanation.
Type  H <return>  for immediate help.
 ...                                              
                                                  
l.341 \printbibliography[heading=none]
                                      
Try typing  <return>  to proceed.
If that doesn't work, type  X <return>  to quit.


Underfull \hbox (badness 10000) detected at line 341
[][]
 []


! LaTeX Error: Lonely \item--perhaps a missing list environment.

See the LaTeX manual or LaTeX Companion for explanation.
Type  H <return>  for immediate help.
 ...                                              
                                                  
l.341 \printbibliography[heading=none]
                                      
Try typing  <return>  to proceed.
If that doesn't work, type  X <return>  to quit.


Underfull \hbox (badness 10000) detected at line 341
[][]
 []


! LaTeX Error: Lonely \item--perhaps a missing list environment.

See the LaTeX manual or LaTeX Companion for explanation.
Type  H <return>  for immediate help.
 ...                                              
                                                  
l.341 \printbibliography[heading=none]
                                      
Try typing  <return>  to proceed.
If that doesn't work, type  X <return>  to quit.


Underfull \hbox (badness 10000) detected at line 341
[][]
 []


! LaTeX Error: Lonely \item--perhaps a missing list environment.

See the LaTeX manual or LaTeX Companion for explanation.
Type  H <return>  for immediate help.
 ...                                              
                                                  
l.341 \printbibliography[heading=none]
                                      
Try typing  <return>  to proceed.
If that doesn't work, type  X <return>  to quit.


Underfull \hbox (badness 10000) detected at line 341
[][]
 []


! LaTeX Error: Lonely \item--perhaps a missing list environment.

See the LaTeX manual or LaTeX Companion for explanation.
Type  H <return>  for immediate help.
 ...                                              
                                                  
l.341 \printbibliography[heading=none]
                                      
Try typing  <return>  to proceed.
If that doesn't work, type  X <return>  to quit.


Underfull \hbox (badness 10000) detected at line 341
[][]
 []


! LaTeX Error: Lonely \item--perhaps a missing list environment.

See the LaTeX manual or LaTeX Companion for explanation.
Type  H <return>  for immediate help.
 ...                                              
                                                  
l.341 \printbibliography[heading=none]
                                      
Try typing  <return>  to proceed.
If that doesn't work, type  X <return>  to quit.


Underfull \hbox (badness 10000) detected at line 341
[][]
 []


! LaTeX Error: Lonely \item--perhaps a missing list environment.

See the LaTeX manual or LaTeX Companion for explanation.
Type  H <return>  for immediate help.
 ...                                              
                                                  
l.341 \printbibliography[heading=none]
                                      
Try typing  <return>  to proceed.
If that doesn't work, type  X <return>  to quit.


Underfull \hbox (badness 10000) detected at line 341
[][]
 []


! LaTeX Error: Lonely \item--perhaps a missing list environment.

See the LaTeX manual or LaTeX Companion for explanation.
Type  H <return>  for immediate help.
 ...                                              
                                                  
l.341 \printbibliography[heading=none]
                                      
Try typing  <return>  to proceed.
If that doesn't work, type  X <return>  to quit.


Underfull \hbox (badness 10000) detected at line 341
[][]
 []


! LaTeX Error: Lonely \item--perhaps a missing list environment.

See the LaTeX manual or LaTeX Companion for explanation.
Type  H <return>  for immediate help.
 ...                                              
                                                  
l.341 \printbibliography[heading=none]
                                      
Try typing  <return>  to proceed.
If that doesn't work, type  X <return>  to quit.


Underfull \hbox (badness 10000) detected at line 341
[][]
 []


! LaTeX Error: Lonely \item--perhaps a missing list environment.

See the LaTeX manual or LaTeX Companion for explanation.
Type  H <return>  for immediate help.
 ...                                              
                                                  
l.341 \printbibliography[heading=none]
                                      
Try typing  <return>  to proceed.
If that doesn't work, type  X <return>  to quit.


Underfull \hbox (badness 10000) detected at line 341
[][]
 []


! LaTeX Error: Lonely \item--perhaps a missing list environment.

See the LaTeX manual or LaTeX Companion for explanation.
Type  H <return>  for immediate help.
 ...                                              
                                                  
l.341 \printbibliography[heading=none]
                                      
Try typing  <return>  to proceed.
If that doesn't work, type  X <return>  to quit.


Underfull \hbox (badness 10000) detected at line 341
[][]
 []


! LaTeX Error: Lonely \item--perhaps a missing list environment.

See the LaTeX manual or LaTeX Companion for explanation.
Type  H <return>  for immediate help.
 ...                                              
                                                  
l.341 \printbibliography[heading=none]
                                      
Try typing  <return>  to proceed.
If that doesn't work, type  X <return>  to quit.


Underfull \hbox (badness 10000) detected at line 341
[][]
 []

[25]

! LaTeX Error: Lonely \item--perhaps a missing list environment.

See the LaTeX manual or LaTeX Companion for explanation.
Type  H <return>  for immediate help.
 ...                                              
                                                  
l.341 \printbibliography[heading=none]
                                      
Try typing  <return>  to proceed.
If that doesn't work, type  X <return>  to quit.


Underfull \hbox (badness 10000) detected at line 341
[][]
 []


! LaTeX Error: Lonely \item--perhaps a missing list environment.

See the LaTeX manual or LaTeX Companion for explanation.
Type  H <return>  for immediate help.
 ...                                              
                                                  
l.341 \printbibliography[heading=none]
                                      
Try typing  <return>  to proceed.
If that doesn't work, type  X <return>  to quit.


Underfull \hbox (badness 10000) detected at line 341
[][]
 []

[26] (main.toc)
\tf@toc=\write6
\openout6 = `main.toc'.

 [27


] (main.aux)
 ***********
LaTeX2e <2026-06-01>
L3 programming layer <2026-06-18>
 ***********


LaTeX Warning: There were undefined references.

Package rerunfilecheck Info: File `main.out' has not changed.
(rerunfilecheck)             Checksum: E6DAAAD6856BFCBE1AFE60FCE96A6B25;3833.

Package biblatex Warning: Please (re)run Biber on the file:
(biblatex)                main
(biblatex)                and rerun LaTeX afterwards.

Package logreq Info: Writing requests to 'main.run.xml'.
\openout1 = `main.run.xml'.

 )
(\end occurred inside a group at level 8)

### semi simple group (level 8) entered at line 2883 (\begingroup)
### semi simple group (level 7) entered at line 2050 (\begingroup)
### semi simple group (level 6) entered at line 1679 (\begingroup)
### semi simple group (level 5) entered at line 752 (\begingroup)
### semi simple group (level 4) entered at line 21 (\begingroup)
### semi simple group (level 3) entered at line 20 (\begingroup)
### semi simple group (level 2) entered at line 203 (\begingroup)
### semi simple group (level 1) entered at line 203 (\begingroup)
### bottom level 
Here is how much of TeX's memory you used:
 38459 strings out of 467510
 731424 string characters out of 5409767
 1699018 words of memory out of 5000000
 66749 multiletter control sequences out of 15000+600000
 698201 words of font info for 202 fonts, out of 8000000 for 9000
 1141 hyphenation exceptions out of 8191
 102i,12n,117p,1199b,2907s stack positions out of 10000i,1000n,20000p,200000b,200000s
<C:/Users/Bmd/AppData/Local/Programs/MiKTeX/fonts/type1/public/
lm/lmbx12.pfb><C:/Users/Bmd/AppData/Local/Programs/MiKTeX/fonts/type1/public/lm
/lmbx8.pfb><C:/Users/Bmd/AppData/Local/Programs/MiKTeX/fonts/type1/public/lm/lm
bxi10.pfb><C:/Users/Bmd/AppData/Local/Programs/MiKTeX/fonts/type1/public/lm/lmc
sc10.pfb><C:/Users/Bmd/AppData/Local/Programs/MiKTeX/fonts/type1/public/lm/lmmi
12.pfb><C:/Users/Bmd/AppData/Local/Programs/MiKTeX/fonts/type1/public/lm/lmr12.
pfb><C:/Users/Bmd/AppData/Local/Programs/MiKTeX/fonts/type1/public/lm/lmr8.pfb>
<C:/Users/Bmd/AppData/Local/Programs/MiKTeX/fonts/type1/public/lm/lmri12.pfb><C
:/Users/Bmd/AppData/Local/Programs/MiKTeX/fonts/type1/public/lm/lmri8.pfb>
Output written on main.pdf (29 pages, 369642 bytes).
PDF statistics:
 519 PDF objects out of 1000 (max. 8388607)
 116 named destinations out of 1000 (max. 500000)
 32909 words of extra memory for PDF output out of 35830 (max. 10000000)

