
. if _rc {
.     local horodate = subinstr("`c(current_date)'_`c(current_time)'", ":", "-", .)
.     local horodate = subinstr("`horodate'", " ", "_", .)
.     global LOGFILE "code/stata/logs/tout_`horodate'.log"
.     log using "$LOGFILE", replace text
. }

. di ">>> Log ouvert : $LOGFILE"
>>> Log ouvert : code/stata/logs/tout.log

. 
. di _newline(2) ">>> DEBUT DU PIPELINE COMPLET <<<"


>>> DEBUT DU PIPELINE COMPLET <<<

. di "$(date)"
$(date)

. 
. /* ============================================================
>    SECTION 0 : CONFIG
>    ============================================================ */
. 
. /* Donnees brutes : telechargement direct depuis le depot GitHub (public).
>    Stata lit les fichiers .dta via https avec use/merge, sans copie locale
>    prealable. Chaque execution re-telecharge les bases (~300 Mo au total),
>    prevoir une bonne connexion. Les sorties (temp, output, logs) restent
>    ecrites en local, car save ne peut pas ecrire vers une URL. */
. global RAW       "https://raw.githubusercontent.com/JODRAFF9/MEMOIRE/main"

. global BASE_2018 "$RAW/Base/2018-2019/SEN_2018_EHCVM_v02_M_Stata"

. global BASE_2021 "$RAW/Base/2021-2022/SEN_2021_EHCVM-2_v01_M_STATA14"

. global OUTPUT    "code/stata/output"

. global TEMP      "code/stata/temp"

. global PREP      "code/stata/temp/prepared"

. global LOGS      "code/stata/logs"

. 
. /* Parametres methodologiques */
. global SEED              123

. global K_MODA            4        /* seuil MODA : >= 4 dimensions sur 7      */

. global N_BOOT            1000

. global CODE_ETRANGER_MIN 4        /* s13aq14 / s13q19 >= 4 = expediteur etranger */

. global CALIPER           0.05

. global K_VOISINS         4

. 
. set seed   $SEED

. set more   off

. set varabbrev off

. 
. /* Pas de ponderation par poids d'enquete (hhweight) dans ce projet :
>    toutes les statistiques et estimations sont calculees sur effectifs
>    bruts. Les erreurs-types sont clusterisees au niveau de la grappe
>    (vce(cluster grappe)) pour tenir compte du plan de sondage en grappes,
>    sans recourir aux poids de sondage. */
. 
. foreach d in "$OUTPUT" "$TEMP" "$PREP" "$LOGS" {
  2.     capture mkdir "`d'"
  3. }

. 
. 
. /* ============================================================
>    SECTION : 02_TRAITEMENT — Variable de traitement + identifiant panel
> 
>    D = 1 si le menage a recu un transfert de l'etranger
>    panel_id = identifiant unique grappe-menage pour le panel vrai
> 
>    NB : s13aq14 (2018) et s13q19 (2021) indiquent le pays de
>         l'expediteur ; >= CODE_ETRANGER_MIN => transfert etranger
>    ============================================================ */
. 
. 
. /* ── Construction pour chaque vague ──────────────────────── */
. 
. di _newline ">>> Prevalence des transferts de migrants :"

>>> Prevalence des transferts de migrants :

. local annee 2018

. local var_lieu s13aq14

. local var_exmbr s13aq12

. local fich_det s13a_2

. local fich_list s13a_1

. 
.     /* Resoudre le chemin de base selon l'annee (evite l'ambiguite $BASE_`annee') */
.     if `annee' == 2018 local base "$BASE_2018"

.     else               local base "$BASE_2021"

. 
.     /* Identifier les menages avec au moins un transfert etranger */
.     use "`base'/`fich_det'_me_sen`annee'.dta", clear

.     /* Transfert etranger, quel que soit le lien de l'expediteur au
>        menage : le traitement retient tout transfert recu de l'etranger,
>        sans exiger que l'expediteur ait vecu dans le menage. La solidarite
>        transnationale deborde le seul ancien membre (parents eloignes,
>        reseaux villageois), et conditionner au lien restreindrait le
>        traitement sans que la theorie ne l'impose. Le lien reste observe
>        (var_exmbr, s13aq12 en 2018 / s13q17 en 2021) a titre descriptif. */
.     keep if `var_lieu' >= $CODE_ETRANGER_MIN & !missing(`var_lieu')
(5,997 observations deleted)

.     bysort grappe menage: keep if _n == 1
(822 observations deleted)

.     gen transfert_migrant = 1

.     keep grappe menage transfert_migrant

.     tempfile etrangers

.     save `etrangers'
file C:\Users\Bmd\AppData\Local\Temp\ST_4dd8_000001.tmp saved as .dta format

. 
.     /* Fusionner sur la liste exhaustive des menages */
.     use "`base'/`fich_list'_me_sen`annee'.dta", clear

.     merge m:1 grappe menage using `etrangers', ///
>         keepusing(transfert_migrant) nogenerate

    Result                      Number of obs
    -----------------------------------------
    Not matched                         5,572
        from master                     5,572  
        from using                          0  

    Matched                             1,584  
    -----------------------------------------

.     replace transfert_migrant = 0 if missing(transfert_migrant)
(5,572 real changes made)

.     rename transfert_migrant D

.     bysort grappe menage: keep if _n == 1
(0 observations deleted)

.     label var D "Traitement : transfert de migrant recu (1=oui)"

.     keep grappe menage D

.     save "$TEMP/traitement_`annee'.dta", replace
file code/stata/temp/traitement_2018.dta saved

. 
.     quietly summarize D

.     di "  `annee' : " %5.1f r(mean)*100 "%  (" %4.0f r(sum) "/" %5.0f r(N) " menages)"
  2018 :  22.1%  (1584/ 7156 menages)

. 
.     /* ── Intensite du traitement : montant annuel recu ────────────
>        Meme perimetre que D (tout transfert recu de l'etranger).
>        Le montant par envoi est annualise par la frequence declaree, puis
>        somme sur l'ensemble des transferts eligibles du menage.
>        v_montant / v_freq : s13aq17a/b en 2018, s13q22a/b en 2021. */
.     if `annee' == 2018 {
.         local v_montant s13aq17a
.         local v_freq    s13aq17b
.     }

.     else {
.         local v_montant s13q22a
.         local v_freq    s13q22b
.     }

.     use "`base'/`fich_det'_me_sen`annee'.dta", clear

.     keep if `var_lieu' >= $CODE_ETRANGER_MIN & !missing(`var_lieu') ///
>         & `var_exmbr' == 1
(7,032 observations deleted)

.     gen double mult = .
(1,371 missing values generated)

.     replace mult = 12 if `v_freq' == 1   /* mois       */
(782 real changes made)

.     replace mult = 4  if `v_freq' == 2   /* trimestre  */
(49 real changes made)

.     replace mult = 2  if `v_freq' == 3   /* semestre   */
(10 real changes made)

.     replace mult = 1  if `v_freq' == 4   /* annee      */
(104 real changes made)

.     replace mult = 1  if `v_freq' == 5   /* irregulier : deja sur 12 mois */
(426 real changes made)

.     gen double montant = `v_montant' * mult
(4 missing values generated)

.     collapse (sum) montant_transf = montant, by(grappe menage)

.     drop if montant_transf <= 0
(3 observations deleted)

.     label var montant_transf "Montant annuel de transferts recus (FCFA)"

.     save "$TEMP/montant_`annee'.dta", replace
file code/stata/temp/montant_2018.dta saved

.     di "  Montant annuel (menages beneficiaires, `annee') :"
  Montant annuel (menages beneficiaires, 2018) :

.     summarize montant_transf, detail

          Montant annuel de transferts recus (FCFA)
-------------------------------------------------------------
      Percentiles      Smallest
 1%        10000           5000
 5%        25000           5000
10%        50000           9999       Obs                 917
25%       170000           9999       Sum of wgt.         917

50%       720000                      Mean            1162284
                        Largest       Std. dev.       1393835
75%      1800000        8350000
90%      2700000        8400000       Variance       1.94e+12
95%      4200000        8400000       Skewness       2.222669
99%      7200000        8400000       Kurtosis       9.225487

. 
. local annee 2021

. local var_lieu s13q19

. local var_exmbr s13q17

. local fich_det s13_2

. local fich_list s13_1

. 
.     /* Resoudre le chemin de base selon l'annee (evite l'ambiguite $BASE_`annee') */
.     if `annee' == 2018 local base "$BASE_2018"

.     else               local base "$BASE_2021"

. 
.     /* Identifier les menages avec au moins un transfert etranger */
.     use "`base'/`fich_det'_me_sen`annee'.dta", clear

.     /* Transfert etranger, quel que soit le lien de l'expediteur au
>        menage : le traitement retient tout transfert recu de l'etranger,
>        sans exiger que l'expediteur ait vecu dans le menage. La solidarite
>        transnationale deborde le seul ancien membre (parents eloignes,
>        reseaux villageois), et conditionner au lien restreindrait le
>        traitement sans que la theorie ne l'impose. Le lien reste observe
>        (var_exmbr, s13aq12 en 2018 / s13q17 en 2021) a titre descriptif. */
.     keep if `var_lieu' >= $CODE_ETRANGER_MIN & !missing(`var_lieu')
(7,890 observations deleted)

.     bysort grappe menage: keep if _n == 1
(1,010 observations deleted)

.     gen transfert_migrant = 1

.     keep grappe menage transfert_migrant

.     tempfile etrangers

.     save `etrangers'
file C:\Users\Bmd\AppData\Local\Temp\ST_4dd8_000002.tmp saved as .dta format

. 
.     /* Fusionner sur la liste exhaustive des menages */
.     use "`base'/`fich_list'_me_sen`annee'.dta", clear

.     merge m:1 grappe menage using `etrangers', ///
>         keepusing(transfert_migrant) nogenerate

    Result                      Number of obs
    -----------------------------------------
    Not matched                         5,355
        from master                     5,355  
        from using                          0  

    Matched                             1,765  
    -----------------------------------------

.     replace transfert_migrant = 0 if missing(transfert_migrant)
(5,355 real changes made)

.     rename transfert_migrant D

.     bysort grappe menage: keep if _n == 1
(0 observations deleted)

.     label var D "Traitement : transfert de migrant recu (1=oui)"

.     keep grappe menage D

.     save "$TEMP/traitement_`annee'.dta", replace
file code/stata/temp/traitement_2021.dta saved

. 
.     quietly summarize D

.     di "  `annee' : " %5.1f r(mean)*100 "%  (" %4.0f r(sum) "/" %5.0f r(N) " menages)"
  2021 :  24.8%  (1765/ 7120 menages)

. 
. 
. /* ── Identifiant panel (PanelHH) ─────────────────────────── */
. /*
>    On recupere PanelHH depuis s00_me_sen2021 et on le joint
>    au fichier traitement_2021 pour distinguer :
>      - panel vrai  (PanelHH=1, grappe+menage communs aux 2 vagues)
>      - remplacement (PanelHH=0, ménage nouveau en 2021)
> */
. 
. use "$BASE_2021/s00_me_sen2021.dta", clear

. keep grappe menage PanelHH

. label var PanelHH "Type de menage (1=Panel, 0=Nouveau)"

. save "$TEMP/panel_id.dta", replace
file code/stata/temp/panel_id.dta saved

. 
. /* Verifier cohérence : les memes (grappe,menage) en 2018 */
. use "$TEMP/traitement_2018.dta", clear

. merge 1:1 grappe menage using "$TEMP/panel_id.dta", ///
>     keepusing(PanelHH) nogenerate

    Result                      Number of obs
    -----------------------------------------
    Not matched                         1,412
        from master                       724  
        from using                        688  

    Matched                             6,432  
    -----------------------------------------

. quietly count if PanelHH == 1

. di _newline "Menages panel retrouves dans traitement_2018 : " r(N)

Menages panel retrouves dans traitement_2018 : 6127

. save "$TEMP/traitement_2018.dta", replace
file code/stata/temp/traitement_2018.dta saved

. 
. di _newline ">>> Statut de traitement par type de menage (vague 2021) :"

>>> Statut de traitement par type de menage (vague 2021) :

. use "$TEMP/traitement_2021.dta", clear

. merge 1:1 grappe menage using "$TEMP/panel_id.dta", ///
>     keepusing(PanelHH) nogenerate

    Result                      Number of obs
    -----------------------------------------
    Not matched                             0
    Matched                             7,120  
    -----------------------------------------

. tabstat D, by(PanelHH) stat(mean sum n) format(%6.3f)

Summary for variables: D
Group variable: PanelHH (Type de menage (1=Panel, 0=Nouveau))

       PanelHH |      Mean       Sum         N
---------------+------------------------------
Nouveau Ménage |     0.270   268.000   993.000
  Menage Panel |     0.244  1497.000  6127.000
---------------+------------------------------
         Total |     0.248  1765.000  7120.000
----------------------------------------------

. save "$TEMP/traitement_2021.dta", replace
file code/stata/temp/traitement_2021.dta saved

. 
. /* ============================================================
>    SECTION : 03_DEPRIVATION — Indicateurs de pauvrete multidimensionnelle
> 
>    Approche : MODA Senegal (7 dimensions, k=4)
> 
>    Produit : $TEMP/enfants_dep_ANNEE.dta pour annee in {2018, 2021}
>    ============================================================ */
. 
. 
. /* --------------------------------------------------------------------------
>    MODA — 7 dimensions, seuil k=4, unite = enfant. Definitions RETENUES
>    (telles qu'implementees ci-dessous ; variables 2018 / 2021) :
> 
>    1. ASSAINISSEMENT   m_toilet (s11q55/54) ; m_partag_toi (s11q56/55)
>    2. EAU             m_eau_source (s11q26a/b, filtre s11q32/31)
>                       m_eau_temps  (s11q29a/28a, s11q31a/30a)
>    3. LOGEMENT        m_ordures (s11q54/53) ; m_surpeup (hhsize / s11q02)
>    4. NUTRITION       m_securite (s08a, 8 questions FIES)
>    5. SANTE           m_combust (s11q53/52) ; m_sante_acces (s02_co, s02q02)
>    6. PROTECTION      m_acte_nais (s01q05) ; m_trav_enf (s04)
>                       m_parents (s01q22/s01q29) calcule a titre descriptif,
>                       hors agregat
>    7. EDUCATION       m_scol (scol) ; m_alfab (alfab)
>    -------------------------------------------------------------------------- */
. 
. /* ============================================================
>    Boucle principale sur les deux annees
>    ============================================================ */
. 
. foreach annee in 2018 2021 {
  2. 
.     if `annee' == 2018 local base "$BASE_2018"
  3.     else               local base "$BASE_2021"
  4. 
.     /* ============================================================
>        A. PREPARATION DES DONNEES — fusion de toutes les sections
>           necessaires de l'annee, avant tout calcul d'indicateur.
>        ============================================================ */
. 
.     /* A1. Individus 0-17 ans (ehcvm_individu) */
.     use "`base'/ehcvm_individu_sen`annee'.dta", clear
  5.     keep if age >= 0 & age <= 17 & !missing(age)
  6.     gen annee = `annee'
  7.     di _newline ">>> Enfants `annee' : " _N
  8. 
.     /* A1bis. Categorie socioprofessionnelle du chef de menage.
>        Le fichier welfare ne la porte pas : elle est extraite du fichier
>        individus, sur la ligne du chef (lien == 1). La variable csp n'est
>        definie que pour les personnes en emploi ; les chefs sans emploi ou
>        non renseignes (environ un quart) recoivent une modalite propre
>        plutot que d'etre exclus de l'estimation. */
.     preserve
  9.         use "`base'/ehcvm_individu_sen`annee'.dta", clear
 10.         keep if lien == 1
 11.         bysort grappe menage: keep if _n == 1
 12.         gen byte hcsp = csp
 13.         replace  hcsp = 0 if missing(csp)
 14.         label define csp_lbl 0 "Sans emploi ou non renseigne" ///
>             1 "Cadre superieur" 2 "Cadre moyen" 3 "Ouvrier qualifie" ///
>             4 "Ouvrier non qualifie" 5 "Manoeuvre, aide menagere" ///
>             6 "Apprenti remunere" 7 "Apprenti non remunere" ///
>             8 "Travailleur familial" 9 "Compte propre" 10 "Patron", replace
 15.         label values hcsp csp_lbl
 16.         label var hcsp "Categorie socioprofessionnelle du chef de menage"
 17.         keep grappe menage hcsp
 18.         tempfile csp_chef
 19.         save `csp_chef'
 20.         di "  CSP du chef `annee' :"
 21.         tab hcsp
 22.     restore
 23.     merge m:1 grappe menage using `csp_chef', keepusing(hcsp) ///
>         nogenerate keep(master match)
 24. 
.     /* A2. Welfare : hhsize, pcexp, covariables PSM */
.     merge m:1 grappe menage using ///
>         "`base'/ehcvm_welfare_sen`annee'.dta", ///
>         keepusing(hhsize pcexp region milieu hgender hage heduc hmstat hhweight) ///
>         nogenerate keep(master match)
 25. 
.     /* A3. Menage (ehcvm_menage) : toilettes, eau, ordures.
>        ehcvm_menage n'a pas grappe/menage, seulement hhid
>        (2018 : hhid = grappe*1000+menage ; 2021 : grappe*100+menage). */
.     if `annee' == 2018 {
 26.         local v_partag "s11q56"
 27.         local v_type_toi "s11q55"
 28.         local v_tps_ss "s11q29a"
 29.         local v_tps_sp "s11q31a"
 30.         local v_tps_ss_h "s11q29b_heure"
 31.         local v_tps_ss_m "s11q29b_minute"
 32.         local v_tps_sp_h "s11q31b_heure"
 33.         local v_tps_sp_m "s11q31b_minutes"
 34.         local v_comb   "s11q53"
 35.         local v_src_ss "s11q27a"
 36.         local v_src_sp "s11q27b"
 37.         local v_treat  "s11q33"
 38.         local v_gate   "s11q32"   /* filtre traitement de l'eau : 1=oui, 2=non,
>                                      3=ne sait pas. Denominateur = repondants (1/2) */
 39.         local v_ordure "s11q54"   /* mode de debarras des ordures menageres */
 40.     }
 41.     else {
 42.         local v_partag "s11q55"
 43.         local v_type_toi "s11q54"
 44.         local v_tps_ss "s11q28a"
 45.         local v_tps_sp "s11q30a"
 46.         local v_tps_ss_h "s11q28b_heure"
 47.         local v_tps_ss_m "s11q28b_minute"
 48.         local v_tps_sp_h "s11q30b_heure"
 49.         local v_tps_sp_m "s11q30b_minutes"
 50.         local v_comb   "s11q52"
 51.         local v_src_ss "s11q26a"
 52.         local v_src_sp "s11q26b"
 53.         local v_treat  "s11q32"   /* methode de traitement de l'eau EHCVM II
>                                      (s11q31 = traite/non ; s11q32 = methode) */
 54.         local v_gate   "s11q31"   /* filtre traitement de l'eau : 1=oui, 2=non,
>                                      3=ne sait pas. Denominateur = repondants (1/2) */
 55.         local v_ordure "s11q53"   /* mode de debarras des ordures menageres */
 56.     }
 57.     /* Annexe I : combustible solide = bois ramasse(1), bois achete(2),
>        charbon de bois(3), dechets animaux(7), autres(8). Exclut gaz(4),
>        electricite(5), petrole/huile(6) consideres comme non solides. */
.     local comb_vars "`v_comb'__1 `v_comb'__2 `v_comb'__3 `v_comb'__7 `v_comb'__8"
 58. 
.     capture drop hhid
 59.     if `annee' == 2018 gen long hhid = grappe * 1000 + menage
 60.     else               gen long hhid = grappe * 100  + menage
 61.     merge m:1 hhid using ///
>         "`base'/ehcvm_menage_sen`annee'.dta", ///
>         keepusing(eauboi_ss eauboi_sp ordure) ///
>         nogenerate keep(master match)
 62. 
.     /* A4. Module habitat (s11_me) : partage toilettes, temps d'acces
>        a l'eau, nombre de pieces, combustible de cuisine. */
.     preserve
 63.         use "`base'/s11_me_sen`annee'.dta", clear
 64.         local v_opt "`v_treat'* `v_tps_ss_h' `v_tps_ss_m' `v_tps_sp_h' `v_tps_sp_m'"
 65.         capture keep grappe menage s11q02 `v_partag' `v_type_toi' `v_tps_ss' `v_tps_sp' ///
>             `v_src_ss' `v_src_sp' `v_gate' `v_ordure' `comb_vars' `v_opt'
 66.         if _rc {
 67.             di as error ">>> ATTENTION : variables eau optionnelles (traitement `v_treat'__* et/ou temps a la so
> urce `v_tps_ss_h'...) introuvables pour `annee' : verifier les noms."
 68.             keep grappe menage s11q02 `v_partag' `v_type_toi' `v_tps_ss' `v_tps_sp' ///
>                 `v_src_ss' `v_src_sp' `v_gate' `v_ordure' `comb_vars'
 69.         }
 70.         rename s11q02 nb_pieces
 71.         tempfile s11_temp
 72.         save `s11_temp'
 73.     restore
 74.     merge m:1 grappe menage using `s11_temp', nogenerate keep(master match)
 75. 
.     /* A4bis. Module communautaire (s02_co) : acces a pied a une structure
>        de sante (hopital, service 5 ; autre centre de sante public, service 6).
>        Structure du questionnaire : a la question 2.01 "Ce service existe-t-il
>        dans la localite ?", une reponse OUI saute directement a 2.04, SANS
>        poser le mode d'acces 2.02. Le mode (2.02, 1=Pieds) n'est donc renseigne
>        que pour les services ABSENTS localement (trajet vers le plus proche).
> 
>        Est prive l'enfant dont le MODE habituel pour rejoindre une
>        structure publique (services 5/6) n'est pas la marche (s02q02==1).
>        L'existence d'une structure sur place n'est pas assimilee a un acces
>        a pied. Agregation par grappe en OU : collapse (max) sur pfoot.
>        Le residu par rapport a l'ANSD tient aux localites disposant d'une
>        structure sur place, pour lesquelles le mode d'acces n'est pas
>        renseigne. 2018 : identifiant du service dans
>        s02q00. 2021 : s02q00 absent (26 services, meme ordre, 26 lignes/grappe
>        -> identifiant = rang de la ligne). */
.     preserve
 76.         use "`base'/s02_co_sen`annee'.dta", clear
 77.         gen long _ord = _n
 78.         if `annee' == 2018  gen int svc_id = s02q00
 79.         else                bysort grappe (_ord): gen int svc_id = _n
 80.         keep if inlist(svc_id, 5, 6)
 81.         /* Acces a pied STRICT : mode habituel = marche (s02q02==1).
>            L'existence locale n'implique pas l'acces a pied -> non retenue. */
.         gen byte pfoot = (s02q02 == 1)
 82.         collapse (max) sante_pfoot = pfoot, by(grappe)
 83.         tempfile s02_temp
 84.         save `s02_temp'
 85.     restore
 86.     merge m:1 grappe using `s02_temp', keepusing(sante_pfoot) ///
>         nogenerate keep(master match)
 87.     gen byte m_sante_acces = (sante_pfoot != 1)
 88. 
.     /* A5. Securite alimentaire (s08a_me), variables brutes (traitement Non-retenu en calcul) */
.     preserve
 89.         use "`base'/s08a_me_sen`annee'.dta", clear
 90.         keep grappe menage s08aq01 s08aq02 s08aq03 s08aq04 s08aq05 ///
>                            s08aq06 s08aq07 s08aq08
 91.         tempfile s08a_temp
 92.         save `s08a_temp'
 93.     restore
 94.     merge m:1 grappe menage using `s08a_temp', nogenerate keep(master match)
 95. 
.     /* A6. Acte de naissance + presence des parents biologiques (s01_me),
>        cle individuelle. s01q22 = "Le pere de [NOM] habite-t-il dans le
>        menage ?" ; s01q29 = "La mere de [NOM] habite-t-elle dans le menage ?"
>        (1=Oui, 2=Non, memes codes 2018/2021). */
.     preserve
 96.         use "`base'/s01_me_sen`annee'.dta", clear
 97.         if `annee' == 2018 rename s01q00a numind
 98.         else               rename membres__id numind
 99.         keep grappe menage numind s01q05 s01q22 s01q29
100.         tempfile s01_temp
101.         save `s01_temp'
102.     restore
103. 
.     /* A6bis. Table de correspondance individuelle entre les deux vagues.
>        En 2021, le questionnaire precharge les membres du menage panel avec
>        leur identifiant de 2018 (s01qpreload_pid, accompagne du sexe, de
>        l'age et du lien de parente precharges). Cette variable, et non le
>        rang dans le roster 2021 (membres__id), est la cle qui relie un
>        individu a lui-meme d'une vague a l'autre. Elle permet de constituer
>        un veritable panel d'ENFANTS, et non seulement de menages. */
.     if `annee' == 2021 {
104.         preserve
105.             use "`base'/s01_me_sen2021.dta", clear
106.             keep grappe menage membres__id s01qpreload_pid
107.             rename membres__id numind
108.             rename s01qpreload_pid numind_2018
109.             keep if !missing(numind_2018)
110.             save "$TEMP/lien_individus.dta", replace
111. 
.             /* Verification de la cle : biunivocite dans les deux sens */
.             di _newline "--- Table de correspondance individuelle 2018-2021 ---"
112.             di "  Individus relies : " _N
113.             quietly duplicates report grappe menage numind
114.             di "  Cle 2021 unique  : " cond(r(unique_value) == _N, "oui", "NON")
115.             quietly duplicates report grappe menage numind_2018
116.             di "  Cle 2018 unique  : " cond(r(unique_value) == _N, "oui", "NON")
117.         restore
118.     }
119.     merge m:1 grappe menage numind using `s01_temp', ///
>         keepusing(s01q05 s01q22 s01q29) nogenerate keep(master match)
120. 
.     /* A7. Travail des enfants (s04_me / s04a_me), heures de travail
>        economique et domestique. 2018 : cle s01q00a. 2021 : s04a_me en
>        format long (membres__id), collapse au niveau personne. */
.     preserve
121.         if `annee' == 2018 {
122.             use "`base'/s04_me_sen2018.dta", clear
123.             rename s01q00a numind
124.             /* Travail domestique = somme des cinq postes d'heures du module
>                (courses au marche q01, travaux domestiques q02, garde q03,
>                eau q04, bois q05). rownonmiss > 0 = a repondu au module. */
.             egen h_dom = rowtotal(s04q01 s04q02 s04q03 s04q04 s04q05)
125.             egen byte nrep = rownonmiss(s04q01 s04q02 s04q03 s04q04 s04q05 ///
>                                         s04q06 s04q07 s04q08 s04q09)
126.             /* Travail economique : uniquement les questions posant clairement
>                le seuil "au moins une heure" (q06 champ propre compte, q07
>                commerce remunere, q08 entreprise/Etat, q09 apprenti). q13/q14
>                (travail familial non remunere) sont ecartes : leur formulation
>                ne fixe aucun seuil horaire. */
.             gen byte eco = inlist(1, s04q06, s04q07, s04q08, s04q09)
127.         }
128.         else {
129.             use "`base'/s04a_me_sen2021.dta", clear
130.             rename membres__id numind
131.             collapse (max) s04q01 s04q02a s04q02b s04q02c s04q03 s04q04 s04q05 ///
>                            s04q06 s04q07 s04q08 s04q09, ///
>                      by(grappe menage numind)
132.             egen h_dom = rowtotal(s04q01 s04q02a s04q02b s04q02c s04q03 s04q04 s04q05)
133.             egen byte nrep = rownonmiss(s04q01 s04q02a s04q02b s04q02c s04q03 ///
>                                         s04q04 s04q05 s04q06 s04q07 s04q08 s04q09)
134.             gen byte eco = inlist(1, s04q06, s04q07, s04q08, s04q09)
135.         }
136.         keep grappe menage numind h_dom eco nrep
137.         tempfile s04_trav
138.         save `s04_trav'
139.     restore
140.     merge m:1 grappe menage numind using `s04_trav', ///
>         keepusing(h_dom eco nrep) nogenerate keep(master match)
141. 
.     /* Les variables scol, lien, alfab/alfa sont deja presentes
>        dans ehcvm_individu (chargee en A1) : aucune fusion supplementaire
>        n'est necessaire pour la dimension Education. */
. 
.     /* A8. Sauvegarde de la base preparee (fusionnee, avant calcul),
>        dans un dossier separe des bases finales avec indicateurs. */
.     save "$PREP/base_prep_`annee'.dta", replace
142.     di ">>> Base preparee sauvegardee : $PREP/base_prep_`annee'.dta (" _N " obs)"
143. 
.     /* ============================================================
>        B. CALCUL DES INDICATEURS ET DES DIMENSIONS MODA, par
>           dimension. Toutes les donnees sources sont deja fusionnees
>           (etape A) : cette section ne contient plus aucun merge.
>        ============================================================ */
. 
.     /* Groupes d'age MODA (utilises par plusieurs dimensions ci-dessous) */
.     gen byte groupe_moda = .
144.     replace  groupe_moda = 1 if age <= 4
145.     replace  groupe_moda = 2 if age >= 5  & age <= 14
146.     replace  groupe_moda = 3 if age >= 15 & age <= 17
147.     label define grp 1 "0-4 ans" 2 "5-14 ans" 3 "15-17 ans", replace
148.     label values groupe_moda grp
149. 
.     /* ── [Dimension 1/7 : Assainissement] ────────────────────────
>        Indicateur 1 - Type de sanitaire non ameliore
>        Indicateur 2 - Partage des toilettes avec un autre menage
>        Analyse en cas complets : la dimension est manquante des qu'UN
>        SEUL indicateur manque, meme si l'autre indicateur est renseigne
>        et positif. Aucun "sauvetage" par un indicateur deja positif. */
.     /* Toilettes non ameliorees : type de sanitaire (v_type_toi, soit
>        s11q55 en 2018 et s11q54 en 2021) dans les categories
>        7. Latrines SANPLAT ; 8. Latrines dallees simples ;
>        9. Fosse rudimentaire ; 10. Toilettes publiques ;
>        11. Aucune toilette ; 12. Autre. */
.     gen byte m_toilet     = inlist(`v_type_toi', 7, 8, 9, 10, 11, 12) ///
>         if !missing(`v_type_toi')
150.     /* Le partage des sanitaires n'est demande que si le menage dispose
>        d'une installation propre : la question est sautee a 100% quand le
>        type de sanitaire (v_type_toi) est "Aucune toilette" (code 11) ou
>        "Toilettes publiques" (code 10). Denominateur ANSD : ces menages,
>        sans installation privee a partager, sont EXCLUS de l'indicateur
>        (m_partag_toi manquant) plutot que comptes comme "ne partage pas".
>        Ils restent captes comme prives par m_toilet. */
.     gen byte m_partag_toi = (`v_partag' == 1) if !missing(`v_partag')
151.     /* Dimension : privee si type non ameliore OU partage. m_toilet==1
>        court-circuite le partage manquant des menages sans installation
>        privee, ce qui evite de les perdre du MODA (analyse en cas
>        complets). */
.     gen byte dim_assai = .
152.     replace  dim_assai = 1            if m_toilet == 1
153.     replace  dim_assai = m_partag_toi if m_toilet == 0
154. 
.     /* ── [Dimension 2/7 : Eau] ─────────────────────────────────────
>        Indicateur 1 - Source d'eau de boisson non amelioree
>        Indicateur 2 - Temps d'acces a l'eau > 30 min (saison seche OU pluies) */
.     /* Definition ANSD (« Traitement de l'eau de sources non adequates ») :
>        est prive l'enfant vivant dans un menage dont la source de boisson est
>        NON AMELIOREE (codes 5, 6, 12, 13, 16, 17 -- puits ouvert cour/ailleurs,
>        source non amenagee, fleuve/riviere/lac, vendeur ambulant, autre), a
>        l'une ou l'autre saison (seche `v_src_ss' OU pluies `v_src_sp'), ET
>        qui ne traite PAS son eau. « Ne traite pas » = filtre de traitement
>        different de « Oui » (v_gate != 1) : cela reunit le « Non » (v_gate==2)
>        et les « ne sait pas »/non-reponse, comptes comme non-traitement.
>        v_gate : s11q32 en 2018, s11q31 en 2021 (1=oui, 2=non, 3=ne sait pas).
>        Denominateur PLEIN : tous les enfants dont le type de source est
>        renseigne. */
.     /* ATTENTION : en 2021, la variable de saison des PLUIES (s11q26b) utilise
>        un jeu de modalites decale par rapport a celui de la saison seche. Elle
>        intercale "Eau en sachet" en 16, si bien que vendeur ambulant passe de
>        16 a 17 et "Autre" de 17 a 18. Appliquer la meme liste aux deux saisons
>        compterait l'eau en sachet comme non amelioree et laisserait echapper la
>        modalite "Autre". Les codes de la saison des pluies sont donc definis
>        separement (2018 : codage identique aux deux saisons). */
.     gen byte src_ss = inlist(`v_src_ss', 5, 6, 12, 13, 16, 17)
155.     if `annee' == 2021 gen byte src_sp = inlist(`v_src_sp', 5, 6, 12, 13, 17, 18)
156.     else               gen byte src_sp = inlist(`v_src_sp', 5, 6, 12, 13, 16, 17)
157.     gen byte m_eau_source = ((src_ss == 1 | src_sp == 1) & (`v_gate' != 1)) ///
>         if !missing(`v_src_ss') | !missing(`v_src_sp')
158.     drop src_ss src_sp
159.     /* Le temps d'acces (s11q29a/28a, s11q31a/30a) n'est demande que si le
>        menage doit se deplacer pour s'approvisionner : le saut de question
>        (verifie empiriquement, >94% de non-reponse) s'applique quand la
>        source est un robinet dans le logement (code 1) ou dans la cour/
>        concession (code 2), auquel cas le temps d'acces est nul par
>        construction (eau sur place), et non manquant. */
.     /* Definition ANSD : temps de collecte = temps pour aller a la source
>        (`v_tps_ss'/`v_tps_sp', min) PLUS le temps passe une fois a la source
>        (`v_tps_*_h' heures + `v_tps_*_m' minutes), l'une ou l'autre saison,
>        > 30 min. Les menages a eau sur place (robinet
>        logement/cour, codes 1-2) gardent un temps nul : non prives (0),
>        conserves au denominateur. */
.     gen double t_ss = `v_tps_ss'
160.     gen double t_sp = `v_tps_sp'
161.     capture confirm variable `v_tps_ss_h'
162.     if _rc == 0 replace t_ss = t_ss + `v_tps_ss_h'*60 + `v_tps_ss_m' ///
>         if !missing(t_ss) & !missing(`v_tps_ss_h')
163.     capture confirm variable `v_tps_sp_h'
164.     if _rc == 0 replace t_sp = t_sp + `v_tps_sp_h'*60 + `v_tps_sp_m' ///
>         if !missing(t_sp) & !missing(`v_tps_sp_h')
165.     gen byte m_eau_temps  = (t_ss >= 30 & !missing(t_ss)) | ///
>                              (t_sp >= 30 & !missing(t_sp)) ///
>         if !missing(t_ss) | !missing(t_sp)
166.     replace  m_eau_temps  = 0 if missing(m_eau_temps) & ///
>         inlist(`v_src_ss', 1, 2) & inlist(`v_src_sp', 1, 2)
167.     drop t_ss t_sp
168.     gen byte dim_eau      = (m_eau_source == 1 | m_eau_temps == 1) ///
>         if !missing(m_eau_source) & !missing(m_eau_temps)
169. 
.     /* ── [Dimension 3/7 : Logement] ────────────────────────────────
>        Indicateur 1 - Debarras des ordures menageres inadequat
>        Indicateur 2 - Surpeuplement (> 3 personnes par piece) */
.     /* Debarras des ordures inadequat (definition ANSD, codes bruts de
>        v_ordure : s11q54 en 2018, s11q53 en 2021) : 3 brulees par le menage,
>        5 depotoir sauvage, 6 autre. Les codes bruts sont retenus plutot que
>        la variable pre-codee "ordure" du fichier menage, qui agrege
>        differemment. */
.     gen byte m_ordures = inlist(`v_ordure', 3, 5, 6) if !missing(`v_ordure')
170.     /* Surpeuplement ANSD : « plus de 3 personnes par piece » operationnalise
>        comme AU MOINS 4 personnes par piece (ratio >= 4), et non ratio > 3 (qui
>        compterait a tort 3,5 pers./piece comme surpeuple). Le nombre de pieces
>        est le total occupe (s11q02), l'EHCVM ne distinguant pas les pieces
>        reservees au sommeil. */
.     gen byte m_surpeup = (hhsize / nb_pieces >= 4) ///
>         if !missing(nb_pieces) & nb_pieces > 0 & !missing(hhsize)
171.     gen byte dim_logem = (m_ordures == 1 | m_surpeup == 1) ///
>         if !missing(m_ordures) & !missing(m_surpeup)
172. 
.     /* ── [Dimension 4/7 : Nutrition] ───────────────────────────────
>        Indicateur unique - Insecurite alimentaire, echelle FIES COMPLETE
>        (8 questions du module 8A, presentes dans LES DEUX vagues) :
>          q01 inquietude de manquer de nourriture
>          q02 impossibilite de manger sainement
>          q03 alimentation peu variee
>          q04 saut d'un repas
>          q05 avoir mange moins que necessaire
>          q06 plus de nourriture dans le menage
>          q07 avoir eu faim sans manger
>          q08 journee entiere sans manger
>        Score FIES = somme des reponses "oui" (0 a 8) ; l'enfant est prive
>        si le score est >= 1 (au moins une experience d'insecurite).
>        Valeurs manquantes et 98/99 (NSP/refus) traitees comme "non" : le
>        menage est suppose ne pas avoir manque de cette ressource (aucune
>        observation n'est perdue).
>        Diversite alimentaire NON RETENUE : le module correspondant n'a pas
>        ete collecte en 2021, donc aucun comparateur entre vagues. */
.     egen byte fies_score = anycount(s08aq01 s08aq02 s08aq03 s08aq04 ///
>         s08aq05 s08aq06 s08aq07 s08aq08), values(1)
173.     gen byte m_securite = (fies_score >= 1)
174.     gen byte dim_nutri  = (m_securite == 1)
175. 
.     /* ── [Dimension 5/7 : Sante] ────────────────────────────────────
>        Indicateur 1 - Combustible solide pour cuisiner (bois, charbon,
>        dechets animaux).
>        Indicateur 2 - Absence d'acces a pied a une structure de sante
>        (m_sante_acces, construite en A4bis a partir du module
>        communautaire s02_co, disponible dans LES DEUX vagues).
>        Dimension privee si combustible solide OU pas d'acces sante a pied.
>        Analyse en cas complets : m_sante_acces n'est jamais manquant (0/1
>        au niveau de la grappe) ; la dimension n'est donc manquante que si
>        le combustible manque ET que l'acces sante n'etablit pas deja la
>        privation. m_combust manquant des qu'UNE SEULE des options de
>        combustible manque. */
.     gen byte m_combust = 0
176.     foreach v of varlist `comb_vars' {
177.         replace m_combust = 1 if `v' >= 1 & !missing(`v')
178.     }
179.     egen byte n_miss_comb = rowmiss(`comb_vars')
180.     replace m_combust = . if n_miss_comb > 0
181.     drop n_miss_comb
182.     gen byte dim_sante = .
183.     replace  dim_sante = 1         if m_sante_acces == 1
184.     replace  dim_sante = m_combust if m_sante_acces == 0
185. 
.     /* ── [Dimension 6/7 : Protection de l'enfant] ────────────────────
>        Indicateur 1 - Absence d'acte de naissance (non pertinent > 14 ans)
>        Indicateur 2 - Travail des enfants (economique OU domestique
>        >=1h, 5-17 ans)
>        Combinaison par groupe d'age : 0-4 ans = ind.1 seul ;
>        5-14 ans = ind.1 OU ind.2 ; 15-17 ans = ind.2 seul.
>        La separation parentale a ete RETIREE de l'agregat : elle est une
>        consequence directe de la migration, donc du traitement etudie. La
>        maintenir reviendrait a imputer aux transferts une privation que le
>        depart du parent produit mecaniquement. m_parents reste calculee a
>        titre descriptif mais n'alimente plus dim_protect.
>        Le travail des enfants est en consequence mesure jusqu'a 17 ans :
>        sans cela les 15-17 ans n'auraient plus aucun indicateur de
>        protection et seraient mesures sur six dimensions au lieu de sept,
>        ce qui rendrait le seuil k = 4 non comparable entre groupes d'age.
>        replace ... if hors 5-17 ans = non-applicabilite (pas une
>        imputation de valeur manquante) : l'indicateur ne sert pas pour ce
>        groupe d'age, quelle que soit l'info disponible. */
.     gen byte m_acte_nais = (s01q05 == 2) if !missing(s01q05)
186.     replace  m_acte_nais = 0 if age > 14
187. 
.     /* Denominateur = enfants 5-14 ayant repondu au module (nrep > 0). rowtotal
>        renvoie 0 meme si toutes les heures sont manquantes : sans le garde-fou
>        nrep, les enfants sans aucune reponse seraient comptes "ne travaille pas"
>        plutot qu'exclus. */
.     gen byte m_trav_enf = (eco == 1 | h_dom >= 1) ///
>         if age >= 5 & age <= 17 & nrep > 0 & !missing(nrep)
188.     replace  m_trav_enf = 0 if age < 5
189. 
.     /* Separation parentale, VARIABLE DESCRIPTIVE UNIQUEMENT (hors indice) :
>        enfant ne vivant pas avec ses DEUX parents
>        biologiques, identifie directement par les questions du roster
>        (s01q22 pere dans le menage, s01q29 mere dans le menage ; 1=Oui, 2=Non).
>        Prive (m_parents=1) des qu'au moins un parent ne vit pas dans le menage ;
>        non prive (0) seulement si pere ET mere y vivent. Manquant si l'une des
>        deux reponses manque (analyse en cas complets). Remplace l'ancien proxy
>        fonde sur le lien au chef de menage (lien > 3), qui classait mal les
>        enfants du chef dont un parent est absent. */
.     gen byte m_parents = .
190.     replace  m_parents = 1 if s01q22 == 2 | s01q29 == 2
191.     replace  m_parents = 0 if s01q22 == 1 & s01q29 == 1
192. 
.     /* dim_protect manquante des qu'UN SEUL indicateur pertinent pour le
>        groupe d'age de l'enfant lui manque (analyse en cas complets). */
.     gen byte dim_protect = .
193.     replace  dim_protect = (m_acte_nais == 1) ///
>         if groupe_moda == 1 & !missing(m_acte_nais)
194.     replace  dim_protect = (m_acte_nais == 1 | m_trav_enf == 1) ///
>         if groupe_moda == 2 & !missing(m_acte_nais) & !missing(m_trav_enf)
195.     replace  dim_protect = (m_trav_enf == 1) ///
>         if groupe_moda == 3 & !missing(m_trav_enf)
196. 
.     /* ── [Dimension 7/7 : Education] ──────────────────────────────
>        Indicateur 1 - Illettrisme, ne sait ni lire ni ecrire (15-17 ans)
>        Indicateur 2 - Non-scolarisation (5-14 ans)
>        Combinaison par groupe d'age : 5-14 ans = ind.2 seul ;
>        15-17 ans = ind.1 seul.
>        */
.     gen byte m_scol = (scol == 0) if age >= 5 & age <= 14 & !missing(scol)
197.     replace  m_scol = 0 if age < 5 | age > 14
198. 
.     gen byte m_alfab = .
199.     if `annee' == 2018 {
200.         replace m_alfab = (alfab == 0) if age >= 15 & !missing(alfab)
201.     }
202.     else {
203.         capture confirm variable alfa
204.         if !_rc replace m_alfab = (alfa == 0) if age >= 15 & !missing(alfa)
205.     }
206.     replace m_alfab = 0 if age < 15
207. 
.     /* Versions NON plafonnees par l'age courant, utilisees pour mesurer
>        les privations de 2021 SUR LA GRILLE DU GROUPE DE BASE : un enfant
>        de la grille 5-14 devenu 15-17 en 2021 y reste evalue sur l'acte de
>        naissance et la scolarisation. La limite est assumee et discutee
>        dans le rapport : ces privations sont alors mesurees sur des
>        enfants qui n'ont plus l'age de la grille. */
.     gen byte m_acte_nc = (s01q05 == 2) if !missing(s01q05)
208.     gen byte m_scol_nc = (scol == 0)   if !missing(scol)
209.     gen byte m_alfab_nc = .
210.     if `annee' == 2018 {
211.         replace m_alfab_nc = (alfab == 0) if !missing(alfab)
212.     }
213.     else {
214.         capture confirm variable alfa
215.         if !_rc replace m_alfab_nc = (alfa == 0) if !missing(alfa)
216.     }
217. 
.     /* Non applicable aux 0-4 ans (groupe_moda==1) : dim_educ = 0 par
>        defaut. 15-17 ans : illettrisme seul (NEET retire). */
.     gen byte dim_educ = 0
218.     replace  dim_educ = m_scol  if groupe_moda == 2
219.     replace  dim_educ = m_alfab if groupe_moda == 3 & !missing(m_alfab)
220.     replace  dim_educ = .        if groupe_moda == 3 & missing(m_alfab)
221. 
.     /* ── Agregation MODA (union intra-dimension, seuil k=$K_MODA) ── */
.     gen byte nb_dep = dim_assai + dim_eau + dim_logem + dim_nutri + ///
>                       dim_sante + dim_protect + dim_educ
222.     gen byte pauvre_MODA = (nb_dep >= $K_MODA) if !missing(nb_dep)
223. 
.     /* Intensite moyenne MODA (Annexe II : A = part des 7 dimensions
>        en privation, calculee sur les enfants pauvres pauvre_MODA==1) */
.     gen float intensite_moda = nb_dep / 7
224. 
.     /* ── Affichage ── */
.     di _newline "=== MODA `annee' (k=$K_MODA, 7 dimensions) ==="
225.     quietly summarize pauvre_MODA
226.     di "  H = " %6.3f r(mean)*100 "%"
227.     di "  Privation par dimension :"
228.     foreach dim in assai eau logem nutri sante protect educ {
229.         quietly summarize dim_`dim'
230.         di "  `dim' : " %5.1f r(mean)*100 "%"
231.     }
232.     tabstat pauvre_MODA nb_dep, by(groupe_moda) stat(mean n) format(%6.3f)
233. 
.     /* C. Sauvegarde */
.     save "$TEMP/enfants_dep_`annee'.dta", replace
234.     di _newline ">>> Sauvegarde : enfants_dep_`annee'.dta (" _N " obs)"
235. }
(32,276 observations deleted)

>>> Enfants 2018 : 33844
(58,964 observations deleted)
(0 observations deleted)
(1,722 missing values generated)
(1,722 real changes made)
file C:\Users\Bmd\AppData\Local\Temp\ST_4dd8_000004.tmp saved as .dta format
  CSP du chef 2018 :

                   Categorie |
socioprofessionnelle du chef |
                   de menage |      Freq.     Percent        Cum.
-----------------------------+-----------------------------------
Sans emploi ou non renseigne |      1,722       24.06       24.06
             Cadre superieur |        107        1.50       25.56
                 Cadre moyen |        315        4.40       29.96
            Ouvrier qualifie |        389        5.44       35.40
        Ouvrier non qualifie |        490        6.85       42.24
    Manoeuvre, aide menagere |        153        2.14       44.38
           Apprenti remunere |         35        0.49       44.87
       Apprenti non remunere |         11        0.15       45.03
        Travailleur familial |        100        1.40       46.42
               Compte propre |      3,691       51.58       98.00
                      Patron |        143        2.00      100.00
-----------------------------+-----------------------------------
                       Total |      7,156      100.00

    Result                      Number of obs
    -----------------------------------------
    Not matched                             0
    Matched                            33,844  
    -----------------------------------------
(label s04q39 already defined)
(label s04q31 already defined)
(label brl already defined)
(label activl2 already defined)
(label activl already defined)
(label s02q33 already defined)
(label educl already defined)
(label ouinon already defined)
(label s01q15 already defined)
(label s01q14 already defined)
(label s01q07 already defined)
(label s01q01 already defined)
(label s00q04 already defined)
(label s00q01 already defined)

    Result                      Number of obs
    -----------------------------------------
    Not matched                             0
    Matched                            33,844  
    -----------------------------------------
(label ouinon already defined)

    Result                      Number of obs
    -----------------------------------------
    Not matched                             0
    Matched                            33,844  
    -----------------------------------------
file C:\Users\Bmd\AppData\Local\Temp\ST_4dd8_000006.tmp saved as .dta format

    Result                      Number of obs
    -----------------------------------------
    Not matched                             0
    Matched                            33,844  
    -----------------------------------------
(4 missing values generated)
(9,059 observations deleted)
file C:\Users\Bmd\AppData\Local\Temp\ST_4dd8_000008.tmp saved as .dta format

    Result                      Number of obs
    -----------------------------------------
    Not matched                         8,889
        from master                     8,889  
        from using                          0  

    Matched                            24,955  
    -----------------------------------------
file C:\Users\Bmd\AppData\Local\Temp\ST_4dd8_00000a.tmp saved as .dta format

    Result                      Number of obs
    -----------------------------------------
    Not matched                             0
    Matched                            33,844  
    -----------------------------------------
file C:\Users\Bmd\AppData\Local\Temp\ST_4dd8_00000c.tmp saved as .dta format

    Result                      Number of obs
    -----------------------------------------
    Not matched                             0
    Matched                            33,844  
    -----------------------------------------
file C:\Users\Bmd\AppData\Local\Temp\ST_4dd8_00000e.tmp saved as .dta format

    Result                      Number of obs
    -----------------------------------------
    Not matched                             0
    Matched                            33,844  
    -----------------------------------------
file code/stata/temp/prepared/base_prep_2018.dta saved
>>> Base preparee sauvegardee : code/stata/temp/prepared/base_prep_2018.dta (33844 obs)
(33,844 missing values generated)
(10,160 real changes made)
(19,207 real changes made)
(4,477 real changes made)
(3,298 missing values generated)
(33,844 missing values generated)
(15,697 real changes made)
(18,147 real changes made)
(18,681 missing values generated)
(18,900 missing values generated)
(15,076 real changes made, 6 to missing)
(14,854 real changes made, 6 to missing)
(18,575 missing values generated)
(16,599 real changes made)
(1,976 missing values generated)
(16,854 real changes made)
(7,571 real changes made)
(7,571 real changes made)
(181 real changes made)
(37 real changes made)
(0 real changes made)
(33,844 missing values generated)
(23,146 real changes made)
(10,698 real changes made)
(4,700 missing values generated)
(4,475 real changes made)
(10,165 missing values generated)
(10,160 real changes made)
(33,844 missing values generated)
(14,152 real changes made)
(19,692 real changes made)
(33,844 missing values generated)
(10,159 real changes made)
(18,981 real changes made)
(4,476 real changes made)
(14,637 missing values generated)
(14,637 real changes made)
(33,844 missing values generated)
(4,477 real changes made)
(29,367 real changes made)
(4,700 missing values generated)
(33,844 missing values generated)
(33,844 real changes made)
(8,317 real changes made)
(1,265 real changes made)
(0 real changes made)
(2,181 missing values generated)
(2,181 missing values generated)
(2,181 missing values generated)

=== MODA 2018 (k=4, 7 dimensions) ===
  H = 62.164%
  Privation par dimension :
  assai :  56.1%
  eau :  24.8%
  logem :  67.4%
  nutri :  71.0%
  sante :  97.8%
  protect :  51.4%
  educ :  28.3%

Summary statistics: Mean, N
Group variable: groupe_moda 

groupe_moda |  pauvre~A    nb_dep
------------+--------------------
    0-4 ans |     0.536     3.536
            |  9569.000  9569.000
------------+--------------------
   5-14 ans |     0.667     4.187
            |   1.8e+04   1.8e+04
------------+--------------------
  15-17 ans |     0.623     3.965
            |  4210.000  4210.000
------------+--------------------
      Total |     0.622     3.961
            |   3.2e+04   3.2e+04
---------------------------------
file code/stata/temp/enfants_dep_2018.dta saved

>>> Sauvegarde : enfants_dep_2018.dta (33844 obs)
(32,497 observations deleted)

>>> Enfants 2021 : 31033
(56,410 observations deleted)
(0 observations deleted)
(1,326 missing values generated)
(1,326 real changes made)
file C:\Users\Bmd\AppData\Local\Temp\ST_4dd8_00000g.tmp saved as .dta format
  CSP du chef 2021 :

                   Categorie |
socioprofessionnelle du chef |
                   de menage |      Freq.     Percent        Cum.
-----------------------------+-----------------------------------
Sans emploi ou non renseigne |      1,326       18.62       18.62
             Cadre superieur |         57        0.80       19.42
                 Cadre moyen |        280        3.93       23.36
            Ouvrier qualifie |        450        6.32       29.68
        Ouvrier non qualifie |        332        4.66       34.34
    Manoeuvre, aide menagere |        151        2.12       36.46
           Apprenti remunere |         34        0.48       36.94
       Apprenti non remunere |          3        0.04       36.98
        Travailleur familial |         66        0.93       37.91
               Compte propre |      4,302       60.42       98.33
                      Patron |        119        1.67      100.00
-----------------------------+-----------------------------------
                       Total |      7,120      100.00

    Result                      Number of obs
    -----------------------------------------
    Not matched                             0
    Matched                            31,033  
    -----------------------------------------
(label s04q39 already defined)
(label s04q31 already defined)
(label brl already defined)
(label activl2 already defined)
(label activl already defined)
(label ab1 already defined)
(label s02q33 already defined)
(label educl already defined)
(label ouinon already defined)
(label s01q16 already defined)
(label s01q15 already defined)
(label s01q14 already defined)
(label s01q07 already defined)
(label s01q01 already defined)
(label s00q04 already defined)
(label s00q01 already defined)
(label zae already defined)

    Result                      Number of obs
    -----------------------------------------
    Not matched                             0
    Matched                            31,033  
    -----------------------------------------
(label ouinon already defined)

    Result                      Number of obs
    -----------------------------------------
    Not matched                             0
    Matched                            31,033  
    -----------------------------------------
file C:\Users\Bmd\AppData\Local\Temp\ST_4dd8_00000i.tmp saved as .dta format

    Result                      Number of obs
    -----------------------------------------
    Not matched                             0
    Matched                            31,033  
    -----------------------------------------
(14,304 observations deleted)
file C:\Users\Bmd\AppData\Local\Temp\ST_4dd8_00000k.tmp saved as .dta format

    Result                      Number of obs
    -----------------------------------------
    Not matched                             0
    Matched                            31,033  
    -----------------------------------------
file C:\Users\Bmd\AppData\Local\Temp\ST_4dd8_00000m.tmp saved as .dta format

    Result                      Number of obs
    -----------------------------------------
    Not matched                             0
    Matched                            31,033  
    -----------------------------------------
file C:\Users\Bmd\AppData\Local\Temp\ST_4dd8_00000o.tmp saved as .dta format
(16,493 observations deleted)
file code/stata/temp/lien_individus.dta saved

--- Table de correspondance individuelle 2018-2021 ---
  Individus relies : 62239
  Cle 2021 unique  : oui
  Cle 2018 unique  : oui

    Result                      Number of obs
    -----------------------------------------
    Not matched                             0
    Matched                            31,033  
    -----------------------------------------
file C:\Users\Bmd\AppData\Local\Temp\ST_4dd8_00000r.tmp saved as .dta format

    Result                      Number of obs
    -----------------------------------------
    Not matched                         8,117
        from master                     8,117  
        from using                          0  

    Matched                            22,916  
    -----------------------------------------
file code/stata/temp/prepared/base_prep_2021.dta saved
>>> Base preparee sauvegardee : code/stata/temp/prepared/base_prep_2021.dta (31033 obs)
(31,033 missing values generated)
(7,795 real changes made)
(18,636 real changes made)
(4,602 real changes made)
(2,380 missing values generated)
(31,033 missing values generated)
(14,500 real changes made)
(16,533 real changes made)
(22,066 missing values generated)
(22,384 missing values generated)
(8,967 real changes made)
(8,649 real changes made)
(22,015 missing values generated)
(17,891 real changes made)
(4,124 missing values generated)
(15,167 real changes made)
(6,353 real changes made)
(7,609 real changes made)
(106 real changes made)
(67 real changes made)
(0 real changes made)
(31,033 missing values generated)
(25,523 real changes made)
(5,510 real changes made)
(120 missing values generated)
(836 real changes made)
(8,118 missing values generated)
(7,795 real changes made)
(31,033 missing values generated)
(13,080 real changes made)
(17,702 real changes made)
(31,033 missing values generated)
(7,771 real changes made)
(18,363 real changes made)
(4,499 real changes made)
(12,397 missing values generated)
(12,397 real changes made)
(31,033 missing values generated)
(4,602 real changes made)
(26,431 real changes made)
(120 missing values generated)
(31,033 missing values generated)
(31,033 real changes made)
(7,916 real changes made)
(1,136 real changes made)
(0 real changes made)
(4,469 missing values generated)
(4,469 missing values generated)
(4,469 missing values generated)

=== MODA 2021 (k=4, 7 dimensions) ===
  H = 53.802%
  Privation par dimension :
  assai :  52.9%
  eau :  17.7%
  logem :  55.5%
  nutri :  65.0%
  sante :  98.3%
  protect :  49.9%
  educ :  29.2%

Summary statistics: Mean, N
Group variable: groupe_moda 

groupe_moda |  pauvre~A    nb_dep
------------+--------------------
    0-4 ans |     0.425     3.139
            |  6767.000  6767.000
------------+--------------------
   5-14 ans |     0.589     3.883
            |   1.6e+04   1.6e+04
------------+--------------------
  15-17 ans |     0.527     3.665
            |  3873.000  3873.000
------------+--------------------
      Total |     0.538     3.662
            |   2.7e+04   2.7e+04
---------------------------------
file code/stata/temp/enfants_dep_2021.dta saved

>>> Sauvegarde : enfants_dep_2021.dta (31033 obs)

. 
. /* ============================================================
>    SECTION : 04_PANEL — Construction du panel vrai (PanelHH=1)
> 
>    Exploite le suivi effectif des menages entre les deux vagues.
>    Produit : $TEMP/panel_vrai.dta
> 
>    Variables cles :
>      grappe menage  — identifiants communs aux deux vagues
>      PanelHH        — 1 si menage suivi, 0 si nouveau (2021 seulement)
>      t              — 0 (2018) / 1 (2021)
>      D              — statut de traitement (transfert migrant)
>    ============================================================ */
. 
. 
. /* ============================================================
>    1. Preparer chaque vague avec traitement et PanelHH
>    ============================================================ */
. 
. foreach annee in 2018 2021 {
  2. 
.     if `annee' == 2018 local t_val 0
  3.     else               local t_val 1
  4. 
.     use "$TEMP/enfants_dep_`annee'.dta", clear
  5. 
.     /* Traitement */
.     merge m:1 grappe menage using "$TEMP/traitement_`annee'.dta", ///
>         keepusing(D) nogenerate keep(master match)
  6. 
.     /* PanelHH : disponible directement dans traitement_2018/2021 */
.     capture confirm variable PanelHH
  7.     if _rc {
  8.         /* Si absent (vague 2018 sans jointure panel_id), mettre a 1 */
.         gen byte PanelHH = 1
  9.     }
 10. 
.     gen byte t        = `t_val'
 11.     gen log_pcexp     = log(pcexp + 1)
 12. 
.     /* Harmoniser les types pour les interactions Stata */
.     foreach v in milieu region heduc hmstat {
 13.         capture confirm variable `v'
 14.         if _rc == 0 capture destring `v', replace
 15.     }
 16. 
.     save "$TEMP/vague_`annee'.dta", replace
 17.     di "Vague `annee' : " _N " enfants, dont " ///
>        r(N) " ménages panel"
 18. }

    Result                      Number of obs
    -----------------------------------------
    Not matched                             0
    Matched                            33,844  
    -----------------------------------------
file code/stata/temp/vague_2018.dta saved
Vague 2018 : 33844 enfants, dont 0 ménages panel

    Result                      Number of obs
    -----------------------------------------
    Not matched                             0
    Matched                            31,033  
    -----------------------------------------
file code/stata/temp/vague_2021.dta saved
Vague 2021 : 31033 enfants, dont 0 ménages panel

. 
. /* ============================================================
>    2. Statut de traitement : defini a la periode de BASE (2018)
> 
>    Design principal : le statut de traitement est fixe par la situation
>    de 2018, qui sert de reference avant l'observation des resultats
>    ulterieurs. On definit :
>      - traites (D_stable=1) : menage recevant en 2018 un transfert
>        de l'etranger, quel que soit le lien de l'expediteur au menage
>      - temoins (D_stable=0) : menage ne recevant aucun transfert
>        etranger de ce type en 2018
>    Le statut etant fige a la periode de base, il ne peut pas etre
>    affecte par l'evolution des privations entre les deux vagues.
>    ============================================================ */
. 
. use "$TEMP/traitement_2018.dta", clear

. rename D D_2018

. merge 1:1 grappe menage using "$TEMP/traitement_2021.dta", ///
>     keepusing(D) keep(match) nogenerate
(label panel already defined)

    Result                      Number of obs
    -----------------------------------------
    Not matched                             0
    Matched                             7,120  
    -----------------------------------------

. rename D D_2021

. gen byte D_stable = D_2018
(688 missing values generated)

. label var D_stable "Traitement (1=beneficiaire migrant en 2018, 0=non beneficiaire)"

. 
. di _newline ">>> Cellules de traitement (menages presents aux 2 vagues) :"

>>> Cellules de traitement (menages presents aux 2 vagues) :

. tab D_2018 D_2021

Traitement |
         : |
 transfert |     Traitement :
de migrant | transfert de migrant
      recu |     recu (1=oui)
   (1=oui) |         0          1 |     Total
-----------+----------------------+----------
         0 |     4,145        869 |     5,014 
         1 |       695        723 |     1,418 
-----------+----------------------+----------
     Total |     4,840      1,592 |     6,432 

. quietly count if D_stable == 1

. di "  Beneficiaires 2018 (migrant) : " r(N)
  Beneficiaires 2018 (migrant) : 1418

. quietly count if D_stable == 0

. di "  Non beneficiaires 2018       : " r(N)
  Non beneficiaires 2018       : 5014

. 
. keep grappe menage D_stable D_2018 D_2021

. save "$TEMP/traitement_stable.dta", replace
file code/stata/temp/traitement_stable.dta saved

. 
. /* ============================================================
>    3. Panel vrai — uniquement les menages suivis (PanelHH=1)
> 
>    On conserve les menages qui apparaissent dans les DEUX vagues
>    avec le meme identifiant grappe+menage, avec un statut de
>    traitement defini a la periode de base.
>    ============================================================ */
. 
. /* Identifier les menages presents dans les deux vagues */
. use "$TEMP/vague_2018.dta", clear

. keep grappe menage

. duplicates drop grappe menage, force

Duplicates in terms of grappe menage

(27,417 observations deleted)

. gen _in2018 = 1

. tempfile id2018

. save `id2018'
file C:\Users\Bmd\AppData\Local\Temp\ST_4dd8_00000s.tmp saved as .dta format

. 
. use "$TEMP/vague_2021.dta", clear

. keep grappe menage PanelHH

. duplicates drop grappe menage, force

Duplicates in terms of grappe menage

(24,575 observations deleted)

. keep if PanelHH == 1
(0 observations deleted)

. gen _in2021 = 1

. merge 1:1 grappe menage using `id2018'

    Result                      Number of obs
    -----------------------------------------
    Not matched                         1,503
        from master                       767  (_merge==1)
        from using                        736  (_merge==2)

    Matched                             5,691  (_merge==3)
    -----------------------------------------

. keep if _merge == 3   /* presents dans les deux vagues */
(1,503 observations deleted)

. keep grappe menage

. tempfile ids_panel

. save `ids_panel'
file C:\Users\Bmd\AppData\Local\Temp\ST_4dd8_00000t.tmp saved as .dta format

. save "$TEMP/ids_panel.dta", replace   /* liste complete de tous les menages
>     suivis, reutilisee par l'analyse de robustesse "beneficiaires stables" */
file code/stata/temp/ids_panel.dta saved

. 
. quietly count

. di _newline "Menages vraiment suivis (presences dans les 2 vagues) : " r(N)

Menages vraiment suivis (presences dans les 2 vagues) : 5691

. 
. /* Construire le panel vrai en deux periodes */
. use "$TEMP/vague_2018.dta", clear

. merge m:1 grappe menage using `ids_panel', keep(match) nogenerate

    Result                      Number of obs
    -----------------------------------------
    Not matched                             0
    Matched                            31,382  
    -----------------------------------------

. tempfile panel_t0

. save `panel_t0'
file C:\Users\Bmd\AppData\Local\Temp\ST_4dd8_00000u.tmp saved as .dta format

. 
. use "$TEMP/vague_2021.dta", clear

. merge m:1 grappe menage using `ids_panel', keep(match) nogenerate

    Result                      Number of obs
    -----------------------------------------
    Not matched                             0
    Matched                            28,341  
    -----------------------------------------

. tempfile panel_t1

. save `panel_t1'
file C:\Users\Bmd\AppData\Local\Temp\ST_4dd8_00000v.tmp saved as .dta format

. 
. use `panel_t0', clear

. append using `panel_t1'
(variable hhweight was float, now double to accommodate using data's values)
(variable branch was byte, now int to accommodate using data's values)
(variable salaire was long, now double to accommodate using data's values)
(variable hage was byte, now int to accommodate using data's values)
(label s01q29 already defined)
(label s01q22 already defined)
(label s01q05 already defined)
(label s11q55 already defined)
(label s11q54 already defined)
(label csp_lbl already defined)
(label s00q01 already defined)
(label s00q02 already defined)
(label s00q04 already defined)
(label ouinon already defined)
(label s01q01 already defined)
(label s01q02 already defined)
(label s01q07 already defined)
(label s01q14 already defined)
(label s01q15 already defined)
(label s03q02 already defined)
(label s03q04 already defined)
(label s02q14 already defined)
(label educl already defined)
(label s02q33 already defined)
(label activl already defined)
(label activl2 already defined)
(label brl already defined)
(label s04q31 already defined)
(label s04q39 already defined)
(label s04q53 already defined)
(label s04q57 already defined)
(label s08Aq01 already defined)
(label s08Aq02 already defined)
(label s08Aq03 already defined)
(label s08Aq04 already defined)
(label s08Aq05 already defined)
(label s08Aq06 already defined)
(label s08Aq07 already defined)
(label s08Aq08 already defined)
(label grp already defined)

. sort grappe menage t

. 
. /* Appliquer le statut de traitement ENTRANT et exclure les menages
>    deja beneficiaires en 2018 (traitement anterieur a la periode) */
. merge m:1 grappe menage using "$TEMP/traitement_stable.dta", ///
>     keepusing(D_stable) keep(master match) nogenerate

    Result                      Number of obs
    -----------------------------------------
    Not matched                             0
    Matched                            59,723  
    -----------------------------------------

. drop if missing(D_stable)
(0 observations deleted)

. replace D = D_stable
(6,952 real changes made)

. drop D_stable

. label var D "Traitement (1=beneficiaire migrant en 2018, 0=non beneficiaire)"

. 
. di _newline "=== Panel vrai (traitement defini en 2018) ==="

=== Panel vrai (traitement defini en 2018) ===

. di "Observations totales     : " _N
Observations totales     : 59723

. quietly count if t == 0

. di "  - Periode t=0 (2018)  : " r(N)
  - Periode t=0 (2018)  : 31382

. quietly count if t == 1

. di "  - Periode t=1 (2021)  : " r(N)
  - Periode t=1 (2021)  : 28341

. tabstat D, by(t) stat(mean sum n) format(%6.3f)

Summary for variables: D
Group variable: t 

       t |      Mean       Sum         N
---------+------------------------------
       0 |     0.234  7359.000   3.1e+04
       1 |     0.230  6532.000   2.8e+04
---------+------------------------------
   Total |     0.233   1.4e+04   6.0e+04
----------------------------------------

. 
. save "$TEMP/panel_vrai.dta", replace
file code/stata/temp/panel_vrai.dta saved

. 
. /* ============================================================
>    DEPARTS DE MEMBRES ENTRE LES DEUX VAGUES
> 
>    Le questionnaire 2021 precharge chaque membre releve en 2018 et demande
>    s'il fait toujours partie du menage (s01q00aa) et pour quelle raison il
>    l'a quitte (s01q00b). Le motif distingue un depart a l'etranger d'un
>    depart a l'interieur du pays : on peut donc mesurer si les menages
>    temoins ont eux aussi perdu un adulte, ce que le design suppose sans le
>    verifier.
> 
>    Trois retraitements sont necessaires. L'age precharge comporte des codes
>    de non-reponse (9999) qui seraient comptes comme adultes. Le motif
>    « etait visiteur » ne designe pas un depart mais une personne recensee a
>    tort en 2018. Les deces ne relevent pas de la migration et sont isoles.
> 
>    Ce bloc ne modifie aucune estimation.
>    ============================================================ */
. 
. preserve

.     use "$BASE_2021/s01_me_sen2021.dta", clear

.     keep grappe menage membres__id s01qpreload_pid s01qpreload_sex ///
>          s01qpreload_age s01q00aa s01q00b

. 
.     keep if !missing(s01qpreload_pid)   /* membres presents en 2018 */
(16,493 observations deleted)

. 
.     merge m:1 grappe menage using "$TEMP/ids_panel.dta", keep(match) nogenerate

    Result                      Number of obs
    -----------------------------------------
    Not matched                             0
    Matched                            58,900  
    -----------------------------------------

.     merge m:1 grappe menage using "$TEMP/traitement_2018.dta", ///
>         keepusing(D) keep(master match) nogenerate

    Result                      Number of obs
    -----------------------------------------
    Not matched                             0
    Matched                            58,900  
    -----------------------------------------

.     replace D = 0 if missing(D)
(0 real changes made)

. 
.     /* Age precharge : 9999 et valeurs aberrantes mises a manquant */
.     replace s01qpreload_age = . if s01qpreload_age > 100
(7 real changes made, 7 to missing)

. 
.     gen byte parti = (s01q00aa == 2) if !missing(s01q00aa)

. 
.     /* Codes numeriques du motif, pour ne pas dependre du libelle */
.     di _newline(2) "=== Departs de membres entre 2018 et 2021 (menages du panel) ==="


=== Departs de membres entre 2018 et 2021 (menages du panel) ===

.     di _newline "--- Motif du depart : codes numeriques ---"

--- Motif du depart : codes numeriques ---

.     tab s01q00b if parti == 1, nolabel missing

1.00b. Pour |
     quelle |
     raison |
   [NOM] ne |
vit-il plus |
    dans le |
  ménage?  |      Freq.     Percent        Cum.
------------+-----------------------------------
          1 |      1,494       10.64       10.64
          2 |      1,637       11.66       22.29
          3 |        984        7.01       29.30
          4 |         70        0.50       29.80
          5 |        883        6.29       36.08
          6 |      2,689       19.15       55.23
          7 |        617        4.39       59.62
          8 |         22        0.16       59.78
          9 |      1,642       11.69       71.47
         10 |          7        0.05       71.52
         11 |      1,727       12.30       83.82
         12 |        118        0.84       84.66
         13 |        359        2.56       87.21
         14 |        917        6.53       93.74
         15 |        879        6.26      100.00
------------+-----------------------------------
      Total |     14,045      100.00

. 
.     /* Categorie de depart. Le classement s'appuie sur le libelle : les
>        modalites opposent explicitement « ailleurs dans le pays » et
>        « a l'etranger ». */
.     decode s01q00b, gen(motif_txt)

.     gen byte motif_cat = .
(58,900 missing values generated)

.     replace motif_cat = 1 if strpos(motif_txt, "tranger")            /* etranger */
(477 real changes made)

.     replace motif_cat = 2 if missing(motif_cat) & ///
>         (strpos(motif_txt, "dans le p") | strpos(motif_txt, "Affectation"))
(6,675 real changes made)

.     replace motif_cat = 3 if missing(motif_cat) & strpos(motif_txt, "cès")
(953 real changes made)

.     replace motif_cat = 4 if missing(motif_cat) & strpos(motif_txt, "visiteur")
(1,494 real changes made)

.     replace motif_cat = 5 if missing(motif_cat) & !missing(motif_txt)
(4,446 real changes made)

.     label define motif_cat_lbl 1 "Migration a l'etranger" ///
>         2 "Migration dans le pays" 3 "Deces" 4 "Etait visiteur" ///
>         5 "Autre motif (mariage, demenagement...)", replace

.     label values motif_cat motif_cat_lbl

. 
.     di _newline "--- Repartition des departs par categorie ---"

--- Repartition des departs par categorie ---

.     tab motif_cat if parti == 1, missing

                             motif_cat |      Freq.     Percent        Cum.
---------------------------------------+-----------------------------------
                Migration a l'etranger |        477        3.40        3.40
                Migration dans le pays |      6,675       47.53       50.92
                                 Deces |        953        6.79       57.71
                        Etait visiteur |      1,494       10.64       68.34
Autre motif (mariage, demenagement...) |      4,446       31.66      100.00
---------------------------------------+-----------------------------------
                                 Total |     14,045      100.00

. 
.     /* Un depart au sens du canal du cout de l'absence : membre de 15 ans ou
>        plus effectivement parti, hors deces et hors visiteurs. */
.     gen byte depart_adulte = (parti == 1 & s01qpreload_age >= 15 & ///
>         !missing(s01qpreload_age) & inlist(motif_cat, 1, 2, 5))

.     gen byte depart_etranger = (depart_adulte == 1 & motif_cat == 1)

.     gen byte depart_interne  = (depart_adulte == 1 & motif_cat == 2)

. 
.     di _newline "--- Motif du depart des 15 ans et plus, selon le statut du menage ---"

--- Motif du depart des 15 ans et plus, selon le statut du menage ---

.     tab motif_cat D if parti == 1 & s01qpreload_age >= 15 & ///
>         !missing(s01qpreload_age), column

+-------------------+
| Key               |
|-------------------|
|     frequency     |
| column percentage |
+-------------------+

                      |     Traitement :
                      | transfert de migrant
                      |     recu (1=oui)
            motif_cat |         0          1 |     Total
----------------------+----------------------+----------
Migration a l'etrange |       176        131 |       307 
                      |      2.91       5.63 |      3.67 
----------------------+----------------------+----------
Migration dans le pay |     2,768        979 |     3,747 
                      |     45.81      42.11 |     44.78 
----------------------+----------------------+----------
                Deces |       562        215 |       777 
                      |      9.30       9.25 |      9.29 
----------------------+----------------------+----------
       Etait visiteur |       565        197 |       762 
                      |      9.35       8.47 |      9.11 
----------------------+----------------------+----------
Autre motif (mariage, |     1,971        803 |     2,774 
                      |     32.62      34.54 |     33.15 
----------------------+----------------------+----------
                Total |     6,042      2,325 |     8,367 
                      |    100.00     100.00 |    100.00 

. 
.     collapse (max) depart_adulte depart_etranger depart_interne ///
>              (first) D, by(grappe menage)

. 
.     di _newline "--- Menages ayant perdu un adulte (15 ans ou plus, hors deces et visiteurs) ---"

--- Menages ayant perdu un adulte (15 ans ou plus, hors deces et visiteurs) ---

.     tab depart_adulte D, column

+-------------------+
| Key               |
|-------------------|
|     frequency     |
| column percentage |
+-------------------+

     (max) |
depart_adu |       (first) D
       lte |         0          1 |     Total
-----------+----------------------+----------
         0 |     2,066        473 |     2,539 
           |     46.67      37.48 |     44.63 
-----------+----------------------+----------
         1 |     2,361        789 |     3,150 
           |     53.33      62.52 |     55.37 
-----------+----------------------+----------
     Total |     4,427      1,262 |     5,689 
           |    100.00     100.00 |    100.00 

.     di _newline "--- dont depart a l'etranger ---"

--- dont depart a l'etranger ---

.     tab depart_etranger D, column

+-------------------+
| Key               |
|-------------------|
|     frequency     |
| column percentage |
+-------------------+

     (max) |
depart_etr |       (first) D
     anger |         0          1 |     Total
-----------+----------------------+----------
         0 |     4,277      1,162 |     5,439 
           |     96.61      92.08 |     95.61 
-----------+----------------------+----------
         1 |       150        100 |       250 
           |      3.39       7.92 |      4.39 
-----------+----------------------+----------
     Total |     4,427      1,262 |     5,689 
           |    100.00     100.00 |    100.00 

.     di _newline "--- dont depart dans le pays ---"

--- dont depart dans le pays ---

.     tab depart_interne D, column

+-------------------+
| Key               |
|-------------------|
|     frequency     |
| column percentage |
+-------------------+

     (max) |
depart_int |       (first) D
      erne |         0          1 |     Total
-----------+----------------------+----------
         0 |     2,785        736 |     3,521 
           |     62.91      58.32 |     61.89 
-----------+----------------------+----------
         1 |     1,642        526 |     2,168 
           |     37.09      41.68 |     38.11 
-----------+----------------------+----------
     Total |     4,427      1,262 |     5,689 
           |    100.00     100.00 |    100.00 

. restore

. 
. 
. 
. /* ============================================================
>    SECTION : 05_PSM_DD — Estimation PSM-DD au niveau ENFANT
> 
>    Strategie :
>      1. Panel d'enfants suivis entre les deux vagues (cle preload)
>         puis logit au NIVEAU ENFANT sur t=0 -> score de propension
>      2. Verification equilibre (SMD) sur les covariables menage ET enfant
>      3. Appariement PSM (k-NN, kernel, caliper) au niveau enfant
>      4. DD brute (sans appariement, reference)
>      5. PSM-DD sur le panel d'enfants apparie (Heckman et al. 1997/1998)
>      6. Heterogeneite (milieu, genre, age)
>      7. Robustesse (seuil k, methodes d'appariement, agregat menage)
> 
>    Traitement : transfert recu de l'etranger, quel que soit le lien
>    de l'expediteur au menage.
>    ============================================================ */
. 
. /* ── 1a. Construction du panel d'enfants suivis ──────────────
>    Cle : numind_2018, identifiant de 2018 precharge dans le roster 2021.
>    Le rang dans le roster 2021 (numind) ne designe pas le meme individu
>    qu'en 2018. */
. use "$TEMP/enfants_dep_2018.dta", clear

. keep grappe menage numind sexe age pauvre_MODA nb_dep intensite_moda groupe_moda ///
>      dim_assai dim_eau dim_logem dim_nutri dim_sante dim_protect dim_educ ///
>      m_parents m_toilet m_partag_toi m_eau_source m_eau_temps m_ordures m_surpeup m_securite m_combust m_sante_acce
> s m_acte_nais m_trav_enf m_scol m_alfab ///
>      m_acte_nc m_scol_nc m_alfab_nc ///
>      hhweight hhsize pcexp region milieu hgender hage heduc hmstat hcsp

. rename numind numind_2018

. foreach v in sexe age pauvre_MODA nb_dep intensite_moda groupe_moda ///
>              dim_assai dim_eau dim_logem dim_nutri dim_sante dim_protect dim_educ ///
>              m_parents m_toilet m_partag_toi m_eau_source m_eau_temps m_ordures m_surpeup m_securite m_combust m_sa
> nte_acces m_acte_nais m_trav_enf m_scol m_alfab ///
>              m_acte_nc m_scol_nc m_alfab_nc {
  2.     rename `v' `v'18
  3. }

. tempfile enf18_psm

. save `enf18_psm'
file C:\Users\Bmd\AppData\Local\Temp\ST_4dd8_00000x.tmp saved as .dta format

. 
. use "$TEMP/enfants_dep_2021.dta", clear

. keep grappe menage numind sexe age pauvre_MODA nb_dep intensite_moda groupe_moda ///
>      dim_assai dim_eau dim_logem dim_nutri dim_sante dim_protect dim_educ ///
>      m_parents m_toilet m_partag_toi m_eau_source m_eau_temps m_ordures m_surpeup m_securite m_combust m_sante_acce
> s m_acte_nais m_trav_enf m_scol m_alfab ///
>      m_acte_nc m_scol_nc m_alfab_nc

. foreach v in sexe age pauvre_MODA nb_dep intensite_moda groupe_moda ///
>              dim_assai dim_eau dim_logem dim_nutri dim_sante dim_protect dim_educ ///
>              m_parents m_toilet m_partag_toi m_eau_source m_eau_temps m_ordures m_surpeup m_securite m_combust m_sa
> nte_acces m_acte_nais m_trav_enf m_scol m_alfab ///
>              m_acte_nc m_scol_nc m_alfab_nc {
  2.     rename `v' `v'21
  3. }

. merge m:1 grappe menage numind using "$TEMP/lien_individus.dta", ///
>     keepusing(numind_2018) keep(match) nogenerate

    Result                      Number of obs
    -----------------------------------------
    Not matched                             0
    Matched                            21,461  
    -----------------------------------------

. drop numind

. merge 1:1 grappe menage numind_2018 using `enf18_psm', keep(match) nogenerate
(label grp already defined)
(label educl already defined)
(label s01q07 already defined)
(label s01q01 already defined)
(label s00q04 already defined)
(label s00q01 already defined)
(label csp_lbl already defined)

    Result                      Number of obs
    -----------------------------------------
    Not matched                             0
    Matched                            21,288  
    -----------------------------------------

. 
. /* Traitement defini a la periode de base (transfert de l'etranger
>    recu en 2018) */
. merge m:1 grappe menage using "$TEMP/traitement_2018.dta", ///
>     keepusing(D) keep(match) nogenerate

    Result                      Number of obs
    -----------------------------------------
    Not matched                             0
    Matched                            21,288  
    -----------------------------------------

. 
. /* Restriction aux menages du panel vrai */
. merge m:1 grappe menage using "$TEMP/ids_panel.dta", keep(match) nogenerate

    Result                      Number of obs
    -----------------------------------------
    Not matched                             0
    Matched                            21,288  
    -----------------------------------------

. 
. /* Statut aux deux vagues, pour la definition du design principal */
. merge m:1 grappe menage using "$TEMP/traitement_stable.dta", ///
>     keepusing(D_2018 D_2021) keep(master match) nogenerate

    Result                      Number of obs
    -----------------------------------------
    Not matched                             0
    Matched                            21,288  
    -----------------------------------------

. 
. /* Intensite du traitement : montant annuel recu en 2018. Manquant pour les
>    menages non beneficiaires, par construction. */
. merge m:1 grappe menage using "$TEMP/montant_2018.dta", ///
>     keepusing(montant_transf) keep(master match) nogenerate

    Result                      Number of obs
    -----------------------------------------
    Not matched                        18,115
        from master                    18,115  
        from using                          0  

    Matched                             3,173  
    -----------------------------------------

. 
. gen log_pcexp = log(pcexp + 1)

. foreach v in milieu region heduc hmstat {
  2.     capture destring `v', replace
  3. }

. 
. /* Un identifiant individuel unique, stable entre les deux vagues */
. egen long enfid = group(grappe menage numind_2018)

. label var enfid "Identifiant individuel de l'enfant (panel)"

. 
. /* Cas complets sur les seules variables qui entrent dans l'estimation :
>    le traitement, les covariables du score et les deux resultats. Les
>    variables ecartees du score (log_pcexp, hhsize, hcsp) ne conditionnent
>    plus l'echantillon : les exclure du modele tout en excluant les enfants
>    dont elles manquent restreindrait le panel sans contrepartie. */
. drop if missing(D) | missing(sexe18) | missing(age18) ///
>        | missing(milieu) | missing(region) | missing(hgender) ///
>        | missing(hage) | missing(heduc) | missing(hmstat) ///
>        | missing(pauvre_MODA18) | missing(pauvre_MODA21)
(3,516 observations deleted)

. 
. /* ── DESIGN PRINCIPAL : beneficiaires stables vs jamais beneficiaires ──
>    Le traitement du design principal est l'exposition continue : menages
>    beneficiaires aux DEUX vagues (D_2018=1 et D_2021=1) contre menages
>    jamais beneficiaires (0 aux deux vagues). Deux raisons commandent ce
>    choix. La premiere est la definition meme du traitement : pres d'un
>    beneficiaire de 2018 sur deux ne recoit plus en 2021, en partie parce
>    que la pandemie de COVID-19 a interrompu les envois en 2020 ; classer
>    ces menages parmi les traites reviendrait a mesurer l'effet d'un
>    traitement largement eteint. La seconde est la lisibilite de l'effet :
>    chez les stables, le flux est effectif sur toute la periode, et l'ATT
>    se lit comme l'effet d'une exposition durable aux transferts.
>    En contrepartie, le traitement est deja en cours a t=0 : la periode de
>    base n'est pas une periode pre-traitement, et la DD s'interprete comme
>    l'ecart de trajectoire entre exposition continue et absence continue.
>    La definition a la periode de base (D de 2018, transitoires inclus)
>    est conservee en robustesse (section 8).
>    L'echantillon complet est sauvegarde avant restriction pour cette
>    meme section 8. */
. gen byte hage_cl = .
(17,772 missing values generated)

. replace  hage_cl = 1 if hage <  35
(1,441 real changes made)

. replace  hage_cl = 2 if hage >= 35 & hage < 50
(6,764 real changes made)

. replace  hage_cl = 3 if hage >= 50 & hage < 65
(6,052 real changes made)

. replace  hage_cl = 4 if hage >= 65 & !missing(hage)
(3,515 real changes made)

. label define hagecl 1 "Moins de 35 ans" 2 "35-49 ans" ///
>                     3 "50-64 ans" 4 "65 ans et plus", replace

. label values hage_cl hagecl

. label var hage_cl "Age du chef de menage, en classes"

. 
. save "$TEMP/panel_large_tous.dta", replace
file code/stata/temp/panel_large_tous.dta saved

. 
. quietly count

. local n_avant = r(N)

. keep if D_2018 == D_2021
(4,197 observations deleted)

. di _newline "=== Design principal : stables vs jamais ==="

=== Design principal : stables vs jamais ===

. di "  Enfants suivis au total          : `n_avant'"
  Enfants suivis au total          : 17772

. quietly count if D == 1

. di "  Enfants de beneficiaires stables : " r(N)
  Enfants de beneficiaires stables : 2236

. quietly count if D == 0

. di "  Enfants jamais beneficiaires     : " r(N)
  Enfants jamais beneficiaires     : 11339

. quietly count

. di "  Transitoires ecartes             : " `n_avant' - r(N)
  Transitoires ecartes             : 4197

. 
. /* ── Validation empirique de l'appariement individuel ─────────
>    Deux verifications qu'un appariement arbitraire ne pourrait pas
>    satisfaire. */
. di _newline "--- Validation de l'appariement individuel ---"

--- Validation de l'appariement individuel ---

. quietly count if sexe18 == sexe21

. di "  Concordance du genre entre vagues : " %5.1f 100*r(N)/_N "%"
  Concordance du genre entre vagues :  97.7%

. quietly gen int ecart_age = age21 - age18

. quietly summarize ecart_age, detail

. di "  Ecart d'age : mediane " %4.1f r(p50) "  moyenne " %5.2f r(mean)
  Ecart d'age : mediane  3.0  moyenne  2.95

. quietly count if inrange(ecart_age, 2, 4)

. di "  Part avec ecart d'age dans [2 ; 4] ans : " %5.1f 100*r(N)/_N "%"
  Part avec ecart d'age dans [2 ; 4] ans :  78.0%

. quietly count if ecart_age < 0

. di "  Part avec ecart d'age negatif (erreur de declaration) : " %5.1f 100*r(N)/_N "%"
  Part avec ecart d'age negatif (erreur de declaration) :   3.6%

. quietly drop ecart_age

. 
. 
. /* ============================================================
>    1a-bis. TESTS DE COMPARAISON AVANT L'ESTIMATION D'IMPACT
> 
>    Avant toute estimation, on documente l'ecart initial entre
>    enfants beneficiaires et non beneficiaires. Trois tests :
> 
>      (i)   comparaison des caracteristiques observables a t=0
>            (test de Student sur la difference de moyennes, erreurs-
>            types clusterisees au niveau de la grappe) ;
>      (ii)  comparaison des resultats a t=0 (indice MODA, nombre de
>            privations, intensite, chaque dimension) : c'est l'ecart
>            que la double difference doit neutraliser, et non
>            attribuer au traitement ;
>      (iii) test joint de l'ensemble des covariables (test du
>            rapport de vraisemblance du logit de D). Le rejet de
>            l'egalite jointe est le fait empirique qui justifie
>            l'appariement : une comparaison directe des deux groupes
>            serait biaisee.
>    ============================================================ */
. 
. di _newline "=== 1a-bis. Tests de comparaison avant estimation ==="

=== 1a-bis. Tests de comparaison avant estimation ===

. 
. quietly gen byte chef_f_t = (hgender == 2)

. quietly gen byte urbain_t = (milieu  == 1)

. 
. di _newline "-- (i) Caracteristiques observables a t=0 --"

-- (i) Caracteristiques observables a t=0 --

. di "  variable            D=1        D=0      diff        p"
  variable            D=1        D=0      diff        p

. foreach v of varlist hhsize log_pcexp hage chef_f_t urbain_t sexe18 age18 {
  2.     quietly summarize `v' if D == 1
  3.     local m1 = r(mean)
  4.     quietly summarize `v' if D == 0
  5.     local m0 = r(mean)
  6.     quietly regress `v' D, vce(cluster grappe)
  7.     local p = 2*ttail(e(df_r), abs(_b[D]/_se[D]))
  8.     di "  " %-16s "`v'" %9.3f `m1' %10.3f `m0' %10.3f `m1'-`m0' %9.4f `p'
  9. }
  hhsize             17.262    12.782     4.480   0.0000
  log_pcexp          12.967    12.688     0.278   0.0000
  hage               54.771    51.389     3.382   0.0002
  chef_f_t            0.300     0.171     0.129   0.0000
  urbain_t            0.569     0.381     0.188   0.0000
  sexe18              1.509     1.496     0.013   0.2612
  age18               6.870     6.641     0.230   0.0342

. 
. di _newline "-- (ii) Resultats a t=0 (ecart initial a neutraliser) --"

-- (ii) Resultats a t=0 (ecart initial a neutraliser) --

. di "  variable            D=1        D=0      diff        p"
  variable            D=1        D=0      diff        p

. foreach v of varlist pauvre_MODA18 nb_dep18 intensite_moda18 ///
>                      dim_assai18 dim_eau18 dim_logem18 dim_nutri18 ///
>                      dim_sante18 dim_protect18 dim_educ18 {
  2.     quietly summarize `v' if D == 1
  3.     local m1 = r(mean)
  4.     quietly summarize `v' if D == 0
  5.     local m0 = r(mean)
  6.     quietly regress `v' D, vce(cluster grappe)
  7.     local p = 2*ttail(e(df_r), abs(_b[D]/_se[D]))
  8.     di "  " %-16s "`v'" %9.3f `m1' %10.3f `m0' %10.3f `m1'-`m0' %9.4f `p'
  9. }
  pauvre_MODA18       0.378     0.683    -0.305   0.0000
  nb_dep18            3.087     4.200    -1.113   0.0000
  intensite_moda18    0.441     0.600    -0.159   0.0000
  dim_assai18         0.332     0.621    -0.289   0.0000
  dim_eau18           0.157     0.267    -0.110   0.0004
  dim_logem18         0.550     0.739    -0.189   0.0000
  dim_nutri18         0.471     0.782    -0.311   0.0000
  dim_sante18         0.955     0.986    -0.031   0.0032
  dim_protect18       0.379     0.516    -0.137   0.0000
  dim_educ18          0.242     0.288    -0.047   0.0041

. 
. di _newline "-- (iii) Test joint d'egalite des covariables --"

-- (iii) Test joint d'egalite des covariables --

. quietly logit D $COV_SCORE, nolog

. local lr   = 2*(e(ll) - e(ll_0))

. local ddl  = e(df_m)

. di "  LR chi2(" `ddl' ") = " %8.2f `lr' ///
>    "   p = " %6.4f chi2tail(`ddl', `lr')
  LR chi2(31) =  1571.92   p = 0.0000

. di "  H0 : les deux groupes ont la meme distribution de covariables."
  H0 : les deux groupes ont la meme distribution de covariables.

. di "  Le rejet justifie l'appariement prealable a la double difference."
  Le rejet justifie l'appariement prealable a la double difference.

. 
. /* ============================================================
>    1a-ter. TESTS D'ENDOGENEITE
> 
>    Une covariable du score de propension doit etre PREDETERMINEE :
>    fixee avant le traitement, et non modifiee par lui. Une variable
>    affectee par les transferts introduirait dans le score un canal
>    par lequel le traitement agit, et l'appariement en absorberait
>    une partie de l'effet ("bad control").
> 
>    Test retenu : pour chaque variable candidate mesuree aux deux
>    vagues, on regresse sa valeur en 2021 sur le traitement de 2018
>    en controlant sa valeur de 2018. Un coefficient significatif sur
>    D signifie que le traitement deplace la variable : elle n'est pas
>    predeterminee et ne peut pas servir de covariable d'appariement.
> 
>    Le meme test est applique a la separation parentale, non plus
>    comme covariable mais comme indicateur de privation : s'il est
>    positif, l'indice MODA contiendrait une privation que la
>    migration produit mecaniquement, ce qui suffit a la retirer de
>    l'agregat (cf. dimension Protection, section B).
>    ============================================================ */
. 
. di _newline "=== 1a-ter. Tests d'endogeneite ==="

=== 1a-ter. Tests d'endogeneite ===

. 
. di _newline "-- Separation parentale : le traitement la produit-il ? --"

-- Separation parentale : le traitement la produit-il ? --

. quietly regress m_parents21 D m_parents18, vce(cluster grappe)

. di "  Effet de D sur la separation parentale en 2021 : " ///
>    %7.4f _b[D] "  (et " %6.4f _se[D] ")  p = " ///
>    %6.4f 2*ttail(e(df_r), abs(_b[D]/_se[D]))
  Effet de D sur la separation parentale en 2021 :  0.0723  (et 0.0177)  p = 0.0001

. di "  Un coefficient positif et significatif confirme que cet"
  Un coefficient positif et significatif confirme que cet

. di "  indicateur est un RESULTAT du traitement, non une privation"
  indicateur est un RESULTAT du traitement, non une privation

. di "  independante : il est exclu de l'indice MODA."
  independante : il est exclu de l'indice MODA.

. 
. di _newline "-- Dimensions MODA : lesquelles le traitement deplace-t-il ? --"

-- Dimensions MODA : lesquelles le traitement deplace-t-il ? --

. di "  (diagnostic, non un test de validite du score)"
  (diagnostic, non un test de validite du score)

. foreach v in assai eau logem nutri sante protect educ {
  2.     quietly regress dim_`v'21 D dim_`v'18, vce(cluster grappe)
  3.     di "  dim_" %-8s "`v'" " : b(D) = " %7.4f _b[D] ///
>        "   p = " %6.4f 2*ttail(e(df_r), abs(_b[D]/_se[D]))
  4. }
  dim_assai    : b(D) = -0.1019   p = 0.0021
  dim_eau      : b(D) = -0.0539   p = 0.0600
  dim_logem    : b(D) = -0.1153   p = 0.0010
  dim_nutri    : b(D) = -0.1411   p = 0.0000
  dim_sante    : b(D) = -0.0020   p = 0.7924
  dim_protect  : b(D) = -0.0216   p = 0.2513
  dim_educ     : b(D) = -0.0699   p = 0.0000

. 
. drop m_parents18 m_parents21 chef_f_t urbain_t

. 
. di _newline "=== Logit ENFANT — score de propension (EHCVM I, panel d'enfants) ==="

=== Logit ENFANT — score de propension (EHCVM I, panel d'enfants) ===

. di "Enfants suivis aux deux vagues : " _N
Enfants suivis aux deux vagues : 13575

. 
. /* ── 1b. Logit au niveau enfant, SEPAREMENT PAR GROUPE D'AGE ──
>    Covariables du menage a t=0 + genre et age de l'enfant. Erreurs-types
>    clusterisees au niveau de la grappe (le traitement varie au niveau
>    menage : la correlation intra-grappe couvre aussi l'intra-menage).
> 
>    Le score est estime a l'interieur de chaque groupe d'age MODA plutot
>    que sur l'ensemble des enfants. Deux raisons. D'abord la mesure : les
>    indicateurs qui composent l'indice ne sont pas les memes selon l'age,
>    si bien qu'un enfant de 2 ans et un adolescent de 16 ans ne subissent
>    pas les memes privations potentielles et ne sont pas des contrefactuels
>    l'un de l'autre. Ensuite la selection : les determinants de la reception
>    d'un transfert n'ont aucune raison de peser du meme poids selon l'age de
>    l'enfant, et un score commun impose des coefficients identiques aux trois
>    groupes. Estimer separement autorise ces coefficients a differer et
>    garantit que chaque enfant traite est apparie a un temoin du meme groupe
>    d'age. */
. 
. /* ── Specification du score de propension ───────────────────
>    Trois covariables presentes dans une premiere version ont ete
>    RETIREES parce qu'elles ne sont pas predeterminees : le traitement
>    les modifie, et les inclure revient a controler un canal par lequel
>    il agit ("bad control"), donc a absorber dans l'appariement une part
>    de l'effet que l'on cherche a mesurer.
> 
>      - log_pcexp : la depense par tete est mecaniquement augmentee par
>        le transfert recu, qui est une ressource du menage ;
>      - hhsize    : la taille du menage enregistre le depart du migrant
>        et, le cas echeant, l'accueil de nouveaux membres finance par
>        les envois ;
>      - hcsp      : la categorie socioprofessionnelle du chef reflete son
>        activite, dont Ndiaye (2016) montre qu'elle est reduite par la
>        reception de transferts.
> 
>    Sont conservees les seules caracteristiques qu'un transfert recu en
>    2018 ne peut avoir modifiees : la localisation (milieu, region), le
>    genre, l'age, le niveau d'education et le statut matrimonial du chef,
>    le genre et l'age de l'enfant.
> 
>    Les trois variables retirees restent affichees dans les tests
>    d'equilibre : on verifie ainsi que l'appariement les rapproche malgre
>    tout, sans les avoir utilisees. */
. /* L'age de l'enfant ne figure pas dans le score : l'estimation etant
>    conduite a l'interieur de chaque groupe d'age, l'appariement est deja
>    contraint par l'age, et la variable n'apporterait qu'une variation
>    residuelle intra-groupe sans lien etabli avec la selection.
>    L'age du chef entre en classes plutot qu'en continu : la relation entre
>    l'age et la probabilite d'avoir un migrant dans le menage n'a aucune
>    raison d'etre lineaire, un chef age etant plus souvent le parent reste
>    au pays d'un enfant adulte parti. */
. global COV_SCORE "i.milieu i.region c.hgender i.hage_cl i.heduc i.hmstat i.sexe18"

. 
. gen byte grp_psm = groupe_moda18

. label values grp_psm grp

. label var grp_psm "Groupe d'age MODA a la periode de base"

. 
. gen double pscore = .
(13,575 missing values generated)

. label var pscore "Score de propension (enfant, estime par groupe d'age)"

. 
. forvalues g = 1/3 {
  2.     di _newline "-- Logit, groupe d'age `g' --"
  3.     quietly count if grp_psm == `g'
  4.     di "   Enfants : " r(N)
  5.     quietly count if grp_psm == `g' & D == 1
  6.     di "   dont traites : " r(N)
  7. 
.     logit D $COV_SCORE if grp_psm == `g', vce(cluster grappe) nolog
  8. 
.     di "   Pseudo-R2 McFadden : " %6.3f 1 - e(ll)/e(ll_0)
  9. 
.     quietly predict double ps_tmp if e(sample), pr
 10.     quietly replace pscore = ps_tmp if grp_psm == `g' & !missing(ps_tmp)
 11.     drop ps_tmp
 12. }

-- Logit, groupe d'age 1 --
   Enfants : 4764
   dont traites : 751
note: 2.heduc != 0 predicts failure perfectly;
      2.heduc omitted and 2 obs not used.


Logistic regression                                     Number of obs =  4,762
                                                        Wald chi2(30) = 182.11
                                                        Prob > chi2   = 0.0000
Log pseudolikelihood = -1816.0217                       Pseudo R2     = 0.1250

                                     (Std. err. adjusted for 564 clusters in grappe)
------------------------------------------------------------------------------------
                   |               Robust
                 D | Coefficient  std. err.      z    P>|z|     [95% conf. interval]
-------------------+----------------------------------------------------------------
            milieu |
            Rural  |  -.7025707   .1884126    -3.73   0.000    -1.071853   -.3332888
                   |
            region |
       ziguinchor  |  -1.988196   .5647491    -3.52   0.000    -3.095084    -.881308
         diourbel  |  -.3629489   .4023356    -0.90   0.367    -1.151512    .4256144
      SAINT-LOUIS  |  -.3293435   .3379565    -0.97   0.330    -.9917261    .3330391
      tambacounda  |      .0369   .4450672     0.08   0.934    -.8354157    .9092158
          kaolack  |  -.0208381   .3244553    -0.06   0.949    -.6567587    .6150825
            thies  |  -.2150509   .4204165    -0.51   0.609    -1.039052    .6089502
            louga  |    -.49132   .3257462    -1.51   0.131    -1.129771    .1471308
           fatick  |  -.9303581    .395357    -2.35   0.019    -1.705244   -.1554726
            kolda  |   .1736971    .571525     0.30   0.761    -.9464715    1.293866
            matam  |   1.118828   .3385278     3.30   0.001     .4553261    1.782331
         kaffrine  |   -1.70058    .552356    -3.08   0.002    -2.783178   -.6179824
         kedougou  |  -1.821196   .4899026    -3.72   0.000    -2.781387   -.8610041
          sedhiou  |   .1937264   .3814233     0.51   0.612    -.5538494    .9413023
                   |
           hgender |   .7974641   .2029867     3.93   0.000     .3996174    1.195311
                   |
           hage_cl |
        35-49 ans  |  -.4808983   .2547914    -1.89   0.059    -.9802804    .0184837
        50-64 ans  |  -.1012384   .2640798    -0.38   0.701    -.6188253    .4163484
   65 ans et plus  |   .4119737   .2895725     1.42   0.155    -.1555779    .9795253
                   |
             heduc |
       Maternelle  |          0  (empty)
         Primaire  |   .2114024   .2087718     1.01   0.311    -.1977828    .6205877
     Second. gl 1  |   .6913089   .2671493     2.59   0.010     .1677059    1.214912
  Second. tech. 1  |  -.4951645   1.028478    -0.48   0.630    -2.510943    1.520615
     Second. gl 2  |   .0549332   .4295472     0.13   0.898    -.7869639    .8968303
  Second. tech. 2  |   2.821423   1.290468     2.19   0.029     .2921521    5.350693
   Postsecondaire  |   1.829176   .5420494     3.37   0.001     .7667791    2.891574
        Superieur  |   .2559378   .4066452     0.63   0.529    -.5410721    1.052948
                   |
            hmstat |
Marié(e) monogame  |  -.8235175    .690512    -1.19   0.233    -2.176896    .5298611
Marié(e) polygame  |  -.3127364   .6952678    -0.45   0.653    -1.675436    1.049963
         Veuf(ve)  |  -1.298404   .7483304    -1.74   0.083    -2.765104     .168297
       Divorcé(e)  |  -1.146594   .9568495    -1.20   0.231    -3.021985    .7287963
                   |
            sexe18 |
          Féminin  |  -.1353141   .0900736    -1.50   0.133    -.3118551    .0412269
             _cons |  -1.318642   .7980639    -1.65   0.098    -2.882819    .2455341
------------------------------------------------------------------------------------
   Pseudo-R2 McFadden :  0.125

-- Logit, groupe d'age 2 --
   Enfants : 8486
   dont traites : 1442
note: 4.hmstat != 0 predicts failure perfectly;
      4.hmstat omitted and 2 obs not used.


Logistic regression                                     Number of obs =  8,484
                                                        Wald chi2(31) = 206.14
                                                        Prob > chi2   = 0.0000
Log pseudolikelihood = -3343.6858                       Pseudo R2     = 0.1354

                                     (Std. err. adjusted for 576 clusters in grappe)
------------------------------------------------------------------------------------
                   |               Robust
                 D | Coefficient  std. err.      z    P>|z|     [95% conf. interval]
-------------------+----------------------------------------------------------------
            milieu |
            Rural  |  -.6625128   .1796982    -3.69   0.000    -1.014715   -.3103108
                   |
            region |
       ziguinchor  |  -2.343135   .4926031    -4.76   0.000    -3.308619    -1.37765
         diourbel  |  -.7317275   .3689153    -1.98   0.047    -1.454788   -.0086668
      SAINT-LOUIS  |  -.7764012   .3379217    -2.30   0.022    -1.438716   -.1140868
      tambacounda  |  -.1639327   .4058302    -0.40   0.686    -.9593453    .6314799
          kaolack  |  -.4763976   .2976897    -1.60   0.110    -1.059859    .1070635
            thies  |  -.6586773   .3510301    -1.88   0.061    -1.346684     .029329
            louga  |  -.5477366   .3001963    -1.82   0.068    -1.136111    .0406374
           fatick  |   -1.21181   .3685036    -3.29   0.001    -1.934063   -.4895558
            kolda  |  -.4432984   .4095105    -1.08   0.279    -1.245924    .3593274
            matam  |   .8133771   .2785872     2.92   0.004     .2673562    1.359398
         kaffrine  |  -1.485604   .4524591    -3.28   0.001    -2.372407   -.5988001
         kedougou  |  -1.891974   .4841918    -3.91   0.000    -2.840972   -.9429751
          sedhiou  |  -.3118939   .3298869    -0.95   0.344    -.9584604    .3346726
                   |
           hgender |   .9435282   .1737874     5.43   0.000     .6029111    1.284145
                   |
           hage_cl |
        35-49 ans  |  -.2991613    .231145    -1.29   0.196    -.7521971    .1538746
        50-64 ans  |   .0768387   .2549037     0.30   0.763    -.4227633    .5764407
   65 ans et plus  |   .6587898   .2695621     2.44   0.015     .1304578    1.187122
                   |
             heduc |
         Primaire  |   .1938376   .1886145     1.03   0.304      -.17584    .5635153
     Second. gl 1  |   .6561133   .2442314     2.69   0.007     .1774285    1.134798
  Second. tech. 1  |  -1.990591   1.040164    -1.91   0.056    -4.029275    .0480919
     Second. gl 2  |   .1638219   .3622769     0.45   0.651    -.5462277    .8738715
  Second. tech. 2  |   1.217191   1.002188     1.21   0.225    -.7470616    3.181443
   Postsecondaire  |   .9444274   .5238859     1.80   0.071    -.0823702    1.971225
        Superieur  |   .2559867   .3538481     0.72   0.469    -.4375429    .9495162
                   |
            hmstat |
Marié(e) monogame  |  -1.180899   .4353781    -2.71   0.007    -2.034224   -.3275732
Marié(e) polygame  |  -.5732062   .4366765    -1.31   0.189    -1.429076     .282664
      Union libre  |          0  (empty)
         Veuf(ve)  |  -1.729683    .510583    -3.39   0.001    -2.730408   -.7289589
       Divorcé(e)  |   -2.77245   .7188753    -3.86   0.000    -4.181419    -1.36348
        Séparé(e)  |  -.9838157   1.256913    -0.78   0.434    -3.447319    1.479688
                   |
            sexe18 |
          Féminin  |   .1315073   .0618688     2.13   0.034     .0102466    .2527679
             _cons |  -1.157382   .5296608    -2.19   0.029    -2.195498   -.1192659
------------------------------------------------------------------------------------
   Pseudo-R2 McFadden :  0.135

-- Logit, groupe d'age 3 --
   Enfants : 325
   dont traites : 43
note: 2.region != 0 predicts failure perfectly;
      2.region omitted and 15 obs not used.

note: 9.region != 0 predicts failure perfectly;
      9.region omitted and 17 obs not used.

note: 13.region != 0 predicts failure perfectly;
      13.region omitted and 14 obs not used.

note: 6.heduc != 0 predicts failure perfectly;
      6.heduc omitted and 9 obs not used.

note: 9.heduc != 0 predicts failure perfectly;
      9.heduc omitted and 1 obs not used.

note: 1.hmstat != 0 predicts failure perfectly;
      1.hmstat omitted and 2 obs not used.

note: 6.hmstat != 0 predicts failure perfectly;
      6.hmstat omitted and 1 obs not used.

note: 7.hmstat != 0 predicts failure perfectly;
      7.hmstat omitted and 1 obs not used.

note: 8.heduc omitted because of collinearity.
note: 5.hmstat omitted because of collinearity.

Logistic regression                                     Number of obs =    265
                                                        Wald chi2(21) =  52.47
                                                        Prob > chi2   = 0.0002
Log pseudolikelihood = -86.22745                        Pseudo R2     = 0.2662

                                     (Std. err. adjusted for 182 clusters in grappe)
------------------------------------------------------------------------------------
                   |               Robust
                 D | Coefficient  std. err.      z    P>|z|     [95% conf. interval]
-------------------+----------------------------------------------------------------
            milieu |
            Rural  |  -.7647376   .4143024    -1.85   0.065    -1.576755    .0472801
                   |
            region |
       ziguinchor  |          0  (empty)
         diourbel  |   2.178767   1.902058     1.15   0.252    -1.549198    5.906733
      SAINT-LOUIS  |   2.595463   1.842539     1.41   0.159    -1.015848    6.206774
      tambacounda  |   3.298289    1.91071     1.73   0.084    -.4466346    7.043212
          kaolack  |   1.047353   2.109612     0.50   0.620     -3.08741    5.182115
            thies  |   2.127774   1.856292     1.15   0.252    -1.510491     5.76604
            louga  |   2.437482   1.909091     1.28   0.202    -1.304267    6.179231
           fatick  |          0  (empty)
            kolda  |   2.185717   2.076676     1.05   0.293    -1.884493    6.255926
            matam  |   3.657849   1.886151     1.94   0.052    -.0389391    7.354638
         kaffrine  |   2.177647   1.861239     1.17   0.242    -1.470315    5.825608
         kedougou  |          0  (empty)
          sedhiou  |   2.437767   1.808393     1.35   0.178    -1.106618    5.982152
                   |
           hgender |   3.144446   .8701299     3.61   0.000     1.439022    4.849869
                   |
           hage_cl |
        35-49 ans  |  -.1161799   1.095831    -0.11   0.916    -2.263969    2.031609
        50-64 ans  |   1.126942   1.189869     0.95   0.344    -1.205159    3.459043
   65 ans et plus  |   1.750127   1.190334     1.47   0.141     -.582885    4.083138
                   |
             heduc |
         Primaire  |  -.7725326   .8217117    -0.94   0.347    -2.383058    .8379927
     Second. gl 1  |    1.98864   1.002496     1.98   0.047     .0237845    3.953496
  Second. tech. 1  |  -.3861418   1.602851    -0.24   0.810    -3.527671    2.755388
     Second. gl 2  |          0  (empty)
   Postsecondaire  |          0  (empty)
        Superieur  |          0  (empty)
                   |
            hmstat |
      Célibataire  |          0  (empty)
Marié(e) monogame  |   1.447751   1.369986     1.06   0.291    -1.237372    4.132873
Marié(e) polygame  |   3.325779   1.362671     2.44   0.015     .6549929    5.996565
         Veuf(ve)  |          0  (omitted)
       Divorcé(e)  |          0  (empty)
        Séparé(e)  |          0  (empty)
                   |
            sexe18 |
          Féminin  |  -.2087431   .3939115    -0.53   0.596    -.9807954    .5633092
             _cons |  -10.97421   4.286417    -2.56   0.010    -19.37543   -2.572986
------------------------------------------------------------------------------------
   Pseudo-R2 McFadden :  0.266

. 
. /* Un enfant dont le logit de son groupe n'a pas pu produire de prediction
>    (colinearite parfaite sur une modalite rare) est ecarte : il ne pourrait
>    pas etre apparie. */
. quietly count if missing(pscore)

. di _newline "Enfants sans score de propension (ecartes) : " r(N)

Enfants sans score de propension (ecartes) : 64

. drop if missing(pscore)
(64 observations deleted)

. 
. /* ============================================================
>    1c. ANALYSES DE CHEVAUCHEMENT (SUPPORT COMMUN)
> 
>    L'appariement n'a de sens que si chaque enfant beneficiaire trouve,
>    parmi les non beneficiaires, des enfants de score comparable. C'est
>    la seconde hypothese du PSM, celle du support commun. Elle ne se
>    verifie pas par un test unique mais par un faisceau d'elements, tous
>    produits ici, et separement dans chaque groupe d'age puisque le score
>    y est estime separement.
> 
>      (i)   l'etendue des scores dans chaque groupe de traitement, d'ou
>            se deduit la region de recouvrement ;
>      (ii)  le nombre et la part d'enfants traites situes hors de cette
>            region : ce sont ceux que l'appariement devra ecarter, et
>            leur poids mesure la perte d'echantillon ;
>      (iii) la repartition par decile de score, qui revele les zones ou
>            les temoins se rarefient meme sans sortir du support ;
>      (iv)  le coefficient de chevauchement, part de l'echantillon situee
>            sous le minimum des deux densites, resume en un nombre ;
>      (v)   les densites, avant et apres appariement.
> 
>    Un chevauchement insuffisant ne s'annule pas par un choix technique :
>    il restreint la population sur laquelle l'effet est identifie, ce que
>    le rapport doit dire plutot que masquer.
>    ============================================================ */
. 
. di _newline "=== 1c. Analyses de chevauchement (support commun) ==="

=== 1c. Analyses de chevauchement (support commun) ===

. 
. forvalues g = 1/3 {
  2. 
.     di _newline "--- Groupe d'age `g' ---"
  3. 
.     /* (i) Etendue des scores et region de recouvrement */
.     quietly summarize pscore if grp_psm == `g' & D == 1, detail
  4.     local min1 = r(min)
  5.     local max1 = r(max)
  6.     local p50_1 = r(p50)
  7.     quietly summarize pscore if grp_psm == `g' & D == 0, detail
  8.     local min0 = r(min)
  9.     local max0 = r(max)
 10.     local p50_0 = r(p50)
 11. 
.     local binf = max(`min1', `min0')
 12.     local bsup = min(`max1', `max0')
 13. 
.     di "  Traites  : min " %6.4f `min1' "  mediane " %6.4f `p50_1' ///
>        "  max " %6.4f `max1'
 14.     di "  Temoins  : min " %6.4f `min0' "  mediane " %6.4f `p50_0' ///
>        "  max " %6.4f `max0'
 15.     di "  Region de recouvrement : [" %6.4f `binf' " ; " %6.4f `bsup' "]"
 16. 
.     /* (ii) Traites hors region de recouvrement */
.     quietly count if grp_psm == `g' & D == 1
 17.     local n_tr = r(N)
 18.     quietly count if grp_psm == `g' & D == 1 & (pscore < `binf' | pscore > `bsup')
 19.     local n_hors = r(N)
 20.     di "  Traites hors support : " `n_hors' " sur " `n_tr' ///
>        "  (" %5.2f 100*`n_hors'/`n_tr' " %)"
 21.     if 100*`n_hors'/`n_tr' > 5 {
 22.         di "  ATTENTION : plus de 5 % des traites sont hors support."
 23.         di "  L'effet estime ne vaut alors que pour la sous-population"
 24.         di "  effectivement appariable, ce qui doit etre signale."
 25.     }
 26. 
.     /* (iii) Repartition par decile de score */
.     quietly xtile dec_ps = pscore if grp_psm == `g', nq(10)
 27.     di _newline "  Repartition par decile de score :"
 28.     di "    decile   traites   temoins   ratio temoins/traite"
 29.     forvalues d = 1/10 {
 30.         quietly count if grp_psm == `g' & dec_ps == `d' & D == 1
 31.         local nd1 = r(N)
 32.         quietly count if grp_psm == `g' & dec_ps == `d' & D == 0
 33.         local nd0 = r(N)
 34.         if `nd1' > 0 {
 35.             di "    " %6.0f `d' %10.0f `nd1' %10.0f `nd0' %12.1f `nd0'/`nd1'
 36.         }
 37.         else {
 38.             di "    " %6.0f `d' %10.0f `nd1' %10.0f `nd0' "        (aucun traite)"
 39.         }
 40.     }
 41.     quietly drop dec_ps
 42. 
.     /* (iv) Coefficient de chevauchement des deux densites.
>        Les deux densites sont estimees sur une grille commune de 100
>        points ; le coefficient est l'aire situee sous leur minimum,
>        comprise entre 0 (aucun recouvrement) et 1 (densites confondues). */
.     capture noisily {
 43.         tempvar gx d1 d0
 44.         quietly kdensity pscore if grp_psm == `g' & D == 1, ///
>             generate(`gx' `d1') n(100) nograph
 45.         quietly kdensity pscore if grp_psm == `g' & D == 0, ///
>             at(`gx') generate(`d0') nograph
 46.         quietly summarize `gx'
 47.         local pas = (r(max) - r(min)) / 99
 48.         tempvar mn
 49.         quietly gen double `mn' = min(`d1', `d0')
 50.         quietly summarize `mn', meanonly
 51.         di _newline "  Coefficient de chevauchement : " ///
>            %5.3f r(sum)*`pas'
 52.         drop `gx' `d1' `d0' `mn'
 53.     }
 54.     if _rc != 0 {
 55.         di _newline "  Coefficient de chevauchement : non calculable"
 56.     }
 57. }

--- Groupe d'age 1 ---
  Traites  : min 0.0138  mediane 0.2216  max 0.7949
  Temoins  : min 0.0066  mediane 0.1101  max 0.6858
  Region de recouvrement : [0.0138 ; 0.6858]
  Traites hors support : 15 sur 751  ( 2.00 %)

  Repartition par decile de score :
    decile   traites   temoins   ratio temoins/traite
         1         5       482        96.4
         2        11       463        42.1
         3        38       459        12.1
         4        30       424        14.1
         5        52       418         8.0
         6        85       418         4.9
         7        92       360         3.9
         8       113       360         3.2
         9       127       349         2.7
        10       198       278         1.4

  Coefficient de chevauchement : 0.635

--- Groupe d'age 2 ---
  Traites  : min 0.0067  mediane 0.2294  max 0.8133
  Temoins  : min 0.0012  mediane 0.1147  max 0.7205
  Region de recouvrement : [0.0067 ; 0.7205]
  Traites hors support : 21 sur 1442  ( 1.46 %)

  Repartition par decile de score :
    decile   traites   temoins   ratio temoins/traite
         1        16       835        52.2
         2        38       842        22.2
         3        54       778        14.4
         4        85       766         9.0
         5        86       761         8.8
         6       127       703         5.5
         7       192       677         3.5
         8       193       636         3.3
         9       233       616         2.6
        10       418       428         1.0

  Coefficient de chevauchement : 0.622

--- Groupe d'age 3 ---
  Traites  : min 0.0066  mediane 0.3140  max 0.9639
  Temoins  : min 0.0007  mediane 0.0620  max 0.6704
  Region de recouvrement : [0.0066 ; 0.6704]
  Traites hors support : 8 sur 43  (18.60 %)
  ATTENTION : plus de 5 % des traites sont hors support.
  L'effet estime ne vaut alors que pour la sous-population
  effectivement appariable, ce qui doit etre signale.

  Repartition par decile de score :
    decile   traites   temoins   ratio temoins/traite
         1         1        26        26.0
         2         0        26        (aucun traite)
         3         0        29        (aucun traite)
         4         1        23        23.0
         5         2        25        12.5
         6         4        23         5.8
         7         4        24         6.0
         8         4        20         5.0
         9        11        16         1.5
        10        16        10         0.6

  Coefficient de chevauchement : 0.493

. 
. /* (v) Densites du score, par groupe d'age, AVANT appariement */
. set dp comma

. forvalues g = 1/3 {
  2.     local titg : label grp `g'
  3.     quietly twoway ///
>         (kdensity pscore if D == 0 & grp_psm == `g', ///
>          lcolor(gs9) lwidth(medthick)) ///
>         (kdensity pscore if D == 1 & grp_psm == `g', ///
>          lcolor(orange) lwidth(medthick)), ///
>         legend(order(1 "Non bénéficiaires" 2 "Bénéficiaires") ///
>                pos(6) rows(1) region(color(white))) ///
>         xtitle("Score de propension") ytitle("Densité") ///
>         xlabel(, format(%3.1f)) ///
>         title("`titg'", size(medium)) ///
>         graphregion(color(white)) plotregion(color(white)) ///
>         name(ov`g', replace)
  4. }

. graph combine ov1 ov2 ov3, rows(1) ///
>     graphregion(color(white)) ///
>     saving("$OUTPUT/overlap_groupes.gph", replace)
file code/stata/output/overlap_groupes.gph saved

. graph export "$OUTPUT/figures/fig_overlap_groupes.pdf", replace
file code/stata/output/figures/fig_overlap_groupes.pdf saved as PDF format

. graph drop ov1 ov2 ov3

. 
. /* Densite d'ensemble (tous groupes confondus), conservee pour la
>    comparaison avec la version anterieure du rapport */
. twoway ///
>     (kdensity pscore if D == 0, lcolor(gs9) lwidth(medthick)) ///
>     (kdensity pscore if D == 1, lcolor(orange) lwidth(medthick)), ///
>     legend(order(1 "Enfants non bénéficiaires" 2 "Enfants bénéficiaires") ///
>            pos(6) rows(1) region(color(white))) ///
>     xtitle("Score de propension") ytitle("Densité") ///
>     xlabel(, format(%3.1f)) ///
>     graphregion(color(white)) plotregion(color(white)) ///
>     saving("$OUTPUT/overlap_panel.gph", replace)
file code/stata/output/overlap_panel.gph saved

. set dp period

. graph export "$OUTPUT/overlap_panel.pdf", replace
file code/stata/output/overlap_panel.pdf saved as PDF format

. 
. /* ── Variables d'equilibre ───────────────────────────────────
>    Les variables categorielles sont eclatees en indicatrices : le biais
>    standardise n'a de sens que modalite par modalite. La liste couvre la
>    specification du score ET les trois variables qui en ont ete ecartees,
>    afin de voir ce que l'appariement en fait sans les avoir utilisees. */
. quietly tabulate region, generate(_beq_reg)

. quietly tabulate heduc,  generate(_beq_edu)

. quietly tabulate hmstat, generate(_beq_mst)

. quietly tabulate hcsp,   generate(_beq_csp)

. quietly tabulate hage_cl, generate(_beq_hag)

. quietly generate byte _beq_urb   = (milieu == 1)

. quietly generate byte _beq_fille = (sexe18 == 2)

. global BALVARS "_beq_urb _beq_reg* _beq_edu* _beq_mst* hgender _beq_hag* _beq_fille hhsize log_pcexp _beq_csp*"

. 
. save "$TEMP/pscore_t0.dta", replace
file code/stata/temp/pscore_t0.dta saved

. 
. /* ============================================================
>    2. Appariement PSM au niveau ENFANT
> 
>    Trois algorithmes pour robustesse :
>      a. k plus proches voisins (k=K_VOISINS, avec remise)
>      b. Kernel Epanechnikov (h=0.06)
>      c. Caliper (epsilon=CALIPER, sans remise)
> 
>    Chaque enfant traite est apparie a des enfants temoins de profil
>    observable comparable, y compris en genre et en age.
>    ============================================================ */
. 
. /* La liste d'equilibre est plus large que la specification du score :
>    elle inclut les trois variables ecartees (hhsize, log_pcexp, hcsp),
>    afin de montrer ce que l'appariement en fait sans les avoir utilisees. */
. local covbal i.milieu i.region hgender i.hage_cl i.heduc i.hmstat ///
>              i.sexe18 hhsize log_pcexp i.hcsp

. 
. /* ── Outil de mesure de l'equilibre ──────────────────────────
>    pstest affiche un tableau lisible mais ne renvoie rien d'exploitable
>    dans r() : le biais moyen doit donc etre recalcule ici pour pouvoir
>    departager les trois algorithmes. Pour chaque covariable, l'ecart de
>    moyennes entre traites et temoins apres appariement est rapporte a la
>    dispersion commune AVANT appariement, convention de Rosenbaum et Rubin
>    (1985) ; le programme renvoie la moyenne des valeurs absolues. */
. capture program drop _biaismoyen

. program define _biaismoyen, rclass
  1.     syntax varlist(numeric), treat(varname) [pond(varname)]
  2.     local somme = 0
  3.     local k     = 0
  4.     foreach v of local varlist {
  5.         quietly summarize `v' if `treat' == 1
  6.         local vT = r(Var)
  7.         quietly summarize `v' if `treat' == 0
  8.         local vC = r(Var)
  9.         local den = sqrt((`vT' + `vC')/2)
 10.         if `den' > 0 & !missing(`den') {
 11.             if "`pond'" != "" {
 12.                 quietly summarize `v' if `treat' == 1 [aw=`pond']
 13.                 local mT = r(mean)
 14.                 quietly summarize `v' if `treat' == 0 [aw=`pond']
 15.                 local mC = r(mean)
 16.             }
 17.             else {
 18.                 quietly summarize `v' if `treat' == 1
 19.                 local mT = r(mean)
 20.                 quietly summarize `v' if `treat' == 0
 21.                 local mC = r(mean)
 22.             }
 23.             if !missing(`mT') & !missing(`mC') {
 24.                 local somme = `somme' + abs(100*(`mT' - `mC')/`den')
 25.                 local k     = `k' + 1
 26.             }
 27.         }
 28.     }
 29.     if `k' > 0   return scalar meanbias = `somme'/`k'
 30.     else         return scalar meanbias = .
 31.     return scalar nvar = `k'
 32. end

. 
. /* Accumulateurs du desequilibre residuel, alimentes methode par methode
>    et groupe par groupe, puis moyennes pour departager les trois
>    algorithmes (section 2e). */
. foreach m in knn kernel caliper {
  2.     global BIAIS_`m' = 0
  3.     global NOBS_`m'  = 0
  4. }

. 
. /* Valeurs par defaut de la methode retenue. Elles sont ecrasees en
>    section 2e par le resultat du critere d'equilibre. Les poser ici
>    garantit qu'aucune section ulterieure ne s'interrompra sur un nom de
>    variable vide, meme si le calcul du biais echoue. */
. global METHODE         "knn"

. global POIDS_PRINCIPAL "weight_knn"

. 
. /* L'appariement est effectue A L'INTERIEUR de chaque groupe d'age, avec
>    le score estime sur ce meme groupe et un support commun propre au
>    groupe. Les poids des trois groupes sont ensuite empiles : la double
>    difference qui suit est inchangee, mais aucun appariement ne franchit
>    plus une frontiere d'age. */
. 
. /* -- 2a. k-NN ------------------------------------------------ */
. di _newline "=== Appariement k-NN (k=$K_VOISINS, avec remise), par groupe d'age ==="

=== Appariement k-NN (k=4, avec remise), par groupe d'age ===

. tempfile knn_all

. local premier = 1

. forvalues g = 1/3 {
  2.     use "$TEMP/pscore_t0.dta", clear
  3.     keep if grp_psm == `g'
  4.     di _newline "-- Groupe d'age `g' : " _N " enfants --"
  5.     psmatch2 D, pscore(pscore) neighbor($K_VOISINS) common
  6. 
.     di _newline "Balance avant/apres (SMD), groupe `g' :"
  7.     /* pstest estime un probit interne qui peut ne pas converger sur un
>        groupe a tres faible effectif (r(430)) : son tableau est purement
>        descriptif, l'echec ne doit pas interrompre le pipeline. Le biais
>        retenu pour departager les methodes est calcule par _biaismoyen,
>        independant de pstest. */
.     capture noisily pstest `covbal', both
  8.     if _rc di "  !! pstest non convergent sur ce groupe (r(" _rc ")) — ignore."
  9.     quietly _biaismoyen $BALVARS, treat(D) pond(_weight)
 10.     global BIAIS_knn = ${BIAIS_knn} + r(meanbias)*_N
 11.     global NOBS_knn  = ${NOBS_knn}  + _N
 12.     di "  Biais standardise moyen residuel, groupe `g' : " %5.2f r(meanbias) " %"
 13. 
.     rename _weight weight_knn
 14.     keep enfid grappe menage numind_2018 D pscore weight_knn _support grp_psm
 15.     if `premier' == 1 {
 16.         save `knn_all', replace
 17.         local premier = 0
 18.     }
 19.     else {
 20.         append using `knn_all'
 21.         save `knn_all', replace
 22.     }
 23. }
(8,749 observations deleted)

-- Groupe d'age 1 : 4762 enfants --

Balance avant/apres (SMD), groupe 1 :

----------------------------------------------------------------------------------------
                Unmatched |       Mean               %reduct |     t-test    |  V(T)/
Variable          Matched | Treated Control    %bias  |bias| |    t    p>|t| |  V(C)
--------------------------+----------------------------------+---------------+----------
2.milieu               U  | .45406     .638    -37.6         |  -9.57  0.000 |     .
                       M  | .45652   .45958     -0.6    98.3 |  -0.12  0.906 |     .
                          |                                  |               |
2.region               U  | .00799   .03939    -20.8         |  -4.34  0.000 |     .
                       M  | .00815   .00645      1.1    94.6 |   0.38  0.702 |     .
                          |                                  |               |
3.region               U  | .06525   .06731     -0.8         |  -0.21  0.835 |     .
                       M  | .06658   .07099     -1.8  -113.5 |  -0.33  0.738 |     .
                          |                                  |               |
4.region               U  | .07989   .07779      0.8         |   0.20  0.843 |     .
                       M  | .08152   .07269      3.3  -319.1 |   0.63  0.526 |     .
                          |                                  |               |
5.region               U  | .09321   .09075      0.9         |   0.21  0.830 |     .
                       M  | .08696   .10598     -6.6  -673.7 |  -1.24  0.217 |     .
                          |                                  |               |
6.region               U  | .10652   .09474      3.9         |   1.00  0.316 |     .
                       M  | .10462   .11923     -4.9   -23.9 |  -0.89  0.374 |     .
                          |                                  |               |
7.region               U  | .09055   .08402      2.3         |   0.59  0.556 |     .
                       M  | .09239   .08186      3.7   -61.3 |   0.72  0.474 |     .
                          |                                  |               |
8.region               U  | .06791   .08576     -6.7         |  -1.63  0.104 |     .
                       M  | .06929   .05605      5.0    25.8 |   1.05  0.295 |     .
                          |                                  |               |
9.region               U  | .03595    .0733    -16.5         |  -3.75  0.000 |     .
                       M  | .03668   .03431      1.0    93.6 |   0.25  0.805 |     .
                          |                                  |               |
10.region              U  | .04794   .04064      3.5         |   0.92  0.359 |     .
                       M  | .04891   .05333     -2.1    39.5 |  -0.38  0.701 |     .
                          |                                  |               |
11.region              U  |  .1731   .05659     37.1         |  11.27  0.000 |     .
                       M  | .16848   .17731     -2.8    92.4 |  -0.45  0.654 |     .
                          |                                  |               |
12.region              U  |  .0213   .10322    -34.4         |  -7.23  0.000 |     .
                       M  | .02174   .02378     -0.9    97.5 |  -0.26  0.793 |     .
                          |                                  |               |
13.region              U  | .01332   .06831    -28.1         |  -5.86  0.000 |     .
                       M  | .01359   .01053      1.6    94.4 |   0.54  0.591 |     .
                          |                                  |               |
14.region              U  | .07457    .0561      7.5         |   1.97  0.049 |     .
                       M  | .07609   .07745     -0.5    92.6 |  -0.10  0.922 |     .
                          |                                  |               |
hgender                U  | 1.2929   1.1633     31.3         |   8.48  0.000 |  1.52*
                       M  | 1.2948   1.2629      7.7    75.4 |   1.37  0.172 |  1.07
                          |                                  |               |
2.hage_cl              U  | .29561   .41785    -25.7         |  -6.30  0.000 |     .
                       M  | .30163   .24932     11.0    57.2 |   2.25  0.025 |     .
                          |                                  |               |
3.hage_cl              U  | .31957   .30117      4.0         |   1.01  0.314 |     .
                       M  | .31386   .35938     -9.8  -147.3 |  -1.85  0.065 |     .
                          |                                  |               |
4.hage_cl              U  | .26764   .17627     22.1         |   5.87  0.000 |     .
                       M  | .26902   .30027     -7.6    65.8 |  -1.33  0.184 |     .
                          |                                  |               |
3.heduc                U  | .13449   .12092      4.1         |   1.04  0.299 |     .
                       M  | .13723   .12024      5.1   -25.2 |   0.97  0.331 |     .
                          |                                  |               |
4.heduc                U  | .06525   .03839     12.1         |   3.35  0.001 |     .
                       M  | .06658   .03091     16.1   -32.8 |   3.19  0.001 |     .
                          |                                  |               |
5.heduc                U  | .00399   .00524     -1.8         |  -0.44  0.659 |     .
                       M  | .00408    .0034      1.0    45.3 |   0.21  0.831 |     .
                          |                                  |               |
6.heduc                U  | .01997   .02319     -2.2         |  -0.54  0.587 |     .
                       M  | .02038    .0163      2.8   -26.9 |   0.58  0.560 |     .
                          |                                  |               |
7.heduc                U  | .00399   .00025      8.1         |   3.25  0.001 |     .
                       M  |      0        0      0.0   100.0 |      .      . |     .
                          |                                  |               |
8.heduc                U  | .01731   .00374     13.3         |   4.47  0.000 |     .
                       M  | .00543   .00713     -1.7    87.5 |  -0.41  0.680 |     .
                          |                                  |               |
9.heduc                U  | .01864    .0167      1.5         |   0.38  0.706 |     .
                       M  | .01902   .00781      8.5  -478.5 |   1.87  0.062 |     .
                          |                                  |               |
2.hmstat               U  | .40879   .52979    -24.4         |  -6.11  0.000 |     .
                       M  | .40761   .37568      6.4    73.6 |   1.25  0.210 |     .
                          |                                  |               |
3.hmstat               U  | .46338   .38469     16.0         |   4.05  0.000 |     .
                       M  | .46196   .47317     -2.3    85.8 |  -0.43  0.667 |     .
                          |                                  |               |
5.hmstat               U  | .11185    .0743     12.9         |   3.48  0.001 |     .
                       M  | .11413   .13213     -6.2    52.1 |  -1.05  0.294 |     .
                          |                                  |               |
6.hmstat               U  | .00799   .00723      0.9         |   0.22  0.823 |     .
                       M  | .00815   .01121     -3.5  -302.7 |  -0.60  0.550 |     .
                          |                                  |               |
2.sexe18               U  | .46205    .4904     -5.7         |  -1.43  0.154 |     .
                       M  | .46467   .48641     -4.4    23.3 |  -0.83  0.404 |     .
                          |                                  |               |
hhsize                 U  | 17.276   12.981     50.0         |  14.41  0.000 |  2.07*
                       M  | 17.058   13.109     46.0     8.0 |   8.99  0.000 |  2.21*
                          |                                  |               |
log_pcexp              U  | 12.962   12.671     57.9         |  14.68  0.000 |  1.04
                       M  | 12.963    12.69     54.4     6.1 |  10.32  0.000 |  1.03
                          |                                  |               |
1.hcsp                 U  | .00399   .00623     -3.1         |  -0.74  0.462 |     .
                       M  | .00408   .00408      0.0   100.0 |   0.00  1.000 |     .
                          |                                  |               |
2.hcsp                 U  | .02397   .02144      1.7         |   0.43  0.664 |     .
                       M  |  .0163   .01766     -0.9    46.2 |  -0.20  0.840 |     .
                          |                                  |               |
3.hcsp                 U  | .01465   .04687    -18.7         |  -4.06  0.000 |     .
                       M  | .01495   .04348    -16.6    11.5 |  -3.26  0.001 |     .
                          |                                  |               |
4.hcsp                 U  | .06525   .06407      0.5         |   0.12  0.904 |     .
                       M  | .06658   .04959      6.9 -1348.5 |   1.39  0.164 |     .
                          |                                  |               |
5.hcsp                 U  | .00666   .02219    -13.1         |  -2.81  0.005 |     .
                       M  | .00679   .04246    -30.0  -129.6 |  -4.44  0.000 |     .
                          |                                  |               |
6.hcsp                 U  | .00266   .00324     -1.1         |  -0.26  0.795 |     .
                       M  | .00272   .00374     -1.9   -76.3 |  -0.34  0.731 |     .
                          |                                  |               |
7.hcsp                 U  | .00399   .00199      3.7         |   1.05  0.295 |     .
                       M  | .00408   .00068      6.2   -69.8 |   1.34  0.181 |     .
                          |                                  |               |
8.hcsp                 U  |  .0213   .02468     -2.3         |  -0.55  0.580 |     .
                       M  | .02174   .02072      0.7    69.8 |   0.14  0.892 |     .
                          |                                  |               |
9.hcsp                 U  | .48602   .61331    -25.8         |  -6.55  0.000 |     .
                       M  | .49185    .5462    -11.0    57.3 |  -2.09  0.037 |     .
                          |                                  |               |
10.hcsp                U  | .01864   .02069     -1.5         |  -0.37  0.715 |     .
                       M  | .01902   .01698      1.5     0.6 |   0.29  0.769 |     .
                          |                                  |               |
----------------------------------------------------------------------------------------
* if variance ratio outside [0.87; 1.15] for U and [0.87; 1.16] for M

-----------------------------------------------------------------------------------
 Sample    | Ps R2   LR chi2   p>chi2   MeanBias   MedBias      B      R     %Var
-----------+-----------------------------------------------------------------------
 Unmatched | 0.252   1045.40    0.000     13.5       7.1     138.7*   0.91     67
 Matched   | 0.227    463.39    0.000      7.3       3.6     120.0*   0.97     33
-----------------------------------------------------------------------------------
* if B>25%, R outside [0.5; 2]
  Biais standardise moyen residuel, groupe 1 :  7.61 %
(file C:\Users\Bmd\AppData\Local\Temp\ST_4dd8_000010.tmp not found)
file C:\Users\Bmd\AppData\Local\Temp\ST_4dd8_000010.tmp saved as .dta format
(5,027 observations deleted)

-- Groupe d'age 2 : 8484 enfants --

Balance avant/apres (SMD), groupe 2 :

----------------------------------------------------------------------------------------
                Unmatched |       Mean               %reduct |     t-test    |  V(T)/
Variable          Matched | Treated Control    %bias  |bias| |    t    p>|t| |  V(C)
--------------------------+----------------------------------+---------------+----------
2.milieu               U  | .41886   .61091    -39.1         | -13.60  0.000 |     .
                       M  |  .4152   .39989      3.1    92.0 |   0.83  0.407 |     .
                          |                                  |               |
2.region               U  | .00763   .04644    -24.1         |  -6.88  0.000 |     .
                       M  | .00774   .00528      1.5    93.7 |   0.82  0.414 |     .
                          |                                  |               |
3.region               U  | .04993   .05879     -3.9         |  -1.32  0.187 |     .
                       M  | .05067   .04046      4.5   -15.2 |   1.30  0.192 |     .
                          |                                  |               |
4.region               U  | .07628   .08875     -4.5         |  -1.53  0.125 |     .
                       M  | .07741   .07442      1.1    76.0 |   0.30  0.764 |     .
                          |                                  |               |
5.region               U  | .08807   .07995      2.9         |   1.03  0.304 |     .
                       M  | .08937    .0899     -0.2    93.5 |  -0.05  0.961 |     .
                          |                                  |               |
6.region               U  | .08114   .08279     -0.6         |  -0.21  0.835 |     .
                       M  | .08234   .08885     -2.4  -294.1 |  -0.62  0.535 |     .
                          |                                  |               |
7.region               U  | .08114   .08861     -2.7         |  -0.92  0.360 |     .
                       M  | .08234   .06809      5.1   -90.7 |   1.44  0.150 |     .
                          |                                  |               |
8.region               U  | .08669   .08961     -1.0         |  -0.35  0.723 |     .
                       M  | .08797   .06492      8.1  -689.3 |   2.31  0.021 |     .
                          |                                  |               |
9.region               U  | .04022   .08293    -17.8         |  -5.60  0.000 |     .
                       M  | .04082    .0417     -0.4    97.9 |  -0.12  0.906 |     .
                          |                                  |               |
10.region              U  | .03467   .03962     -2.6         |  -0.89  0.376 |     .
                       M  | .03519     .038     -1.5    43.1 |  -0.40  0.690 |     .
                          |                                  |               |
11.region              U  | .19556   .05922     41.8         |  17.46  0.000 |     .
                       M  | .18578   .19669     -3.3    92.0 |  -0.74  0.460 |     .
                          |                                  |               |
12.region              U  | .03329   .09912    -26.7         |  -8.07  0.000 |     .
                       M  | .03378   .04029     -2.6    90.1 |  -0.92  0.358 |     .
                          |                                  |               |
13.region              U  | .01526   .06234    -24.6         |  -7.21  0.000 |     .
                       M  | .01548   .01548      0.0   100.0 |  -0.00  1.000 |     .
                          |                                  |               |
14.region              U  | .06103   .05382      3.1         |   1.09  0.274 |     .
                       M  | .06193   .05982      0.9    70.7 |   0.24  0.814 |     .
                          |                                  |               |
hgender                U  |  1.301   1.1755     29.8         |  10.99  0.000 |  1.45*
                       M  | 1.2906   1.2421     11.5    61.3 |   2.93  0.003 |  1.12*
                          |                                  |               |
2.hage_cl              U  | .29334   .41224    -25.1         |  -8.46  0.000 |     .
                       M  | .29627   .28272      2.9    88.6 |   0.80  0.426 |     .
                          |                                  |               |
3.hage_cl              U  | .34813   .35175     -0.8         |  -0.26  0.793 |     .
                       M  | .35327   .34729      1.3   -65.3 |   0.33  0.738 |     .
                          |                                  |               |
4.hage_cl              U  | .27947   .16728     27.2         |  10.03  0.000 |     .
                       M  | .27023   .31492    -10.8    60.2 |  -2.62  0.009 |     .
                          |                                  |               |
3.heduc                U  | .13245   .12965      0.8         |   0.29  0.773 |     .
                       M  |   .133   .12843      1.4   -63.1 |   0.36  0.718 |     .
                          |                                  |               |
4.heduc                U  | .07351   .04658     11.4         |   4.23  0.000 |     .
                       M  | .07248   .04891      9.9    12.5 |   2.63  0.008 |     .
                          |                                  |               |
5.heduc                U  | .00069   .00582     -9.0         |  -2.53  0.011 |     .
                       M  |  .0007   .00018      0.9    89.7 |   0.67  0.502 |     .
                          |                                  |               |
6.heduc                U  | .02497   .02414      0.5         |   0.19  0.853 |     .
                       M  | .02533   .01988      3.5  -561.5 |   0.98  0.328 |     .
                          |                                  |               |
7.heduc                U  | .00277   .00057      5.4         |   2.49  0.013 |     .
                       M  | .00281    .0007      5.2     4.3 |   1.34  0.179 |     .
                          |                                  |               |
8.heduc                U  | .01456   .00724      7.1         |   2.76  0.006 |     .
                       M  | .01478   .00915      5.4    23.1 |   1.38  0.168 |     .
                          |                                  |               |
9.heduc                U  | .02219    .0186      2.5         |   0.90  0.366 |     .
                       M  | .02252   .01038      8.6  -238.3 |   2.55  0.011 |     .
                          |                                  |               |
2.hmstat               U  | .40707   .54076    -27.0         |  -9.30  0.000 |     .
                       M  | .41168    .4101      0.3    98.8 |   0.09  0.932 |     .
                          |                                  |               |
3.hmstat               U  | .46602   .36226     21.2         |   7.42  0.000 |     .
                       M  | .45954   .47678     -3.5    83.4 |  -0.92  0.357 |     .
                          |                                  |               |
5.hmstat               U  | .09986   .07725      8.0         |   2.87  0.004 |     .
                       M  | .10134   .10239     -0.4    95.3 |  -0.09  0.926 |     .
                          |                                  |               |
6.hmstat               U  | .00485   .01179     -7.6         |  -2.34  0.019 |     .
                       M  | .00493   .00281      2.3    69.5 |   0.91  0.365 |     .
                          |                                  |               |
7.hmstat               U  | .00069   .00028      1.9         |   0.75  0.451 |     .
                       M  |  .0007   .00018      2.4   -28.9 |   0.67  0.502 |     .
                          |                                  |               |
2.sexe18               U  | .53537   .49787      7.5         |   2.60  0.009 |     .
                       M  | .53624    .5468     -2.1    71.8 |  -0.56  0.572 |     .
                          |                                  |               |
hhsize                 U  |   17.2   12.674     51.9         |  20.70  0.000 |  2.21*
                       M  | 17.088   12.205     55.9    -7.9 |  15.22  0.000 |  2.43*
                          |                                  |               |
log_pcexp              U  | 12.971   12.695     53.9         |  18.84  0.000 |  1.06
                       M  | 12.971   12.801     33.1    38.6 |   8.69  0.000 |  1.01
                          |                                  |               |
1.hcsp                 U  | .00763   .00809     -0.5         |  -0.18  0.857 |     .
                       M  | .00774   .00317      5.2  -881.6 |   1.66  0.098 |     .
                          |                                  |               |
2.hcsp                 U  | .02705   .02854     -0.9         |  -0.31  0.755 |     .
                       M  | .02745   .02938     -1.2   -29.3 |  -0.31  0.756 |     .
                          |                                  |               |
3.hcsp                 U  | .02566   .04601    -11.0         |  -3.49  0.000 |     .
                       M  | .02604   .03695     -5.9    46.4 |  -1.67  0.096 |     .
                          |                                  |               |
4.hcsp                 U  | .04924     .071     -9.2         |  -3.01  0.003 |     .
                       M  | .04996   .06034     -4.4    52.3 |  -1.21  0.226 |     .
                          |                                  |               |
5.hcsp                 U  | .00971   .02102     -9.2         |  -2.86  0.004 |     .
                       M  | .00985   .02604    -13.2   -43.1 |  -3.25  0.001 |     .
                          |                                  |               |
6.hcsp                 U  | .00208   .00298     -1.8         |  -0.59  0.557 |     .
                       M  | .00211   .00053      3.2   -75.6 |   1.16  0.245 |     .
                          |                                  |               |
7.hcsp                 U  | .00277   .00156      2.6         |   1.00  0.318 |     .
                       M  | .00281   .00018      5.7  -117.8 |   1.82  0.069 |     .
                          |                                  |               |
8.hcsp                 U  | .01942   .01903      0.3         |   0.10  0.922 |     .
                       M  |  .0197   .02956     -7.2 -2434.1 |  -1.69  0.090 |     .
                          |                                  |               |
9.hcsp                 U  | .43551   .60679    -34.8         | -12.10  0.000 |     .
                       M  | .44194   .57301    -26.6    23.5 |  -7.05  0.000 |     .
                          |                                  |               |
10.hcsp                U  | .02566   .01846      4.9         |   1.79  0.073 |     .
                       M  | .02604   .01513      7.4   -51.5 |   2.05  0.041 |     .
                          |                                  |               |
----------------------------------------------------------------------------------------
* if variance ratio outside [0.90; 1.11] for U and [0.90; 1.11] for M

-----------------------------------------------------------------------------------
 Sample    | Ps R2   LR chi2   p>chi2   MeanBias   MedBias      B      R     %Var
-----------+-----------------------------------------------------------------------
 Unmatched | 0.238   1843.87    0.000     13.2       7.5     132.3*   1.19     67
 Matched   | 0.212    834.57    0.000      6.4       3.3     116.7*   1.33     67
-----------------------------------------------------------------------------------
* if B>25%, R outside [0.5; 2]
  Biais standardise moyen residuel, groupe 2 :  7.40 %
(label _support already defined)
(label grp already defined)
file C:\Users\Bmd\AppData\Local\Temp\ST_4dd8_000010.tmp saved as .dta format
(13,246 observations deleted)

-- Groupe d'age 3 : 265 enfants --

Balance avant/apres (SMD), groupe 3 :

----------------------------------------------------------------------------------------
                Unmatched |       Mean               %reduct |     t-test    |  V(T)/
Variable          Matched | Treated Control    %bias  |bias| |    t    p>|t| |  V(C)
--------------------------+----------------------------------+---------------+----------
2.milieu               U  | .44186   .55856    -23.3         |  -1.41  0.161 |     .
                       M  | .47222   .53472    -12.5    46.4 |  -0.52  0.602 |     .
                          |                                  |               |
3.region               U  | .06977   .08108     -4.3         |  -0.25  0.802 |     .
                       M  | .08333   .09028     -2.6    38.6 |  -0.10  0.918 |     .
                          |                                  |               |
4.region               U  | .09302   .09009      1.0         |   0.06  0.951 |     .
                       M  | .11111   .08333      9.6  -847.0 |   0.39  0.696 |     .
                          |                                  |               |
5.region               U  | .13953   .09459     13.9         |   0.89  0.374 |     .
                       M  | .16667   .17361     -2.1    84.5 |  -0.08  0.939 |     .
                          |                                  |               |
6.region               U  | .02326   .11712    -37.2         |  -1.87  0.063 |     .
                       M  | .02778   .03472     -2.8    92.6 |  -0.17  0.868 |     .
                          |                                  |               |
7.region               U  | .09302    .1036     -3.5         |  -0.21  0.834 |     .
                       M  | .08333   .09722     -4.6   -31.3 |  -0.20  0.840 |     .
                          |                                  |               |
8.region               U  | .11628   .12613     -3.0         |  -0.18  0.859 |     .
                       M  | .11111   .11111      0.0   100.0 |   0.00  1.000 |     .
                          |                                  |               |
10.region              U  | .04651   .04054      2.9         |   0.18  0.858 |     .
                       M  | .05556   .01389     20.3  -597.8 |   0.96  0.341 |     .
                          |                                  |               |
11.region              U  |  .2093   .09009     33.6         |   2.31  0.022 |     .
                       M  | .19444   .16667      7.8    76.7 |   0.30  0.763 |     .
                          |                                  |               |
12.region              U  | .06977   .09009     -7.5         |  -0.43  0.666 |     .
                       M  | .08333   .09722     -5.1    31.7 |  -0.20  0.840 |     .
                          |                                  |               |
14.region              U  | .11628   .09009      8.6         |   0.54  0.592 |     .
                       M  | .05556   .10417    -15.9   -85.6 |  -0.75  0.454 |     .
                          |                                  |               |
hgender                U  | 1.3721   1.1441     53.5         |   3.63  0.000 |  1.93*
                       M  |   1.25   1.2778     -6.5    87.8 |  -0.26  0.793 |  0.93
                          |                                  |               |
2.hage_cl              U  | .23256   .33784    -23.3         |  -1.35  0.177 |     .
                       M  | .19444   .19444      0.0   100.0 |   0.00  1.000 |     .
                          |                                  |               |
3.hage_cl              U  | .34884    .4009    -10.7         |  -0.64  0.524 |     .
                       M  | .38889   .39583     -1.4    86.7 |  -0.06  0.953 |     .
                          |                                  |               |
4.hage_cl              U  | .37209   .22523     32.3         |   2.05  0.042 |     .
                       M  | .38889   .36111      6.1    81.1 |   0.24  0.811 |     .
                          |                                  |               |
3.heduc                U  | .04651   .08559    -15.7         |  -0.87  0.387 |     .
                       M  | .05556   .01389     16.7    -6.6 |   0.96  0.341 |     .
                          |                                  |               |
4.heduc                U  | .06977   .04054     12.7         |   0.84  0.401 |     .
                       M  | .05556   .05556      0.0   100.0 |  -0.00  1.000 |     .
                          |                                  |               |
5.heduc                U  | .02326   .00901     11.2         |   0.81  0.421 |     .
                       M  | .02778   .04861    -16.4   -46.2 |  -0.46  0.650 |     .
                          |                                  |               |
3.hmstat               U  | .72093   .41892     63.6         |   3.71  0.000 |     .
                       M  | .69444   .70139     -1.5    97.7 |  -0.06  0.950 |     .
                          |                                  |               |
5.hmstat               U  | .06977   .09009     -7.5         |  -0.43  0.666 |     .
                       M  | .08333   .08333      0.0   100.0 |   0.00  1.000 |     .
                          |                                  |               |
2.sexe18               U  | .46512   .52703    -12.3         |  -0.74  0.459 |     .
                       M  | .47222   .47222      0.0   100.0 |   0.00  1.000 |     .
                          |                                  |               |
hhsize                 U  |  19.07   13.068     62.3         |   4.57  0.000 |  2.89*
                       M  |   19.5    13.84     58.7     5.7 |   2.46  0.016 |  2.93*
                          |                                  |               |
log_pcexp              U  | 12.888   12.717     36.0         |   2.09  0.038 |  0.81
                       M  | 12.839   12.665     36.5    -1.3 |   1.68  0.098 |  0.79
                          |                                  |               |
2.hcsp                 U  |      0   .01351    -16.5         |  -0.76  0.445 |     .
                       M  |      0   .02083    -25.5   -54.2 |  -0.86  0.391 |     .
                          |                                  |               |
3.hcsp                 U  |      0   .02703    -23.5         |  -1.09  0.277 |     .
                       M  |      0        0      0.0   100.0 |      .      . |     .
                          |                                  |               |
4.hcsp                 U  |      0   .04955    -32.2         |  -1.49  0.137 |     .
                       M  |      0   .01389     -9.0    72.0 |  -0.70  0.485 |     .
                          |                                  |               |
5.hcsp                 U  | .02326   .02703     -2.4         |  -0.14  0.888 |     .
                       M  | .02778   .02083      4.4   -84.1 |   0.19  0.851 |     .
                          |                                  |               |
7.hcsp                 U  | .02326    .0045     15.9         |   1.30  0.195 |     .
                       M  | .02778        0     23.6   -48.1 |   1.00  0.321 |     .
                          |                                  |               |
8.hcsp                 U  | .02326   .01802      3.7         |   0.23  0.818 |     .
                       M  | .02778   .00694     14.5  -297.8 |   0.67  0.505 |     .
                          |                                  |               |
9.hcsp                 U  | .51163   .62162    -22.2         |  -1.35  0.178 |     .
                       M  |     .5   .70833    -42.0   -89.4 |  -1.82  0.072 |     .
                          |                                  |               |
10.hcsp                U  |      0   .01802    -19.1         |  -0.88  0.377 |     .
                       M  |      0   .00694     -7.4    61.5 |  -0.49  0.622 |     .
                          |                                  |               |
----------------------------------------------------------------------------------------
* if variance ratio outside [0.54; 1.85] for U and [0.51; 1.96] for M

-----------------------------------------------------------------------------------
 Sample    | Ps R2   LR chi2   p>chi2   MeanBias   MedBias      B      R     %Var
-----------+-----------------------------------------------------------------------
 Unmatched | 0.374     84.61    0.000     19.9      15.7     164.4*   1.27     67
 Matched   | 0.341     32.84    0.167     11.4       6.5     151.2*   1.04     33
-----------------------------------------------------------------------------------
* if B>25%, R outside [0.5; 2]
  Biais standardise moyen residuel, groupe 3 : 11.49 %
(label _support already defined)
(label grp already defined)
file C:\Users\Bmd\AppData\Local\Temp\ST_4dd8_000010.tmp saved as .dta format

. use `knn_all', clear

. save "$TEMP/pscore_knn.dta", replace
file code/stata/temp/pscore_knn.dta saved

. di _newline ">>> k-NN : " _N " enfants apparies (trois groupes empiles)"

>>> k-NN : 13511 enfants apparies (trois groupes empiles)

. 
. /* -- 2b. Kernel ---------------------------------------------- */
. di _newline "=== Appariement Kernel (Epanechnikov, h=0.06), par groupe d'age ==="

=== Appariement Kernel (Epanechnikov, h=0.06), par groupe d'age ===

. tempfile ker_all

. local premier = 1

. forvalues g = 1/3 {
  2.     use "$TEMP/pscore_t0.dta", clear
  3.     keep if grp_psm == `g'
  4.     di _newline "-- Groupe d'age `g' --"
  5.     psmatch2 D, pscore(pscore) kernel kerneltype(epan) bwidth(0.06) common
  6. 
.     di _newline "Balance avant/apres (SMD), kernel, groupe `g' :"
  7.     /* pstest estime un probit interne qui peut ne pas converger sur un
>        groupe a tres faible effectif (r(430)) : son tableau est purement
>        descriptif, l'echec ne doit pas interrompre le pipeline. Le biais
>        retenu pour departager les methodes est calcule par _biaismoyen,
>        independant de pstest. */
.     capture noisily pstest `covbal', both
  8.     if _rc di "  !! pstest non convergent sur ce groupe (r(" _rc ")) — ignore."
  9.     quietly _biaismoyen $BALVARS, treat(D) pond(_weight)
 10.     global BIAIS_kernel = ${BIAIS_kernel} + r(meanbias)*_N
 11.     global NOBS_kernel  = ${NOBS_kernel}  + _N
 12.     di "  Biais standardise moyen residuel, groupe `g' : " %5.2f r(meanbias) " %"
 13. 
.     rename _weight weight_kernel
 14.     keep enfid weight_kernel
 15.     if `premier' == 1 {
 16.         save `ker_all', replace
 17.         local premier = 0
 18.     }
 19.     else {
 20.         append using `ker_all'
 21.         save `ker_all', replace
 22.     }
 23. }
(8,749 observations deleted)

-- Groupe d'age 1 --

Balance avant/apres (SMD), kernel, groupe 1 :

----------------------------------------------------------------------------------------
                Unmatched |       Mean               %reduct |     t-test    |  V(T)/
Variable          Matched | Treated Control    %bias  |bias| |    t    p>|t| |  V(C)
--------------------------+----------------------------------+---------------+----------
2.milieu               U  | .45406     .638    -37.6         |  -9.57  0.000 |     .
                       M  | .45652   .46547     -1.8    95.1 |  -0.34  0.731 |     .
                          |                                  |               |
2.region               U  | .00799   .03939    -20.8         |  -4.34  0.000 |     .
                       M  | .00815   .00825     -0.1    99.7 |  -0.02  0.984 |     .
                          |                                  |               |
3.region               U  | .06525   .06731     -0.8         |  -0.21  0.835 |     .
                       M  | .06658   .06939     -1.1   -35.9 |  -0.21  0.831 |     .
                          |                                  |               |
4.region               U  | .07989   .07779      0.8         |   0.20  0.843 |     .
                       M  | .08152   .08418     -1.0   -26.2 |  -0.18  0.853 |     .
                          |                                  |               |
5.region               U  | .09321   .09075      0.9         |   0.21  0.830 |     .
                       M  | .08696   .09614     -3.2  -273.4 |  -0.61  0.542 |     .
                          |                                  |               |
6.region               U  | .10652   .09474      3.9         |   1.00  0.316 |     .
                       M  | .10462   .11423     -3.2    18.4 |  -0.59  0.555 |     .
                          |                                  |               |
7.region               U  | .09055   .08402      2.3         |   0.59  0.556 |     .
                       M  | .09239    .0924     -0.0    99.8 |  -0.00  0.999 |     .
                          |                                  |               |
8.region               U  | .06791   .08576     -6.7         |  -1.63  0.104 |     .
                       M  | .06929    .0675      0.7    89.9 |   0.14  0.892 |     .
                          |                                  |               |
9.region               U  | .03595    .0733    -16.5         |  -3.75  0.000 |     .
                       M  | .03668   .03858     -0.8    94.9 |  -0.19  0.848 |     .
                          |                                  |               |
10.region              U  | .04794   .04064      3.5         |   0.92  0.359 |     .
                       M  | .04891   .05425     -2.6    26.9 |  -0.46  0.644 |     .
                          |                                  |               |
11.region              U  |  .1731   .05659     37.1         |  11.27  0.000 |     .
                       M  | .16848   .14399      7.8    79.0 |   1.29  0.196 |     .
                          |                                  |               |
12.region              U  |  .0213   .10322    -34.4         |  -7.23  0.000 |     .
                       M  | .02174     .021      0.3    99.1 |   0.10  0.921 |     .
                          |                                  |               |
13.region              U  | .01332   .06831    -28.1         |  -5.86  0.000 |     .
                       M  | .01359   .01324      0.2    99.4 |   0.06  0.954 |     .
                          |                                  |               |
14.region              U  | .07457    .0561      7.5         |   1.97  0.049 |     .
                       M  | .07609   .07668     -0.2    96.8 |  -0.04  0.966 |     .
                          |                                  |               |
hgender                U  | 1.2929   1.1633     31.3         |   8.48  0.000 |  1.52*
                       M  | 1.2948   1.2879      1.7    94.7 |   0.29  0.771 |  1.01
                          |                                  |               |
2.hage_cl              U  | .29561   .41785    -25.7         |  -6.30  0.000 |     .
                       M  | .30163    .3017     -0.0    99.9 |  -0.00  0.998 |     .
                          |                                  |               |
3.hage_cl              U  | .31957   .30117      4.0         |   1.01  0.314 |     .
                       M  | .31386   .32735     -2.9    26.7 |  -0.55  0.580 |     .
                          |                                  |               |
4.hage_cl              U  | .26764   .17627     22.1         |   5.87  0.000 |     .
                       M  | .26902   .26195      1.7    92.3 |   0.31  0.759 |     .
                          |                                  |               |
3.heduc                U  | .13449   .12092      4.1         |   1.04  0.299 |     .
                       M  | .13723    .1363      0.3    93.1 |   0.05  0.958 |     .
                          |                                  |               |
4.heduc                U  | .06525   .03839     12.1         |   3.35  0.001 |     .
                       M  | .06658   .06045      2.8    77.2 |   0.48  0.630 |     .
                          |                                  |               |
5.heduc                U  | .00399   .00524     -1.8         |  -0.44  0.659 |     .
                       M  | .00408   .00394      0.2    89.4 |   0.04  0.968 |     .
                          |                                  |               |
6.heduc                U  | .01997   .02319     -2.2         |  -0.54  0.587 |     .
                       M  | .02038   .02172     -0.9    58.2 |  -0.18  0.858 |     .
                          |                                  |               |
7.heduc                U  | .00399   .00025      8.1         |   3.25  0.001 |     .
                       M  |      0   .00029     -0.6    92.3 |  -0.46  0.646 |     .
                          |                                  |               |
8.heduc                U  | .01731   .00374     13.3         |   4.47  0.000 |     .
                       M  | .00543   .00957     -4.1    69.5 |  -0.92  0.358 |     .
                          |                                  |               |
9.heduc                U  | .01864    .0167      1.5         |   0.38  0.706 |     .
                       M  | .01902   .01882      0.2    89.8 |   0.03  0.978 |     .
                          |                                  |               |
2.hmstat               U  | .40879   .52979    -24.4         |  -6.11  0.000 |     .
                       M  | .40761   .41076     -0.6    97.4 |  -0.12  0.902 |     .
                          |                                  |               |
3.hmstat               U  | .46338   .38469     16.0         |   4.05  0.000 |     .
                       M  | .46196   .45524      1.4    91.5 |   0.26  0.796 |     .
                          |                                  |               |
5.hmstat               U  | .11185    .0743     12.9         |   3.48  0.001 |     .
                       M  | .11413   .11864     -1.6    88.0 |  -0.27  0.787 |     .
                          |                                  |               |
6.hmstat               U  | .00799   .00723      0.9         |   0.22  0.823 |     .
                       M  | .00815   .00778      0.4    50.4 |   0.08  0.935 |     .
                          |                                  |               |
2.sexe18               U  | .46205    .4904     -5.7         |  -1.43  0.154 |     .
                       M  | .46467   .46726     -0.5    90.9 |  -0.10  0.921 |     .
                          |                                  |               |
hhsize                 U  | 17.276   12.981     50.0         |  14.41  0.000 |  2.07*
                       M  | 17.058    12.96     47.7     4.6 |   9.24  0.000 |  2.09*
                          |                                  |               |
log_pcexp              U  | 12.962   12.671     57.9         |  14.68  0.000 |  1.04
                       M  | 12.963   12.736     45.2    22.0 |   8.49  0.000 |  0.99
                          |                                  |               |
1.hcsp                 U  | .00399   .00623     -3.1         |  -0.74  0.462 |     .
                       M  | .00408   .00692     -4.0   -27.2 |  -0.74  0.461 |     .
                          |                                  |               |
2.hcsp                 U  | .02397   .02144      1.7         |   0.43  0.664 |     .
                       M  |  .0163   .02981     -9.1  -434.3 |  -1.73  0.084 |     .
                          |                                  |               |
3.hcsp                 U  | .01465   .04687    -18.7         |  -4.06  0.000 |     .
                       M  | .01495   .04279    -16.2    13.6 |  -3.20  0.001 |     .
                          |                                  |               |
4.hcsp                 U  | .06525   .06407      0.5         |   0.12  0.904 |     .
                       M  | .06658   .05376      5.2  -993.4 |   1.03  0.301 |     .
                          |                                  |               |
5.hcsp                 U  | .00666   .02219    -13.1         |  -2.81  0.005 |     .
                       M  | .00679   .02786    -17.7   -35.6 |  -3.10  0.002 |     .
                          |                                  |               |
6.hcsp                 U  | .00266   .00324     -1.1         |  -0.26  0.795 |     .
                       M  | .00272   .00236      0.7    38.8 |   0.13  0.893 |     .
                          |                                  |               |
7.hcsp                 U  | .00399   .00199      3.7         |   1.05  0.295 |     .
                       M  | .00408    .0022      3.4     6.3 |   0.64  0.521 |     .
                          |                                  |               |
8.hcsp                 U  |  .0213   .02468     -2.3         |  -0.55  0.580 |     .
                       M  | .02174   .02132      0.3    87.4 |   0.06  0.955 |     .
                          |                                  |               |
9.hcsp                 U  | .48602   .61331    -25.8         |  -6.55  0.000 |     .
                       M  | .49185   .52967     -7.7    70.3 |  -1.45  0.147 |     .
                          |                                  |               |
10.hcsp                U  | .01864   .02069     -1.5         |  -0.37  0.715 |     .
                       M  | .01902   .01807      0.7    53.4 |   0.14  0.892 |     .
                          |                                  |               |
----------------------------------------------------------------------------------------
* if variance ratio outside [0.87; 1.15] for U and [0.87; 1.16] for M

-----------------------------------------------------------------------------------
 Sample    | Ps R2   LR chi2   p>chi2   MeanBias   MedBias      B      R     %Var
-----------+-----------------------------------------------------------------------
 Unmatched | 0.252   1045.40    0.000     13.5       7.1     138.7*   0.91     67
 Matched   | 0.176    359.61    0.000      4.8       1.2     104.3*   0.96     33
-----------------------------------------------------------------------------------
* if B>25%, R outside [0.5; 2]
  Biais standardise moyen residuel, groupe 1 :  4.80 %
(file C:\Users\Bmd\AppData\Local\Temp\ST_4dd8_000011.tmp not found)
file C:\Users\Bmd\AppData\Local\Temp\ST_4dd8_000011.tmp saved as .dta format
(5,027 observations deleted)

-- Groupe d'age 2 --

Balance avant/apres (SMD), kernel, groupe 2 :

----------------------------------------------------------------------------------------
                Unmatched |       Mean               %reduct |     t-test    |  V(T)/
Variable          Matched | Treated Control    %bias  |bias| |    t    p>|t| |  V(C)
--------------------------+----------------------------------+---------------+----------
2.milieu               U  | .41886   .61091    -39.1         | -13.60  0.000 |     .
                       M  |  .4152   .42796     -2.6    93.4 |  -0.69  0.491 |     .
                          |                                  |               |
2.region               U  | .00763   .04644    -24.1         |  -6.88  0.000 |     .
                       M  | .00774   .00849     -0.5    98.1 |  -0.22  0.824 |     .
                          |                                  |               |
3.region               U  | .04993   .05879     -3.9         |  -1.32  0.187 |     .
                       M  | .05067    .0516     -0.4    89.5 |  -0.11  0.910 |     .
                          |                                  |               |
4.region               U  | .07628   .08875     -4.5         |  -1.53  0.125 |     .
                       M  | .07741   .08196     -1.7    63.5 |  -0.45  0.655 |     .
                          |                                  |               |
5.region               U  | .08807   .07995      2.9         |   1.03  0.304 |     .
                       M  | .08937   .08793      0.5    82.3 |   0.13  0.893 |     .
                          |                                  |               |
6.region               U  | .08114   .08279     -0.6         |  -0.21  0.835 |     .
                       M  | .08234   .08637     -1.5  -144.5 |  -0.39  0.699 |     .
                          |                                  |               |
7.region               U  | .08114   .08861     -2.7         |  -0.92  0.360 |     .
                       M  | .08234   .08424     -0.7    74.5 |  -0.18  0.854 |     .
                          |                                  |               |
8.region               U  | .08669   .08961     -1.0         |  -0.35  0.723 |     .
                       M  | .08797    .0799      2.8  -176.3 |   0.78  0.438 |     .
                          |                                  |               |
9.region               U  | .04022   .08293    -17.8         |  -5.60  0.000 |     .
                       M  | .04082   .04265     -0.8    95.7 |  -0.24  0.807 |     .
                          |                                  |               |
10.region              U  | .03467   .03962     -2.6         |  -0.89  0.376 |     .
                       M  | .03519   .03747     -1.2    53.8 |  -0.33  0.745 |     .
                          |                                  |               |
11.region              U  | .19556   .05922     41.8         |  17.46  0.000 |     .
                       M  | .18578   .17993      1.8    95.7 |   0.40  0.686 |     .
                          |                                  |               |
12.region              U  | .03329   .09912    -26.7         |  -8.07  0.000 |     .
                       M  | .03378   .03408     -0.1    99.5 |  -0.04  0.964 |     .
                          |                                  |               |
13.region              U  | .01526   .06234    -24.6         |  -7.21  0.000 |     .
                       M  | .01548   .01617     -0.4    98.5 |  -0.15  0.884 |     .
                          |                                  |               |
14.region              U  | .06103   .05382      3.1         |   1.09  0.274 |     .
                       M  | .06193   .06369     -0.8    75.5 |  -0.19  0.847 |     .
                          |                                  |               |
hgender                U  |  1.301   1.1755     29.8         |  10.99  0.000 |  1.45*
                       M  | 1.2906   1.2914     -0.2    99.4 |  -0.05  0.963 |  1.00
                          |                                  |               |
2.hage_cl              U  | .29334   .41224    -25.1         |  -8.46  0.000 |     .
                       M  | .29627   .30185     -1.2    95.3 |  -0.32  0.745 |     .
                          |                                  |               |
3.hage_cl              U  | .34813   .35175     -0.8         |  -0.26  0.793 |     .
                       M  | .35327   .35966     -1.3   -76.4 |  -0.36  0.722 |     .
                          |                                  |               |
4.hage_cl              U  | .27947   .16728     27.2         |  10.03  0.000 |     .
                       M  | .27023   .26765      0.6    97.7 |   0.16  0.877 |     .
                          |                                  |               |
3.heduc                U  | .13245   .12965      0.8         |   0.29  0.773 |     .
                       M  |   .133   .13397     -0.3    65.5 |  -0.08  0.940 |     .
                          |                                  |               |
4.heduc                U  | .07351   .04658     11.4         |   4.23  0.000 |     .
                       M  | .07248   .07065      0.8    93.2 |   0.19  0.850 |     .
                          |                                  |               |
5.heduc                U  | .00069   .00582     -9.0         |  -2.53  0.011 |     .
                       M  |  .0007   .00081     -0.2    97.9 |  -0.11  0.916 |     .
                          |                                  |               |
6.heduc                U  | .02497   .02414      0.5         |   0.19  0.853 |     .
                       M  | .02533   .02711     -1.1  -115.5 |  -0.30  0.767 |     .
                          |                                  |               |
7.heduc                U  | .00277   .00057      5.4         |   2.49  0.013 |     .
                       M  | .00281   .00193      2.2    59.7 |   0.49  0.627 |     .
                          |                                  |               |
8.heduc                U  | .01456   .00724      7.1         |   2.76  0.006 |     .
                       M  | .01478   .00989      4.7    33.2 |   1.18  0.238 |     .
                          |                                  |               |
9.heduc                U  | .02219    .0186      2.5         |   0.90  0.366 |     .
                       M  | .02252   .02169      0.6    77.0 |   0.15  0.881 |     .
                          |                                  |               |
2.hmstat               U  | .40707   .54076    -27.0         |  -9.30  0.000 |     .
                       M  | .41168   .41107      0.1    99.5 |   0.03  0.974 |     .
                          |                                  |               |
3.hmstat               U  | .46602   .36226     21.2         |   7.42  0.000 |     .
                       M  | .45954   .46101     -0.3    98.6 |  -0.08  0.937 |     .
                          |                                  |               |
5.hmstat               U  | .09986   .07725      8.0         |   2.87  0.004 |     .
                       M  | .10134   .10455     -1.1    85.8 |  -0.28  0.778 |     .
                          |                                  |               |
6.hmstat               U  | .00485   .01179     -7.6         |  -2.34  0.019 |     .
                       M  | .00493   .00543     -0.6    92.7 |  -0.19  0.851 |     .
                          |                                  |               |
7.hmstat               U  | .00069   .00028      1.9         |   0.75  0.451 |     .
                       M  |  .0007   .00077     -0.3    83.2 |  -0.07  0.946 |     .
                          |                                  |               |
2.sexe18               U  | .53537   .49787      7.5         |   2.60  0.009 |     .
                       M  | .53624   .53375      0.5    93.4 |   0.13  0.894 |     .
                          |                                  |               |
hhsize                 U  |   17.2   12.674     51.9         |  20.70  0.000 |  2.21*
                       M  | 17.088   12.772     49.4     4.7 |  13.15  0.000 |  2.09*
                          |                                  |               |
log_pcexp              U  | 12.971   12.695     53.9         |  18.84  0.000 |  1.06
                       M  | 12.971    12.77     39.2    27.3 |  10.13  0.000 |  0.95
                          |                                  |               |
1.hcsp                 U  | .00763   .00809     -0.5         |  -0.18  0.857 |     .
                       M  | .00774   .00911     -1.6  -194.6 |  -0.40  0.689 |     .
                          |                                  |               |
2.hcsp                 U  | .02705   .02854     -0.9         |  -0.31  0.755 |     .
                       M  | .02745   .03436     -4.2  -361.8 |  -1.06  0.287 |     .
                          |                                  |               |
3.hcsp                 U  | .02566   .04601    -11.0         |  -3.49  0.000 |     .
                       M  | .02604   .03641     -5.6    49.0 |  -1.59  0.112 |     .
                          |                                  |               |
4.hcsp                 U  | .04924     .071     -9.2         |  -3.01  0.003 |     .
                       M  | .04996   .05878     -3.7    59.5 |  -1.04  0.300 |     .
                          |                                  |               |
5.hcsp                 U  | .00971   .02102     -9.2         |  -2.86  0.004 |     .
                       M  | .00985   .02279    -10.5   -14.4 |  -2.72  0.006 |     .
                          |                                  |               |
6.hcsp                 U  | .00208   .00298     -1.8         |  -0.59  0.557 |     .
                       M  | .00211   .00167      0.9    50.7 |   0.27  0.785 |     .
                          |                                  |               |
7.hcsp                 U  | .00277   .00156      2.6         |   1.00  0.318 |     .
                       M  | .00281   .00101      3.9   -49.2 |   1.10  0.270 |     .
                          |                                  |               |
8.hcsp                 U  | .01942   .01903      0.3         |   0.10  0.922 |     .
                       M  |  .0197   .01572      2.9  -925.8 |   0.81  0.420 |     .
                          |                                  |               |
9.hcsp                 U  | .43551   .60679    -34.8         | -12.10  0.000 |     .
                       M  | .44194   .54272    -20.5    41.2 |  -5.40  0.000 |     .
                          |                                  |               |
10.hcsp                U  | .02566   .01846      4.9         |   1.79  0.073 |     .
                       M  | .02604   .01626      6.7   -35.8 |   1.81  0.070 |     .
                          |                                  |               |
----------------------------------------------------------------------------------------
* if variance ratio outside [0.90; 1.11] for U and [0.90; 1.11] for M

-----------------------------------------------------------------------------------
 Sample    | Ps R2   LR chi2   p>chi2   MeanBias   MedBias      B      R     %Var
-----------+-----------------------------------------------------------------------
 Unmatched | 0.238   1843.87    0.000     13.2       7.5     132.3*   1.19     67
 Matched   | 0.162    636.60    0.000      4.2       1.1      99.9*   1.05     33
-----------------------------------------------------------------------------------
* if B>25%, R outside [0.5; 2]
  Biais standardise moyen residuel, groupe 2 :  4.57 %
file C:\Users\Bmd\AppData\Local\Temp\ST_4dd8_000011.tmp saved as .dta format
(13,246 observations deleted)

-- Groupe d'age 3 --

Balance avant/apres (SMD), kernel, groupe 3 :

----------------------------------------------------------------------------------------
                Unmatched |       Mean               %reduct |     t-test    |  V(T)/
Variable          Matched | Treated Control    %bias  |bias| |    t    p>|t| |  V(C)
--------------------------+----------------------------------+---------------+----------
2.milieu               U  | .44186   .55856    -23.3         |  -1.41  0.161 |     .
                       M  | .47222   .44412      5.6    75.9 |   0.24  0.814 |     .
                          |                                  |               |
3.region               U  | .06977   .08108     -4.3         |  -0.25  0.802 |     .
                       M  | .08333   .07838      1.9    56.2 |   0.08  0.940 |     .
                          |                                  |               |
4.region               U  | .09302   .09009      1.0         |   0.06  0.951 |     .
                       M  | .11111   .11081      0.1    89.8 |   0.00  0.997 |     .
                          |                                  |               |
5.region               U  | .13953   .09459     13.9         |   0.89  0.374 |     .
                       M  | .16667    .1601      2.0    85.4 |   0.07  0.941 |     .
                          |                                  |               |
6.region               U  | .02326   .11712    -37.2         |  -1.87  0.063 |     .
                       M  | .02778    .0323     -1.8    95.2 |  -0.11  0.912 |     .
                          |                                  |               |
7.region               U  | .09302    .1036     -3.5         |  -0.21  0.834 |     .
                       M  | .08333   .08476     -0.5    86.5 |  -0.02  0.983 |     .
                          |                                  |               |
8.region               U  | .11628   .12613     -3.0         |  -0.18  0.859 |     .
                       M  | .11111   .12415     -4.0   -32.5 |  -0.17  0.866 |     .
                          |                                  |               |
10.region              U  | .04651   .04054      2.9         |   0.18  0.858 |     .
                       M  | .05556   .02463     15.0  -417.9 |   0.66  0.510 |     .
                          |                                  |               |
11.region              U  |  .2093   .09009     33.6         |   2.31  0.022 |     .
                       M  | .19444   .20607     -3.3    90.2 |  -0.12  0.904 |     .
                          |                                  |               |
12.region              U  | .06977   .09009     -7.5         |  -0.43  0.666 |     .
                       M  | .08333   .06168      7.9    -6.5 |   0.35  0.728 |     .
                          |                                  |               |
14.region              U  | .11628   .09009      8.6         |   0.54  0.592 |     .
                       M  | .05556    .0805     -8.1     4.7 |  -0.41  0.679 |     .
                          |                                  |               |
hgender                U  | 1.3721   1.1441     53.5         |   3.63  0.000 |  1.93*
                       M  |   1.25   1.3013    -12.0    77.5 |  -0.48  0.632 |  0.89
                          |                                  |               |
2.hage_cl              U  | .23256   .33784    -23.3         |  -1.35  0.177 |     .
                       M  | .19444   .18047      3.1    86.7 |   0.15  0.881 |     .
                          |                                  |               |
3.hage_cl              U  | .34884    .4009    -10.7         |  -0.64  0.524 |     .
                       M  | .38889   .39972     -2.2    79.2 |  -0.09  0.926 |     .
                          |                                  |               |
4.hage_cl              U  | .37209   .22523     32.3         |   2.05  0.042 |     .
                       M  | .38889   .32303     14.5    55.2 |   0.58  0.566 |     .
                          |                                  |               |
3.heduc                U  | .04651   .08559    -15.7         |  -0.87  0.387 |     .
                       M  | .05556    .0455      4.0    74.3 |   0.19  0.848 |     .
                          |                                  |               |
4.heduc                U  | .06977   .04054     12.7         |   0.84  0.401 |     .
                       M  | .05556   .05174      1.7    86.9 |   0.07  0.944 |     .
                          |                                  |               |
5.heduc                U  | .02326   .00901     11.2         |   0.81  0.421 |     .
                       M  | .02778   .04234    -11.5    -2.2 |  -0.33  0.741 |     .
                          |                                  |               |
3.hmstat               U  | .72093   .41892     63.6         |   3.71  0.000 |     .
                       M  | .69444   .63328     12.9    79.7 |   0.54  0.589 |     .
                          |                                  |               |
5.hmstat               U  | .06977   .09009     -7.5         |  -0.43  0.666 |     .
                       M  | .08333   .08135      0.7    90.3 |   0.03  0.976 |     .
                          |                                  |               |
2.sexe18               U  | .46512   .52703    -12.3         |  -0.74  0.459 |     .
                       M  | .47222   .50162     -5.8    52.5 |  -0.25  0.806 |     .
                          |                                  |               |
hhsize                 U  |  19.07   13.068     62.3         |   4.57  0.000 |  2.89*
                       M  |   19.5   13.758     59.6     4.3 |   2.53  0.014 |  3.28*
                          |                                  |               |
log_pcexp              U  | 12.888   12.717     36.0         |   2.09  0.038 |  0.81
                       M  | 12.839   12.685     32.4    10.1 |   1.48  0.143 |  0.77
                          |                                  |               |
2.hcsp                 U  |      0   .01351    -16.5         |  -0.76  0.445 |     .
                       M  |      0   .01973    -24.1   -46.0 |  -0.84  0.404 |     .
                          |                                  |               |
3.hcsp                 U  |      0   .02703    -23.5         |  -1.09  0.277 |     .
                       M  |      0    .0028     -2.4    89.6 |  -0.31  0.755 |     .
                          |                                  |               |
4.hcsp                 U  |      0   .04955    -32.2         |  -1.49  0.137 |     .
                       M  |      0   .04624    -30.1     6.7 |  -1.30  0.197 |     .
                          |                                  |               |
5.hcsp                 U  | .02326   .02703     -2.4         |  -0.14  0.888 |     .
                       M  | .02778   .01027     11.1  -364.1 |   0.54  0.593 |     .
                          |                                  |               |
7.hcsp                 U  | .02326    .0045     15.9         |   1.30  0.195 |     .
                       M  | .02778    .0009     22.8   -43.3 |   0.95  0.344 |     .
                          |                                  |               |
8.hcsp                 U  | .02326   .01802      3.7         |   0.23  0.818 |     .
                       M  | .02778   .00639     14.9  -308.4 |   0.69  0.491 |     .
                          |                                  |               |
9.hcsp                 U  | .51163   .62162    -22.2         |  -1.35  0.178 |     .
                       M  |     .5   .69098    -38.5   -73.6 |  -1.66  0.101 |     .
                          |                                  |               |
10.hcsp                U  |      0   .01802    -19.1         |  -0.88  0.377 |     .
                       M  |      0   .00715     -7.6    60.3 |  -0.50  0.617 |     .
                          |                                  |               |
----------------------------------------------------------------------------------------
* if variance ratio outside [0.54; 1.85] for U and [0.51; 1.96] for M

-----------------------------------------------------------------------------------
 Sample    | Ps R2   LR chi2   p>chi2   MeanBias   MedBias      B      R     %Var
-----------+-----------------------------------------------------------------------
 Unmatched | 0.374     84.61    0.000     19.9      15.7     164.4*   1.27     67
 Matched   | 0.284     27.27    0.449     11.7       7.6     137.7*   0.90     33
-----------------------------------------------------------------------------------
* if B>25%, R outside [0.5; 2]
  Biais standardise moyen residuel, groupe 3 : 12.74 %
file C:\Users\Bmd\AppData\Local\Temp\ST_4dd8_000011.tmp saved as .dta format

. use `ker_all', clear

. save "$TEMP/poids_kernel.dta", replace
file code/stata/temp/poids_kernel.dta saved

. 
. /* -- 2c. Caliper --------------------------------------------- */
. di _newline "=== Appariement Caliper (eps=$CALIPER, sans remise), par groupe d'age ==="

=== Appariement Caliper (eps=0.05, sans remise), par groupe d'age ===

. tempfile cal_all

. local premier = 1

. forvalues g = 1/3 {
  2.     use "$TEMP/pscore_t0.dta", clear
  3.     keep if grp_psm == `g'
  4.     di _newline "-- Groupe d'age `g' --"
  5.     psmatch2 D, pscore(pscore) caliper($CALIPER) noreplacement common
  6. 
.     di _newline "Balance avant/apres (SMD), caliper, groupe `g' :"
  7.     /* pstest estime un probit interne qui peut ne pas converger sur un
>        groupe a tres faible effectif (r(430)) : son tableau est purement
>        descriptif, l'echec ne doit pas interrompre le pipeline. Le biais
>        retenu pour departager les methodes est calcule par _biaismoyen,
>        independant de pstest. */
.     capture noisily pstest `covbal', both
  8.     if _rc di "  !! pstest non convergent sur ce groupe (r(" _rc ")) — ignore."
  9.     quietly _biaismoyen $BALVARS, treat(D) pond(_weight)
 10.     global BIAIS_caliper = ${BIAIS_caliper} + r(meanbias)*_N
 11.     global NOBS_caliper  = ${NOBS_caliper}  + _N
 12.     di "  Biais standardise moyen residuel, groupe `g' : " %5.2f r(meanbias) " %"
 13. 
.     rename _weight weight_caliper
 14.     keep enfid weight_caliper
 15.     if `premier' == 1 {
 16.         save `cal_all', replace
 17.         local premier = 0
 18.     }
 19.     else {
 20.         append using `cal_all'
 21.         save `cal_all', replace
 22.     }
 23. }
(8,749 observations deleted)

-- Groupe d'age 1 --

Balance avant/apres (SMD), caliper, groupe 1 :

----------------------------------------------------------------------------------------
                Unmatched |       Mean               %reduct |     t-test    |  V(T)/
Variable          Matched | Treated Control    %bias  |bias| |    t    p>|t| |  V(C)
--------------------------+----------------------------------+---------------+----------
2.milieu               U  | .45406     .638    -37.6         |  -9.57  0.000 |     .
                       M  | .45652   .43207      5.0    86.7 |   0.94  0.345 |     .
                          |                                  |               |
2.region               U  | .00799   .03939    -20.8         |  -4.34  0.000 |     .
                       M  | .00815   .00815      0.0   100.0 |  -0.00  1.000 |     .
                          |                                  |               |
3.region               U  | .06525   .06731     -0.8         |  -0.21  0.835 |     .
                       M  | .06658   .05978      2.7  -228.4 |   0.54  0.592 |     .
                          |                                  |               |
4.region               U  | .07989   .07779      0.8         |   0.20  0.843 |     .
                       M  | .08152    .0788      1.0   -28.9 |   0.19  0.848 |     .
                          |                                  |               |
5.region               U  | .09321   .09075      0.9         |   0.21  0.830 |     .
                       M  | .08696   .09918     -4.2  -397.4 |  -0.81  0.420 |     .
                          |                                  |               |
6.region               U  | .10652   .09474      3.9         |   1.00  0.316 |     .
                       M  | .10462   .11685     -4.1    -3.8 |  -0.75  0.455 |     .
                          |                                  |               |
7.region               U  | .09055   .08402      2.3         |   0.59  0.556 |     .
                       M  | .09239   .08967      1.0    58.4 |   0.18  0.856 |     .
                          |                                  |               |
8.region               U  | .06791   .08576     -6.7         |  -1.63  0.104 |     .
                       M  | .06929   .06386      2.0    69.6 |   0.42  0.676 |     .
                          |                                  |               |
9.region               U  | .03595    .0733    -16.5         |  -3.75  0.000 |     .
                       M  | .03668   .03397      1.2    92.7 |   0.28  0.778 |     .
                          |                                  |               |
10.region              U  | .04794   .04064      3.5         |   0.92  0.359 |     .
                       M  | .04891   .05707     -4.0   -11.7 |  -0.70  0.485 |     .
                          |                                  |               |
11.region              U  |  .1731   .05659     37.1         |  11.27  0.000 |     .
                       M  | .16848   .16304      1.7    95.3 |   0.28  0.779 |     .
                          |                                  |               |
12.region              U  |  .0213   .10322    -34.4         |  -7.23  0.000 |     .
                       M  | .02174    .0231     -0.6    98.3 |  -0.18  0.860 |     .
                          |                                  |               |
13.region              U  | .01332   .06831    -28.1         |  -5.86  0.000 |     .
                       M  | .01359   .01223      0.7    97.5 |   0.23  0.818 |     .
                          |                                  |               |
14.region              U  | .07457    .0561      7.5         |   1.97  0.049 |     .
                       M  | .07609   .08288     -2.7    63.2 |  -0.48  0.630 |     .
                          |                                  |               |
hgender                U  | 1.2929   1.1633     31.3         |   8.48  0.000 |  1.52*
                       M  | 1.2948   1.2908      1.0    96.9 |   0.17  0.864 |  1.01
                          |                                  |               |
2.hage_cl              U  | .29561   .41785    -25.7         |  -6.30  0.000 |     .
                       M  | .30163   .26223      8.3    67.8 |   1.68  0.093 |     .
                          |                                  |               |
3.hage_cl              U  | .31957   .30117      4.0         |   1.01  0.314 |     .
                       M  | .31386   .33288     -4.1    -3.4 |  -0.78  0.436 |     .
                          |                                  |               |
4.hage_cl              U  | .26764   .17627     22.1         |   5.87  0.000 |     .
                       M  | .26902   .30299     -8.2    62.8 |  -1.44  0.150 |     .
                          |                                  |               |
3.heduc                U  | .13449   .12092      4.1         |   1.04  0.299 |     .
                       M  | .13723     .125      3.7     9.9 |   0.69  0.487 |     .
                          |                                  |               |
4.heduc                U  | .06525   .03839     12.1         |   3.35  0.001 |     .
                       M  | .06658   .03397     14.7   -21.4 |   2.87  0.004 |     .
                          |                                  |               |
5.heduc                U  | .00399   .00524     -1.8         |  -0.44  0.659 |     .
                       M  | .00408   .00272      2.0    -9.5 |   0.45  0.654 |     .
                          |                                  |               |
6.heduc                U  | .01997   .02319     -2.2         |  -0.54  0.587 |     .
                       M  | .02038    .0163      2.8   -26.9 |   0.58  0.560 |     .
                          |                                  |               |
7.heduc                U  | .00399   .00025      8.1         |   3.25  0.001 |     .
                       M  |      0        0      0.0   100.0 |      .      . |     .
                          |                                  |               |
8.heduc                U  | .01731   .00374     13.3         |   4.47  0.000 |     .
                       M  | .00543   .00815     -2.7    80.0 |  -0.63  0.526 |     .
                          |                                  |               |
9.heduc                U  | .01864    .0167      1.5         |   0.38  0.706 |     .
                       M  | .01902    .0163      2.1   -40.2 |   0.40  0.693 |     .
                          |                                  |               |
2.hmstat               U  | .40879   .52979    -24.4         |  -6.11  0.000 |     .
                       M  | .40761   .39674      2.2    91.0 |   0.42  0.671 |     .
                          |                                  |               |
3.hmstat               U  | .46338   .38469     16.0         |   4.05  0.000 |     .
                       M  | .46196   .44565      3.3    79.3 |   0.63  0.530 |     .
                          |                                  |               |
5.hmstat               U  | .11185    .0743     12.9         |   3.48  0.001 |     .
                       M  | .11413   .14538    -10.8    16.8 |  -1.78  0.075 |     .
                          |                                  |               |
6.hmstat               U  | .00799   .00723      0.9         |   0.22  0.823 |     .
                       M  | .00815   .00815      0.0   100.0 |   0.00  1.000 |     .
                          |                                  |               |
2.sexe18               U  | .46205    .4904     -5.7         |  -1.43  0.154 |     .
                       M  | .46467   .47418     -1.9    66.5 |  -0.37  0.715 |     .
                          |                                  |               |
hhsize                 U  | 17.276   12.981     50.0         |  14.41  0.000 |  2.07*
                       M  | 17.058   12.889     48.5     2.9 |   9.49  0.000 |  2.21*
                          |                                  |               |
log_pcexp              U  | 12.962   12.671     57.9         |  14.68  0.000 |  1.04
                       M  | 12.963   12.715     49.3    14.9 |   9.27  0.000 |  0.99
                          |                                  |               |
1.hcsp                 U  | .00399   .00623     -3.1         |  -0.74  0.462 |     .
                       M  | .00408   .00543     -1.9    39.3 |  -0.38  0.705 |     .
                          |                                  |               |
2.hcsp                 U  | .02397   .02144      1.7         |   0.43  0.664 |     .
                       M  |  .0163   .02174     -3.6  -115.1 |  -0.76  0.446 |     .
                          |                                  |               |
3.hcsp                 U  | .01465   .04687    -18.7         |  -4.06  0.000 |     .
                       M  | .01495   .04212    -15.8    15.7 |  -3.14  0.002 |     .
                          |                                  |               |
4.hcsp                 U  | .06525   .06407      0.5         |   0.12  0.904 |     .
                       M  | .06658   .05571      4.4  -827.0 |   0.87  0.384 |     .
                          |                                  |               |
5.hcsp                 U  | .00666   .02219    -13.1         |  -2.81  0.005 |     .
                       M  | .00679   .03533    -24.0   -83.7 |  -3.83  0.000 |     .
                          |                                  |               |
6.hcsp                 U  | .00266   .00324     -1.1         |  -0.26  0.795 |     .
                       M  | .00272   .00272      0.0   100.0 |  -0.00  1.000 |     .
                          |                                  |               |
7.hcsp                 U  | .00399   .00199      3.7         |   1.05  0.295 |     .
                       M  | .00408        0      7.5  -103.8 |   1.73  0.083 |     .
                          |                                  |               |
8.hcsp                 U  |  .0213   .02468     -2.3         |  -0.55  0.580 |     .
                       M  | .02174   .02038      0.9    59.8 |   0.18  0.856 |     .
                          |                                  |               |
9.hcsp                 U  | .48602   .61331    -25.8         |  -6.55  0.000 |     .
                       M  | .49185   .52174     -6.1    76.5 |  -1.15  0.252 |     .
                          |                                  |               |
10.hcsp                U  | .01864   .02069     -1.5         |  -0.37  0.715 |     .
                       M  | .01902   .01902      0.0   100.0 |  -0.00  1.000 |     .
                          |                                  |               |
----------------------------------------------------------------------------------------
* if variance ratio outside [0.87; 1.15] for U and [0.87; 1.16] for M

-----------------------------------------------------------------------------------
 Sample    | Ps R2   LR chi2   p>chi2   MeanBias   MedBias      B      R     %Var
-----------+-----------------------------------------------------------------------
 Unmatched | 0.252   1045.40    0.000     13.5       7.1     138.7*   0.91     67
 Matched   | 0.220    447.07    0.000      6.2       2.7     117.8*   1.15     33
-----------------------------------------------------------------------------------
* if B>25%, R outside [0.5; 2]
  Biais standardise moyen residuel, groupe 1 :  6.48 %
(file C:\Users\Bmd\AppData\Local\Temp\ST_4dd8_000012.tmp not found)
file C:\Users\Bmd\AppData\Local\Temp\ST_4dd8_000012.tmp saved as .dta format
(5,027 observations deleted)

-- Groupe d'age 2 --

Balance avant/apres (SMD), caliper, groupe 2 :

----------------------------------------------------------------------------------------
                Unmatched |       Mean               %reduct |     t-test    |  V(T)/
Variable          Matched | Treated Control    %bias  |bias| |    t    p>|t| |  V(C)
--------------------------+----------------------------------+---------------+----------
2.milieu               U  | .41886   .61091    -39.1         | -13.60  0.000 |     .
                       M  | .42023    .3953      5.1    87.0 |   1.34  0.179 |     .
                          |                                  |               |
2.region               U  | .00763   .04644    -24.1         |  -6.88  0.000 |     .
                       M  | .00783   .00641      0.9    96.3 |   0.45  0.654 |     .
                          |                                  |               |
3.region               U  | .04993   .05879     -3.9         |  -1.32  0.187 |     .
                       M  | .05128   .04843      1.3    67.8 |   0.35  0.729 |     .
                          |                                  |               |
4.region               U  | .07628   .08875     -4.5         |  -1.53  0.125 |     .
                       M  | .07835   .07835      0.0   100.0 |  -0.00  1.000 |     .
                          |                                  |               |
5.region               U  | .08807   .07995      2.9         |   1.03  0.304 |     .
                       M  | .09046    .0812      3.3   -14.0 |   0.88  0.381 |     .
                          |                                  |               |
6.region               U  | .08114   .08279     -0.6         |  -0.21  0.835 |     .
                       M  | .08333   .08903     -2.1  -245.0 |  -0.54  0.591 |     .
                          |                                  |               |
7.region               U  | .08114   .08861     -2.7         |  -0.92  0.360 |     .
                       M  | .08333    .0755      2.8    -4.8 |   0.77  0.443 |     .
                          |                                  |               |
8.region               U  | .08669   .08961     -1.0         |  -0.35  0.723 |     .
                       M  | .08832   .06481      8.3  -704.9 |   2.34  0.019 |     .
                          |                                  |               |
9.region               U  | .04022   .08293    -17.8         |  -5.60  0.000 |     .
                       M  | .04131   .03846      1.2    93.3 |   0.39  0.700 |     .
                          |                                  |               |
10.region              U  | .03467   .03962     -2.6         |  -0.89  0.376 |     .
                       M  | .03561   .04131     -3.0   -15.2 |  -0.78  0.433 |     .
                          |                                  |               |
11.region              U  | .19556   .05922     41.8         |  17.46  0.000 |     .
                       M  | .17664   .19943     -7.0    83.3 |  -1.55  0.122 |     .
                          |                                  |               |
12.region              U  | .03329   .09912    -26.7         |  -8.07  0.000 |     .
                       M  | .03419    .0406     -2.6    90.3 |  -0.90  0.371 |     .
                          |                                  |               |
13.region              U  | .01526   .06234    -24.6         |  -7.21  0.000 |     .
                       M  | .01567   .01496      0.4    98.5 |   0.15  0.878 |     .
                          |                                  |               |
14.region              U  | .06103   .05382      3.1         |   1.09  0.274 |     .
                       M  | .06268    .0641     -0.6    80.2 |  -0.15  0.877 |     .
                          |                                  |               |
hgender                U  |  1.301   1.1755     29.8         |  10.99  0.000 |  1.45*
                       M  | 1.2934   1.2792      3.4    88.6 |   0.83  0.404 |  1.03
                          |                                  |               |
2.hage_cl              U  | .29334   .41224    -25.1         |  -8.46  0.000 |     .
                       M  | .29986   .29701      0.6    97.6 |   0.16  0.869 |     .
                          |                                  |               |
3.hage_cl              U  | .34813   .35175     -0.8         |  -0.26  0.793 |     .
                       M  | .35399   .37393     -4.2  -451.1 |  -1.10  0.272 |     .
                          |                                  |               |
4.hage_cl              U  | .27947   .16728     27.2         |  10.03  0.000 |     .
                       M  | .26567   .26638     -0.2    99.4 |  -0.04  0.966 |     .
                          |                                  |               |
3.heduc                U  | .13245   .12965      0.8         |   0.29  0.773 |     .
                       M  | .13462   .13462      0.0   100.0 |   0.00  1.000 |     .
                          |                                  |               |
4.heduc                U  | .07351   .04658     11.4         |   4.23  0.000 |     .
                       M  | .07265   .05983      5.4    52.4 |   1.37  0.172 |     .
                          |                                  |               |
5.heduc                U  | .00069   .00582     -9.0         |  -2.53  0.011 |     .
                       M  | .00071   .00071      0.0   100.0 |   0.00  1.000 |     .
                          |                                  |               |
6.heduc                U  | .02497   .02414      0.5         |   0.19  0.853 |     .
                       M  | .02564   .02635     -0.5    13.6 |  -0.12  0.906 |     .
                          |                                  |               |
7.heduc                U  | .00277   .00057      5.4         |   2.49  0.013 |     .
                       M  | .00285   .00142      3.5    35.4 |   0.82  0.414 |     .
                          |                                  |               |
8.heduc                U  | .01456   .00724      7.1         |   2.76  0.006 |     .
                       M  | .01496   .01068      4.1    41.6 |   1.01  0.314 |     .
                          |                                  |               |
9.heduc                U  | .02219    .0186      2.5         |   0.90  0.366 |     .
                       M  | .02279   .01425      6.0  -138.2 |   1.68  0.093 |     .
                          |                                  |               |
2.hmstat               U  | .40707   .54076    -27.0         |  -9.30  0.000 |     .
                       M  | .40883   .41026     -0.3    98.9 |  -0.08  0.939 |     .
                          |                                  |               |
3.hmstat               U  | .46602   .36226     21.2         |   7.42  0.000 |     .
                       M  | .46083   .46581     -1.0    95.2 |  -0.26  0.791 |     .
                          |                                  |               |
5.hmstat               U  | .09986   .07725      8.0         |   2.87  0.004 |     .
                       M  | .10256    .1104     -2.8    65.3 |  -0.67  0.501 |     .
                          |                                  |               |
6.hmstat               U  | .00485   .01179     -7.6         |  -2.34  0.019 |     .
                       M  | .00499   .00285      2.4    69.2 |   0.91  0.365 |     .
                          |                                  |               |
7.hmstat               U  | .00069   .00028      1.9         |   0.75  0.451 |     .
                       M  | .00071   .00142     -3.2   -73.9 |  -0.58  0.564 |     .
                          |                                  |               |
2.sexe18               U  | .53537   .49787      7.5         |   2.60  0.009 |     .
                       M  | .53134   .53063      0.1    98.1 |   0.04  0.970 |     .
                          |                                  |               |
hhsize                 U  |   17.2   12.674     51.9         |  20.70  0.000 |  2.21*
                       M  | 17.025   12.415     52.8    -1.8 |  14.42  0.000 |  2.54*
                          |                                  |               |
log_pcexp              U  | 12.971   12.695     53.9         |  18.84  0.000 |  1.06
                       M  | 12.973   12.791     35.4    34.3 |   9.09  0.000 |  0.94
                          |                                  |               |
1.hcsp                 U  | .00763   .00809     -0.5         |  -0.18  0.857 |     .
                       M  | .00783   .00499      3.2  -511.4 |   0.95  0.344 |     .
                          |                                  |               |
2.hcsp                 U  | .02705   .02854     -0.9         |  -0.31  0.755 |     .
                       M  | .02778   .03704     -5.6  -518.4 |  -1.39  0.166 |     .
                          |                                  |               |
3.hcsp                 U  | .02566   .04601    -11.0         |  -3.49  0.000 |     .
                       M  | .02635    .0406     -7.7    30.0 |  -2.10  0.036 |     .
                          |                                  |               |
4.hcsp                 U  | .04924     .071     -9.2         |  -3.01  0.003 |     .
                       M  | .05057   .06125     -4.5    50.9 |  -1.23  0.218 |     .
                          |                                  |               |
5.hcsp                 U  | .00971   .02102     -9.2         |  -2.86  0.004 |     .
                       M  | .00997   .02137     -9.3    -0.8 |  -2.43  0.015 |     .
                          |                                  |               |
6.hcsp                 U  | .00208   .00298     -1.8         |  -0.59  0.557 |     .
                       M  | .00214   .00142      1.4    21.0 |   0.45  0.655 |     .
                          |                                  |               |
7.hcsp                 U  | .00277   .00156      2.6         |   1.00  0.318 |     .
                       M  | .00142        0      3.1   -17.5 |   1.41  0.157 |     .
                          |                                  |               |
8.hcsp                 U  | .01942   .01903      0.3         |   0.10  0.922 |     .
                       M  | .01781   .01923     -1.0  -266.4 |  -0.28  0.780 |     .
                          |                                  |               |
9.hcsp                 U  | .43551   .60679    -34.8         | -12.10  0.000 |     .
                       M  | .44444    .5584    -23.2    33.5 |  -6.08  0.000 |     .
                          |                                  |               |
10.hcsp                U  | .02566   .01846      4.9         |   1.79  0.073 |     .
                       M  | .02635   .01709      6.3   -28.6 |   1.68  0.092 |     .
                          |                                  |               |
----------------------------------------------------------------------------------------
* if variance ratio outside [0.90; 1.11] for U and [0.90; 1.11] for M

-----------------------------------------------------------------------------------
 Sample    | Ps R2   LR chi2   p>chi2   MeanBias   MedBias      B      R     %Var
-----------+-----------------------------------------------------------------------
 Unmatched | 0.238   1843.87    0.000     13.2       7.5     132.3*   1.19     67
 Matched   | 0.194    755.93    0.000      5.3       3.0     110.3*   1.37     33
-----------------------------------------------------------------------------------
* if B>25%, R outside [0.5; 2]
  Biais standardise moyen residuel, groupe 2 :  6.02 %
file C:\Users\Bmd\AppData\Local\Temp\ST_4dd8_000012.tmp saved as .dta format
(13,246 observations deleted)

-- Groupe d'age 3 --

Balance avant/apres (SMD), caliper, groupe 3 :

----------------------------------------------------------------------------------------
                Unmatched |       Mean               %reduct |     t-test    |  V(T)/
Variable          Matched | Treated Control    %bias  |bias| |    t    p>|t| |  V(C)
--------------------------+----------------------------------+---------------+----------
2.milieu               U  | .44186   .55856    -23.3         |  -1.41  0.161 |     .
                       M  | .51515   .54545     -6.1    74.0 |  -0.24  0.809 |     .
                          |                                  |               |
3.region               U  | .06977   .08108     -4.3         |  -0.25  0.802 |     .
                       M  | .09091   .12121    -11.4  -167.8 |  -0.39  0.695 |     .
                          |                                  |               |
4.region               U  | .09302   .09009      1.0         |   0.06  0.951 |     .
                       M  | .12121    .0303     31.3 -2999.4 |   1.39  0.168 |     .
                          |                                  |               |
5.region               U  | .13953   .09459     13.9         |   0.89  0.374 |     .
                       M  | .15152   .18182     -9.4    32.6 |  -0.33  0.746 |     .
                          |                                  |               |
6.region               U  | .02326   .11712    -37.2         |  -1.87  0.063 |     .
                       M  |  .0303    .0303      0.0   100.0 |   0.00  1.000 |     .
                          |                                  |               |
7.region               U  | .09302    .1036     -3.5         |  -0.21  0.834 |     .
                       M  | .06061   .12121    -20.2  -472.8 |  -0.85  0.400 |     .
                          |                                  |               |
8.region               U  | .11628   .12613     -3.0         |  -0.18  0.859 |     .
                       M  | .12121   .09091      9.2  -207.7 |   0.39  0.695 |     .
                          |                                  |               |
10.region              U  | .04651   .04054      2.9         |   0.18  0.858 |     .
                       M  | .06061    .0303     14.7  -407.5 |   0.58  0.562 |     .
                          |                                  |               |
11.region              U  |  .2093   .09009     33.6         |   2.31  0.022 |     .
                       M  | .18182   .18182      0.0   100.0 |   0.00  1.000 |     .
                          |                                  |               |
12.region              U  | .06977   .09009     -7.5         |  -0.43  0.666 |     .
                       M  | .09091   .06061     11.1   -49.1 |   0.46  0.648 |     .
                          |                                  |               |
14.region              U  | .11628   .09009      8.6         |   0.54  0.592 |     .
                       M  | .06061   .15152    -29.7  -247.1 |  -1.19  0.237 |     .
                          |                                  |               |
hgender                U  | 1.3721   1.1441     53.5         |   3.63  0.000 |  1.93*
                       M  | 1.2424    1.303    -14.2    73.4 |  -0.55  0.587 |  0.87
                          |                                  |               |
2.hage_cl              U  | .23256   .33784    -23.3         |  -1.35  0.177 |     .
                       M  | .18182   .21212     -6.7    71.2 |  -0.30  0.761 |     .
                          |                                  |               |
3.hage_cl              U  | .34884    .4009    -10.7         |  -0.64  0.524 |     .
                       M  | .42424   .42424      0.0   100.0 |  -0.00  1.000 |     .
                          |                                  |               |
4.hage_cl              U  | .37209   .22523     32.3         |   2.05  0.042 |     .
                       M  | .36364   .33333      6.7    79.4 |   0.25  0.800 |     .
                          |                                  |               |
3.heduc                U  | .04651   .08559    -15.7         |  -0.87  0.387 |     .
                       M  | .06061    .0303     12.2    22.4 |   0.58  0.562 |     .
                          |                                  |               |
4.heduc                U  | .06977   .04054     12.7         |   0.84  0.401 |     .
                       M  | .06061   .06061      0.0   100.0 |   0.00  1.000 |     .
                          |                                  |               |
5.heduc                U  | .02326   .00901     11.2         |   0.81  0.421 |     .
                       M  |  .0303   .06061    -23.9  -112.7 |  -0.58  0.562 |     .
                          |                                  |               |
3.hmstat               U  | .72093   .41892     63.6         |   3.71  0.000 |     .
                       M  | .69697   .63636     12.8    79.9 |   0.52  0.608 |     .
                          |                                  |               |
5.hmstat               U  | .06977   .09009     -7.5         |  -0.43  0.666 |     .
                       M  | .09091   .12121    -11.1   -49.1 |  -0.39  0.695 |     .
                          |                                  |               |
2.sexe18               U  | .46512   .52703    -12.3         |  -0.74  0.459 |     .
                       M  | .45455   .48485     -6.0    51.1 |  -0.24  0.809 |     .
                          |                                  |               |
hhsize                 U  |  19.07   13.068     62.3         |   4.57  0.000 |  2.89*
                       M  | 18.758   11.303     77.4   -24.2 |   3.41  0.001 |  4.33*
                          |                                  |               |
log_pcexp              U  | 12.888   12.717     36.0         |   2.09  0.038 |  0.81
                       M  | 12.836   12.724     23.6    34.5 |   1.11  0.272 |  1.10
                          |                                  |               |
2.hcsp                 U  |      0   .01351    -16.5         |  -0.76  0.445 |     .
                       M  |      0        0      0.0   100.0 |      .      . |     .
                          |                                  |               |
3.hcsp                 U  |      0   .02703    -23.5         |  -1.09  0.277 |     .
                       M  |      0        0      0.0   100.0 |      .      . |     .
                          |                                  |               |
4.hcsp                 U  |      0   .04955    -32.2         |  -1.49  0.137 |     .
                       M  |      0        0      0.0   100.0 |      .      . |     .
                          |                                  |               |
5.hcsp                 U  | .02326   .02703     -2.4         |  -0.14  0.888 |     .
                       M  |  .0303        0     19.2  -703.5 |   1.00  0.321 |     .
                          |                                  |               |
7.hcsp                 U  | .02326    .0045     15.9         |   1.30  0.195 |     .
                       M  |  .0303        0     25.7   -61.6 |   1.00  0.321 |     .
                          |                                  |               |
8.hcsp                 U  | .02326   .01802      3.7         |   0.23  0.818 |     .
                       M  |  .0303    .0303      0.0   100.0 |   0.00  1.000 |     .
                          |                                  |               |
9.hcsp                 U  | .51163   .62162    -22.2         |  -1.35  0.178 |     .
                       M  | .51515   .72727    -42.8   -92.8 |  -1.79  0.078 |     .
                          |                                  |               |
10.hcsp                U  |      0   .01802    -19.1         |  -0.88  0.377 |     .
                       M  |      0    .0303    -32.1   -68.2 |  -1.00  0.321 |     .
                          |                                  |               |
----------------------------------------------------------------------------------------
* if variance ratio outside [0.54; 1.85] for U and [0.49; 2.02] for M

-----------------------------------------------------------------------------------
 Sample    | Ps R2   LR chi2   p>chi2   MeanBias   MedBias      B      R     %Var
-----------+-----------------------------------------------------------------------
 Unmatched | 0.374     84.61    0.000     19.9      15.7     164.4*   1.27     67
 Matched   | 0.448     38.46    0.031     14.8      11.1     164.7*   0.58     33
-----------------------------------------------------------------------------------
* if B>25%, R outside [0.5; 2]
  Biais standardise moyen residuel, groupe 3 : 14.38 %
file C:\Users\Bmd\AppData\Local\Temp\ST_4dd8_000012.tmp saved as .dta format

. use `cal_all', clear

. save "$TEMP/poids_caliper.dta", replace
file code/stata/temp/poids_caliper.dta saved

. 
. /* ── 2e. Choix de la methode d'appariement ───────────────────
>    Les trois algorithmes sont conserves et leurs resultats presentes
>    ensemble (section 7, robustesse). L'un d'eux fournit neanmoins le
>    resultat de reference, et ce choix ne doit rien a la valeur de l'ATT
>    qu'il produit : il se fonde sur le seul critere d'equilibre, le biais
>    standardise moyen residuel sur les covariables apres appariement,
>    moyenne sur les trois groupes d'age et pondere par leur effectif.
>    L'algorithme qui rend les deux groupes les plus comparables est
>    retenu ; les deux autres servent a verifier que la conclusion n'en
>    depend pas.
>    ============================================================ */
. 
. di _newline "=== 2e. Comparaison des trois methodes d'appariement ==="

=== 2e. Comparaison des trois methodes d'appariement ===

. di "  methode      biais standardise moyen apres appariement (%)"
  methode      biais standardise moyen apres appariement (%)

. 
. local meilleure  ""

. local biais_min  = .

. foreach m in knn kernel caliper {
  2.     local b = ${BIAIS_`m'} / ${NOBS_`m'}
  3.     global BIAISMOY_`m' = `b'
  4.     di "  " %-12s "`m'" %10.2f `b'
  5.     if `b' < `biais_min' {
  6.         local biais_min = `b'
  7.         local meilleure = "`m'"
  8.     }
  9. }
  knn               7.56
  kernel            4.81
  caliper           6.34

. 
. /* Garde-fou : si aucun biais n'a pu etre calcule, l'execution se
>    poursuit sur le k-NN plutot que de s'interrompre plus loin sur un nom
>    de variable vide. */
. if "`meilleure'" == "" {
.     di "  !! Aucun biais calculable : repli sur le k-NN."
.     local meilleure "knn"
. }

. 
. global METHODE         "`meilleure'"

. global POIDS_PRINCIPAL "weight_`meilleure'"

. di _newline "  >>> Methode retenue : $METHODE (biais moyen " %5.2f `biais_min' " %)"

  >>> Methode retenue : kernel (biais moyen  4.81 %)

. 
. /* Chevauchement APRES appariement, methode retenue : la densite des
>    temoins est ponderee par les poids d'appariement. Si l'appariement a
>    fonctionne, les deux densites se superposent, la ou celles d'avant
>    appariement se croisaient a peine. */
. use "$TEMP/pscore_t0.dta", clear

. merge 1:1 enfid using "$TEMP/pscore_knn.dta",    keepusing(weight_knn)     nogenerate
(label grp already defined)

    Result                      Number of obs
    -----------------------------------------
    Not matched                             0
    Matched                            13,511  
    -----------------------------------------

. merge 1:1 enfid using "$TEMP/poids_kernel.dta",  keepusing(weight_kernel)  nogenerate

    Result                      Number of obs
    -----------------------------------------
    Not matched                             0
    Matched                            13,511  
    -----------------------------------------

. merge 1:1 enfid using "$TEMP/poids_caliper.dta", keepusing(weight_caliper) nogenerate

    Result                      Number of obs
    -----------------------------------------
    Not matched                             0
    Matched                            13,511  
    -----------------------------------------

. if "$POIDS_PRINCIPAL" == "" | "$POIDS_PRINCIPAL" == "weight_" {
.     global METHODE         "knn"
.     global POIDS_PRINCIPAL "weight_knn"
.     di "  !! Methode non determinee en amont : repli sur le k-NN."
. }

. quietly keep if !missing($POIDS_PRINCIPAL) & $POIDS_PRINCIPAL > 0

. 
. di _newline "  Enfants sur support commun apres appariement : " _N

  Enfants sur support commun apres appariement : 13468

. quietly count if D == 1

. di "  dont traites : " r(N)
  dont traites : 2193

. 
. set dp comma

. forvalues g = 1/3 {
  2.     local titg : label grp `g'
  3.     quietly twoway ///
>         (kdensity pscore if D == 0 & grp_psm == `g' [aw=$POIDS_PRINCIPAL], ///
>          lcolor(gs9) lwidth(medthick)) ///
>         (kdensity pscore if D == 1 & grp_psm == `g' [aw=$POIDS_PRINCIPAL], ///
>          lcolor(orange) lwidth(medthick)), ///
>         legend(order(1 "Non bénéficiaires (pondérés)" 2 "Bénéficiaires") ///
>                pos(6) rows(1) region(color(white))) ///
>         xtitle("Score de propension") ytitle("Densité") ///
>         xlabel(, format(%3.1f)) ///
>         title("`titg'", size(medium)) ///
>         graphregion(color(white)) plotregion(color(white)) ///
>         name(ova`g', replace)
  4. }

. graph combine ova1 ova2 ova3, rows(1) graphregion(color(white))

. set dp period

. graph export "$OUTPUT/figures/fig_overlap_apres.pdf", replace
file code/stata/output/figures/fig_overlap_apres.pdf saved as PDF format

. graph drop ova1 ova2 ova3

. di "  >>> fig_overlap_apres.pdf sauvegarde (trois panneaux, un par groupe)"
  >>> fig_overlap_apres.pdf sauvegarde (trois panneaux, un par groupe)

. di "      Les resultats des deux autres methodes restent presentes"
      Les resultats des deux autres methodes restent presentes

. di "      integralement dans la section robustesse."
      integralement dans la section robustesse.

. 
. /* ── 2d. Panel d'enfants en format long ──────────────────────
>    Chaque enfant apparait a t=0 et t=1 avec SON poids d'appariement, qui
>    ne varie pas dans le temps : c'est exactement ce qu'exige la double
>    difference appariee de Heckman et al. (1997, 1998). */
. use "$TEMP/pscore_t0.dta", clear

. merge 1:1 enfid using "$TEMP/poids_kernel.dta",  nogenerate

    Result                      Number of obs
    -----------------------------------------
    Not matched                             0
    Matched                            13,511  
    -----------------------------------------

. merge 1:1 enfid using "$TEMP/poids_caliper.dta", nogenerate

    Result                      Number of obs
    -----------------------------------------
    Not matched                             0
    Matched                            13,511  
    -----------------------------------------

. merge 1:1 enfid using "$TEMP/pscore_knn.dta", ///
>     keepusing(weight_knn _support) nogenerate
(label grp already defined)

    Result                      Number of obs
    -----------------------------------------
    Not matched                             0
    Matched                            13,511  
    -----------------------------------------

. 
. /* Groupe d'age fige a la periode de base. Un enfant de 3 ans en 2018 en a
>    6 en 2021 : recalcule a chaque vague, le groupe change en cours de panel
>    et la double difference d'un sous-groupe ne compare plus le meme enfant a
>    lui-meme. Le groupe de base suit l'enfant aux deux vagues, si bien que
>    « 0-4 ans » se lit « age de 0 a 4 ans en 2018 ». */
. clonevar groupe_base = groupe_moda18

. label var groupe_base "Groupe d'age MODA a la periode de base (2018)"

. 
. reshape long pauvre_MODA nb_dep intensite_moda groupe_moda sexe age ///
>              dim_assai dim_eau dim_logem dim_nutri dim_sante dim_protect dim_educ ///
>              m_toilet m_partag_toi m_eau_source m_eau_temps m_ordures m_surpeup m_securite m_combust m_sante_acces 
> m_acte_nais m_trav_enf m_scol m_alfab ///
>              m_acte_nc m_scol_nc m_alfab_nc, ///
>     i(enfid) j(periode)
(j = 18 21)

Data                               Wide   ->   Long
-----------------------------------------------------------------------------
Number of observations           13,511   ->   27,022      
Number of variables                 130   ->   102         
j variable (2 values)                     ->   periode
xij variables:
            pauvre_MODA18 pauvre_MODA21   ->   pauvre_MODA
                      nb_dep18 nb_dep21   ->   nb_dep
      intensite_moda18 intensite_moda21   ->   intensite_moda
            groupe_moda18 groupe_moda21   ->   groupe_moda
                          sexe18 sexe21   ->   sexe
                            age18 age21   ->   age
                dim_assai18 dim_assai21   ->   dim_assai
                    dim_eau18 dim_eau21   ->   dim_eau
                dim_logem18 dim_logem21   ->   dim_logem
                dim_nutri18 dim_nutri21   ->   dim_nutri
                dim_sante18 dim_sante21   ->   dim_sante
            dim_protect18 dim_protect21   ->   dim_protect
                  dim_educ18 dim_educ21   ->   dim_educ
                  m_toilet18 m_toilet21   ->   m_toilet
          m_partag_toi18 m_partag_toi21   ->   m_partag_toi
          m_eau_source18 m_eau_source21   ->   m_eau_source
            m_eau_temps18 m_eau_temps21   ->   m_eau_temps
                m_ordures18 m_ordures21   ->   m_ordures
                m_surpeup18 m_surpeup21   ->   m_surpeup
              m_securite18 m_securite21   ->   m_securite
                m_combust18 m_combust21   ->   m_combust
        m_sante_acces18 m_sante_acces21   ->   m_sante_acces
            m_acte_nais18 m_acte_nais21   ->   m_acte_nais
              m_trav_enf18 m_trav_enf21   ->   m_trav_enf
                      m_scol18 m_scol21   ->   m_scol
                    m_alfab18 m_alfab21   ->   m_alfab
                m_acte_nc18 m_acte_nc21   ->   m_acte_nc
                m_scol_nc18 m_scol_nc21   ->   m_scol_nc
              m_alfab_nc18 m_alfab_nc21   ->   m_alfab_nc
-----------------------------------------------------------------------------

. gen byte t = (periode == 21)

. label var t "0 = EHCVM I (2018-19), 1 = EHCVM II (2021-22)"

. drop periode

. 
. /* ── GRILLE FIGEE A LA PERIODE DE BASE ───────────────────────
>    La double difference exige que chaque enfant soit mesure sur la meme
>    grille aux deux dates : les privations de 2021 sont donc recalculees
>    sur la grille du groupe d'age DE BASE, a partir des versions non
>    plafonnees des indicateurs individuels. Un enfant de la grille 5-14
>    devenu 15-17 reste evalue sur l'acte de naissance et la scolarisation.
>    La limite, assumee et discutee dans le rapport, est que ces privations
>    sont mesurees en 2021 sur des enfants qui n'ont plus l'age de la
>    grille. Les dimensions du cadre de vie (assainissement, eau, logement,
>    nutrition, sante), identiques d'une grille a l'autre, sont inchangees. */
. replace dim_protect = (m_acte_nc == 1) ///
>     if t == 1 & groupe_base == 1 & !missing(m_acte_nc)
(581 real changes made)

. replace dim_protect = . ///
>     if t == 1 & groupe_base == 1 & missing(m_acte_nc)
(0 real changes made)

. replace dim_protect = (m_acte_nc == 1 | m_trav_enf == 1) ///
>     if t == 1 & groupe_base == 2 & !missing(m_acte_nc) & !missing(m_trav_enf)
(97 real changes made)

. replace dim_protect = . ///
>     if t == 1 & groupe_base == 2 & (missing(m_acte_nc) | missing(m_trav_enf))
(6 real changes made, 6 to missing)

. replace dim_protect = (m_trav_enf == 1) ///
>     if t == 1 & groupe_base == 3 & !missing(m_trav_enf)
(8 real changes made)

. replace dim_protect = . ///
>     if t == 1 & groupe_base == 3 & missing(m_trav_enf)
(0 real changes made)

. 
. replace dim_educ = 0 if t == 1 & groupe_base == 1
(2,042 real changes made)

. replace dim_educ = m_scol_nc  if t == 1 & groupe_base == 2
(402 real changes made)

. replace dim_educ = m_alfab_nc if t == 1 & groupe_base == 3
(13 real changes made)

. 
. /* Reagregation sur la grille figee */
. replace nb_dep = dim_assai + dim_eau + dim_logem + dim_nutri + ///
>                  dim_sante + dim_protect + dim_educ if t == 1
(2,812 real changes made, 6 to missing)

. replace pauvre_MODA = (nb_dep >= $K_MODA) if t == 1 & !missing(nb_dep)
(676 real changes made)

. replace pauvre_MODA = . if t == 1 & missing(nb_dep)
(6 real changes made, 6 to missing)

. replace intensite_moda = nb_dep / 7 if t == 1
(2,812 real changes made, 6 to missing)

. 
. quietly count if t == 1 & missing(pauvre_MODA)

. di _newline ">>> Grille figee a la base : " r(N) ///
>     " observations 2021 sans indice (cas incomplets sur la grille)"

>>> Grille figee a la base : 6 observations 2021 sans indice (cas incomplets sur la grille)

. 
. save "$TEMP/panel_enfants_psm.dta", replace
file code/stata/temp/panel_enfants_psm.dta saved

. 
. di _newline "Panel d'enfants apparie : " _N " observations (" ///
>     %6.0f `=_N/2' " enfants x 2 vagues)"

Panel d'enfants apparie : 27022 observations ( 13511 enfants x 2 vagues)

. 
. /* ── Ventilation des enfants suivis par statut de beneficiaire ──
>    Alimente le tableau de repartition du traitement (chap. 2) et le
>    tableau d'effectifs des statistiques descriptives (chap. 4) : les
>    quatre statuts possibles au croisement des deux vagues, sur
>    L'ENSEMBLE des enfants suivis (avant restriction du design principal
>    aux stables et jamais beneficiaires), au total et par groupe d'age. */
. use "$TEMP/panel_large_tous.dta", clear

. gen str24 statut_stab = ""
(17,772 missing values generated)

. replace statut_stab = "1. Beneficiaire stable"   if D_2018 == 1 & D_2021 == 1
(2,236 real changes made)

. replace statut_stab = "2. Beneficiaire 2018 slt" if D_2018 == 1 & D_2021 == 0
(1,847 real changes made)

. replace statut_stab = "3. Beneficiaire 2021 slt" if D_2018 == 0 & D_2021 == 1
(2,350 real changes made)

. replace statut_stab = "4. Jamais beneficiaire"   if D_2018 == 0 & D_2021 == 0
(11,339 real changes made)

. di _newline "=== Enfants suivis : les quatre statuts possibles ==="

=== Enfants suivis : les quatre statuts possibles ===

. tab statut_stab, missing

             statut_stab |      Freq.     Percent        Cum.
-------------------------+-----------------------------------
  1. Beneficiaire stable |      2,236       12.58       12.58
2. Beneficiaire 2018 slt |      1,847       10.39       22.97
3. Beneficiaire 2021 slt |      2,350       13.22       36.20
  4. Jamais beneficiaire |     11,339       63.80      100.00
-------------------------+-----------------------------------
                   Total |     17,772      100.00

. di _newline "=== Effectifs par statut et groupe d'age (periode de base) ==="

=== Effectifs par statut et groupe d'age (periode de base) ===

. tab statut_stab groupe_moda18, missing

                      |          groupe_moda18
          statut_stab |   0-4 ans   5-14 ans  15-17 ans |     Total
----------------------+---------------------------------+----------
1. Beneficiaire sta.. |       751      1,442         43 |     2,236 
2. Beneficiaire 201.. |       607      1,175         65 |     1,847 
3. Beneficiaire 202.. |       804      1,495         51 |     2,350 
4. Jamais beneficia.. |     4,013      7,044        282 |    11,339 
----------------------+---------------------------------+----------
                Total |     6,175     11,156        441 |    17,772 

. di _newline "=== Design principal : effectifs beneficiaires / non ==="

=== Design principal : effectifs beneficiaires / non ===

. di "  (stables = traites ; jamais = temoins ; transitoires ecartes)"
  (stables = traites ; jamais = temoins ; transitoires ecartes)

. tab statut_stab if D_2018 == D_2021

             statut_stab |      Freq.     Percent        Cum.
-------------------------+-----------------------------------
  1. Beneficiaire stable |      2,236       16.47       16.47
  4. Jamais beneficiaire |     11,339       83.53      100.00
-------------------------+-----------------------------------
                   Total |     13,575      100.00

. 
. /* ============================================================
>    3. Statistiques descriptives sur le panel
>    ============================================================ */
. 
. use "$TEMP/panel_enfants_psm.dta", clear

. di _newline "=== Stats descriptives (design principal : stables vs jamais) ==="

=== Stats descriptives (design principal : stables vs jamais) ===

. tabstat pauvre_MODA nb_dep pcexp, ///
>     by(D) stat(mean n) format(%6.3f)

Summary statistics: Mean, N
Group variable: D (Traitement : transfert de migrant recu (1=oui))

       D |  pauvre~A    nb_dep     pcexp
---------+------------------------------
       0 |     0.635     4.010   3.7e+05
         |   2.3e+04   2.3e+04   2.3e+04
---------+------------------------------
       1 |     0.358     3.032   4.9e+05
         |  4472.000  4472.000  4472.000
---------+------------------------------
   Total |     0.589     3.848   3.9e+05
         |   2.7e+04   2.7e+04   2.7e+04
----------------------------------------

. 
. /* ── Incidence H, intensite A et indice ajuste M0 ────────────
>    Les trois indices Alkire-Foster sont presentes ensemble : H seul
>    confond sortie de pauvrete et attenuation des privations chez ceux
>    qui restent pauvres. A est la part moyenne des sept dimensions en
>    privation PARMI LES PAUVRES (s_i >= k), et M0 = H x A. Chaque bloc
>    est decline par statut et par edition, puis par groupe d'age :
>    c'est la matrice descriptive complete que le rapport commente. */
. di _newline "=== H, A et M0 par statut et par edition ==="

=== H, A et M0 par statut et par edition ===

. forvalues d = 0/1 {
  2.     forvalues tt = 0/1 {
  3.         quietly summarize pauvre_MODA if D == `d' & t == `tt'
  4.         local H = r(mean)
  5.         quietly summarize intensite_moda if D == `d' & t == `tt' & pauvre_MODA == 1
  6.         local A = r(mean)
  7.         di "  D=`d' t=`tt' :  H = " %6.3f `H' ///
>            "   A = " %6.3f `A' "   M0 = " %6.3f `H'*`A'
  8.     }
  9. }
  D=0 t=0 :  H =  0.684   A =  0.716   M0 =  0.490
  D=0 t=1 :  H =  0.586   A =  0.698   M0 =  0.409
  D=1 t=0 :  H =  0.378   A =  0.675   M0 =  0.255
  D=1 t=1 :  H =  0.337   A =  0.670   M0 =  0.226

. 
. di _newline "=== H, A et M0 par groupe d'age (periode de base) et statut ==="

=== H, A et M0 par groupe d'age (periode de base) et statut ===

. forvalues g = 1/3 {
  2.     local titg : label grp `g'
  3.     di "  -- `titg' --"
  4.     forvalues d = 0/1 {
  5.         forvalues tt = 0/1 {
  6.             quietly summarize pauvre_MODA if D == `d' & t == `tt' & groupe_base == `g'
  7.             local H = r(mean)
  8.             quietly summarize intensite_moda ///
>                 if D == `d' & t == `tt' & groupe_base == `g' & pauvre_MODA == 1
  9.             local A = r(mean)
 10.             di "    D=`d' t=`tt' :  H = " %6.3f `H' ///
>                "   A = " %6.3f `A' "   M0 = " %6.3f `H'*`A'
 11.         }
 12.     }
 13. }
  -- 0-4 ans --
    D=0 t=0 :  H =  0.605   A =  0.669   M0 =  0.404
    D=0 t=1 :  H =  0.494   A =  0.646   M0 =  0.319
    D=1 t=0 :  H =  0.296   A =  0.638   M0 =  0.189
    D=1 t=1 :  H =  0.248   A =  0.654   M0 =  0.162
  -- 5-14 ans --
    D=0 t=0 :  H =  0.728   A =  0.739   M0 =  0.538
    D=0 t=1 :  H =  0.639   A =  0.720   M0 =  0.460
    D=1 t=0 :  H =  0.420   A =  0.688   M0 =  0.289
    D=1 t=1 :  H =  0.383   A =  0.675   M0 =  0.259
  -- 15-17 ans --
    D=0 t=0 :  H =  0.707   A =  0.702   M0 =  0.496
    D=0 t=1 :  H =  0.586   A =  0.730   M0 =  0.427
    D=1 t=0 :  H =  0.442   A =  0.669   M0 =  0.296
    D=1 t=1 :  H =  0.372   A =  0.652   M0 =  0.243

. 
. /* ── CHEVAUCHEMENT DES PRIVATIONS (le "O" de MODA) ───────────
>    L'analyse MODA est une analyse des privations qui se chevauchent :
>    compter les enfants prives dimension par dimension ne dit pas si ce
>    sont les memes enfants qui cumulent. Trois sorties :
>      (i)   la repartition des enfants selon le nombre de privations
>            simultanees (0, 1, ..., 7), par edition ;
>      (ii)  la matrice de chevauchement deux a deux : part des enfants
>            prives a la fois dans la dimension ligne et la dimension
>            colonne (diagonale = taux de privation simple) ;
>      (iii) parmi les enfants prives dans une dimension donnee, la part
>            qui cumule au moins trois autres privations, qui mesure a
>            quel point chaque privation est isolee ou enchassee. */
. 
. local dims_ov assai eau logem nutri sante protect educ

. 
. di _newline "=== Chevauchement des privations : nombre de privations simultanees ==="

=== Chevauchement des privations : nombre de privations simultanees ===

. forvalues tt = 0/1 {
  2.     di "  -- edition t=`tt' --"
  3.     tab nb_dep if t == `tt'
  4. }
  -- edition t=0 --

     nb_dep |      Freq.     Percent        Cum.
------------+-----------------------------------
          0 |         55        0.41        0.41
          1 |        739        5.47        5.88
          2 |      1,601       11.85       17.73
          3 |      2,561       18.95       36.68
          4 |      3,132       23.18       59.86
          5 |      2,991       22.14       82.00
          6 |      1,859       13.76       95.76
          7 |        573        4.24      100.00
------------+-----------------------------------
      Total |     13,511      100.00
  -- edition t=1 --

     nb_dep |      Freq.     Percent        Cum.
------------+-----------------------------------
          0 |         78        0.58        0.58
          1 |      1,055        7.81        8.39
          2 |      2,210       16.36       24.75
          3 |      2,804       20.76       45.52
          4 |      3,016       22.33       67.85
          5 |      2,661       19.70       87.55
          6 |      1,331        9.86       97.41
          7 |        350        2.59      100.00
------------+-----------------------------------
      Total |     13,505      100.00

. 
. di _newline "=== Matrice de chevauchement deux a deux (%, edition 2018) ==="

=== Matrice de chevauchement deux a deux (%, edition 2018) ===

. foreach d1 of local dims_ov {
  2.     local ligne "  `d1' :"
  3.     foreach d2 of local dims_ov {
  4.         quietly count if t == 0 & !missing(dim_`d1') & !missing(dim_`d2')
  5.         local nn = r(N)
  6.         quietly count if t == 0 & dim_`d1' == 1 & dim_`d2' == 1
  7.         if `nn' > 0 local ligne "`ligne' `d2'=`: display %5.1f 100*r(N)/`nn''"
  8.     }
  9.     di "`ligne'"
 10. }
  assai : assai= 57.4 eau= 18.6 logem= 46.3 nutri= 47.2 sante= 56.9 protect= 32.2 educ= 18.2
  eau : assai= 18.6 eau= 24.9 logem= 21.3 nutri= 20.0 sante= 24.8 protect= 15.4 educ=  8.6
  logem : assai= 46.3 eau= 21.3 logem= 70.8 nutri= 56.3 sante= 70.2 protect= 38.2 educ= 22.5
  nutri : assai= 47.2 eau= 20.0 logem= 56.3 nutri= 73.1 sante= 72.4 protect= 39.4 educ= 21.9
  sante : assai= 56.9 eau= 24.8 logem= 70.2 nutri= 72.4 sante= 98.2 protect= 48.7 educ= 27.9
  protect : assai= 32.2 eau= 15.4 logem= 38.2 nutri= 39.4 sante= 48.7 protect= 49.3 educ= 17.5
  educ : assai= 18.2 eau=  8.6 logem= 22.5 nutri= 21.9 sante= 27.9 protect= 17.5 educ= 28.1

. 
. di _newline "=== Matrice de chevauchement deux a deux (%, edition 2021) ==="

=== Matrice de chevauchement deux a deux (%, edition 2021) ===

. foreach d1 of local dims_ov {
  2.     local ligne "  `d1' :"
  3.     foreach d2 of local dims_ov {
  4.         quietly count if t == 1 & !missing(dim_`d1') & !missing(dim_`d2')
  5.         local nn = r(N)
  6.         quietly count if t == 1 & dim_`d1' == 1 & dim_`d2' == 1
  7.         if `nn' > 0 local ligne "`ligne' `d2'=`: display %5.1f 100*r(N)/`nn''"
  8.     }
  9.     di "`ligne'"
 10. }
  assai : assai= 53.5 eau= 14.3 logem= 37.7 nutri= 40.8 sante= 52.9 protect= 31.0 educ= 14.4
  eau : assai= 14.3 eau= 19.4 logem= 14.5 nutri= 15.6 sante= 19.4 protect= 11.8 educ=  6.0
  logem : assai= 37.7 eau= 14.5 logem= 57.1 nutri= 42.4 sante= 56.7 protect= 31.3 educ= 15.0
  nutri : assai= 40.8 eau= 15.6 logem= 42.4 nutri= 66.2 sante= 65.6 protect= 36.0 educ= 17.2
  sante : assai= 52.9 eau= 19.4 logem= 56.7 nutri= 65.6 sante= 98.2 protect= 50.1 educ= 23.0
  protect : assai= 31.0 eau= 11.8 logem= 31.3 nutri= 36.0 sante= 50.1 protect= 50.6 educ= 16.5
  educ : assai= 14.4 eau=  6.0 logem= 15.0 nutri= 17.2 sante= 23.0 protect= 16.5 educ= 23.1

. 
. di _newline "=== Enchassement : parmi les prives d'une dimension, part cumulant >=4 privations ==="

=== Enchassement : parmi les prives d'une dimension, part cumulant >=4 privations ===

. forvalues tt = 0/1 {
  2.     di "  -- edition t=`tt' --"
  3.     foreach d1 of local dims_ov {
  4.         quietly count if t == `tt' & dim_`d1' == 1
  5.         local np = r(N)
  6.         quietly count if t == `tt' & dim_`d1' == 1 & nb_dep >= 4 & !missing(nb_dep)
  7.         if `np' > 0 di "    `d1' : " %5.1f 100*r(N)/`np' " %  (n=" `np' ")"
  8.     }
  9. }
  -- edition t=0 --
    assai :  86.2 %  (n=7752)
    eau :  92.7 %  (n=3359)
    logem :  80.3 %  (n=9565)
    nutri :  77.3 %  (n=9878)
    sante :  64.4 %  (n=13262)
    protect :  85.0 %  (n=6655)
    educ :  87.7 %  (n=3801)
  -- edition t=1 --
    assai :  81.7 %  (n=7226)
    eau :  91.8 %  (n=2624)
    logem :  77.4 %  (n=7709)
    nutri :  71.2 %  (n=8941)
    sante :  55.4 %  (n=13262)
    protect :  75.6 %  (n=6836)
    educ :  84.9 %  (n=3115)

. 
. /* Distribution du nombre de privations, par statut et edition */
. di _newline "=== Distribution du nombre de privations (nb_dep) ==="

=== Distribution du nombre de privations (nb_dep) ===

. forvalues tt = 0/1 {
  2.     di "  -- edition t=`tt' --"
  3.     tab nb_dep D if t == `tt', column nofreq
  4. }
  -- edition t=0 --

           |     Traitement :
           | transfert de migrant
           |     recu (1=oui)
    nb_dep |         0          1 |     Total
-----------+----------------------+----------
         0 |      0.17       1.61 |      0.41 
         1 |      3.71      14.36 |      5.47 
         2 |      9.65      22.94 |     11.85 
         3 |     18.10      23.26 |     18.95 
         4 |     24.12      18.43 |     23.18 
         5 |     24.02      12.66 |     22.14 
         6 |     15.38       5.59 |     13.76 
         7 |      4.85       1.16 |      4.24 
-----------+----------------------+----------
     Total |    100.00     100.00 |    100.00 
  -- edition t=1 --

           |     Traitement :
           | transfert de migrant
           |     recu (1=oui)
    nb_dep |         0          1 |     Total
-----------+----------------------+----------
         0 |      0.47       1.12 |      0.58 
         1 |      6.42      14.85 |      7.81 
         2 |     14.41      26.21 |     16.36 
         3 |     20.10      24.11 |     20.76 
         4 |     23.30      17.44 |     22.33 
         5 |     21.47      10.78 |     19.70 
         6 |     11.00       4.07 |      9.86 
         7 |      2.82       1.43 |      2.59 
-----------+----------------------+----------
     Total |    100.00     100.00 |    100.00 

. 
. /* ============================================================
>    4. Double Difference brute (sans appariement, reference)
> 
>    Champ : enfants suivis, avant restriction au support commun.
>    ============================================================ */
. 
. quietly count if t == 0

. di _newline "=== Double Difference brute (enfants suivis, sans appariement) ==="

=== Double Difference brute (enfants suivis, sans appariement) ===

. di "  Enfants suivis : " r(N)
  Enfants suivis : 13511

. foreach outcome in pauvre_MODA {
  2.     di _newline "--- DD `outcome' ---"
  3.     regress `outcome' i.t##i.D, vce(cluster grappe)
  4.     lincom 1.t#1.D
  5.     di "  ATT_DD  = " %8.4f r(estimate) ///
>        "  SE = " %8.4f r(se) "  p = " %6.4f r(p)
  6. }

--- DD pauvre_MODA ---

Linear regression                               Number of obs     =     27,016
                                                F(3, 577)         =      71.46
                                                Prob > F          =     0.0000
                                                R-squared         =     0.0523
                                                Root MSE          =       .479

                               (Std. err. adjusted for 578 clusters in grappe)
------------------------------------------------------------------------------
             |               Robust
 pauvre_MODA | Coefficient  std. err.      t    P>|t|     [95% conf. interval]
-------------+----------------------------------------------------------------
         1.t |  -.0976926   .0098401    -9.93   0.000    -.1170195   -.0783657
         1.D |  -.3053709   .0317613    -9.61   0.000    -.3677526   -.2429891
             |
         t#D |
        1 1  |   .0565477   .0263363     2.15   0.032     .0048209    .1082744
             |
       _cons |   .6837251   .0140598    48.63   0.000     .6561104    .7113397
------------------------------------------------------------------------------

 ( 1)  1.t#1.D = 0

------------------------------------------------------------------------------
 pauvre_MODA | Coefficient  Std. err.      t    P>|t|     [95% conf. interval]
-------------+----------------------------------------------------------------
         (1) |   .0565477   .0263363     2.15   0.032     .0048209    .1082744
------------------------------------------------------------------------------
  ATT_DD  =   0.0565  SE =   0.0263  p = 0.0322

. 
. /* ============================================================
>    5. PSM-DD sur le panel d'enfants apparie
>       Specification : Y_it = a + b*t + c*D + d*(t#D) + e
>       d = ATT estime, poids d'appariement k-NN (niveau ENFANT)
>    ============================================================ */
. 
. /* Garde-fou local : si cette section est lancee seule (session neuve,
>    globales des sections precedentes absentes) ou depuis une version du
>    fichier ou la methode n'a pas ete determinee, la reference retombe
>    sur le k-NN au lieu de mourir sur un nom de variable vide. */
. if "$POIDS_PRINCIPAL" == "" | "$POIDS_PRINCIPAL" == "weight_" {
.     global METHODE         "knn"
.     global POIDS_PRINCIPAL "weight_knn"
.     di "  !! Methode non determinee en amont : repli sur le k-NN."
. }

. use "$TEMP/panel_enfants_psm.dta", clear

. keep if !missing($POIDS_PRINCIPAL) & $POIDS_PRINCIPAL > 0
(86 observations deleted)

. 
. di _newline "Panel d'enfants apparie (k-NN) : " _N " observations"

Panel d'enfants apparie (k-NN) : 26936 observations

. tabstat D, by(t) stat(mean sum n) format(%6.3f)

Summary for variables: D
Group variable: t (0 = EHCVM I (2018-19), 1 = EHCVM II (2021-22))

       t |      Mean       Sum         N
---------+------------------------------
       0 |     0.163  2193.000   1.3e+04
       1 |     0.163  2193.000   1.3e+04
---------+------------------------------
   Total |     0.163  4386.000   2.7e+04
----------------------------------------

. 
. /* ── RESULTAT PRINCIPAL : ATT PAR GROUPE D'AGE ────────────────
>    L'estimation de l'impact suit la logique de tout le dispositif : le
>    score est estime par groupe d'age, l'appariement est fait par groupe
>    d'age, et l'ATT est donc lui aussi estime SEPAREMENT dans chaque
>    groupe. Un ATT global n'aurait pas d'interpretation propre, puisque
>    les enfants n'y sont pas mesures sur les memes indicateurs : les
>    trois ATT par groupe constituent le resultat principal. L'estimation
>    d'ensemble est conservee a titre de synthese ponderee, et parce que
>    le test placebo et la lecture par dimension s'y adossent. */
. 
. di _newline "=== PSM-DD — ATT PRINCIPAL, PAR GROUPE D'AGE ==="

=== PSM-DD — ATT PRINCIPAL, PAR GROUPE D'AGE ===

. forvalues g = 1/3 {
  2.     local titg : label grp `g'
  3.     /* Effectifs APRES appariement : enfants sur support commun et de
>        poids strictement positif, seuls a entrer dans l'estimation. */
.     quietly count if groupe_base == `g' & t == 0 & D == 1
  4.     local n_tr = r(N)
  5.     quietly count if groupe_base == `g' & t == 0 & D == 0
  6.     local n_te = r(N)
  7.     di _newline "--- Groupe `titg' ---"
  8.     di "  Effectifs apres appariement (t=0) : traites `n_tr', temoins `n_te'"
  9.     global NTR_G`g' = `n_tr'
 10.     global NTE_G`g' = `n_te'
 11.     regress pauvre_MODA i.t##i.D [aw=$POIDS_PRINCIPAL] ///
>         if groupe_base == `g', vce(cluster grappe)
 12.     lincom 1.t#1.D
 13.     di "  ATT_PSM-DD (`titg') = " %8.4f r(estimate) ///
>        "  SE = " %8.4f r(se) "  p = " %6.4f r(p)
 14.     global ATT_G`g' = r(estimate)
 15. }

--- Groupe 0-4 ans ---
  Effectifs apres appariement (t=0) : traites 736, temoins 4011
(sum of wgt is 2,944)

Linear regression                               Number of obs     =      9,494
                                                F(3, 563)         =      23.21
                                                Prob > F          =     0.0000
                                                R-squared         =     0.0478
                                                Root MSE          =     .47179

                               (Std. err. adjusted for 564 clusters in grappe)
------------------------------------------------------------------------------
             |               Robust
 pauvre_MODA | Coefficient  std. err.      t    P>|t|     [95% conf. interval]
-------------+----------------------------------------------------------------
         1.t |   -.109597   .0174163    -6.29   0.000    -.1438057   -.0753882
         1.D |  -.2264656   .0387244    -5.85   0.000    -.3025276   -.1504037
             |
         t#D |
        1 1  |     .06476   .0326804     1.98   0.048     .0005695    .1289505
             |
       _cons |     .52402   .0226426    23.14   0.000     .4795456    .5684944
------------------------------------------------------------------------------

 ( 1)  1.t#1.D = 0

------------------------------------------------------------------------------
 pauvre_MODA | Coefficient  Std. err.      t    P>|t|     [95% conf. interval]
-------------+----------------------------------------------------------------
         (1) |     .06476   .0326804     1.98   0.048     .0005695    .1289505
------------------------------------------------------------------------------
  ATT_PSM-DD (0-4 ans) =   0.0648  SE =   0.0327  p = 0.0480

--- Groupe 5-14 ans ---
  Effectifs apres appariement (t=0) : traites 1421, temoins 7042
(sum of wgt is 5,681.03290754304)

Linear regression                               Number of obs     =     16,920
                                                F(3, 575)         =      32.38
                                                Prob > F          =     0.0000
                                                R-squared         =     0.0465
                                                Root MSE          =     .48829

                               (Std. err. adjusted for 576 clusters in grappe)
------------------------------------------------------------------------------
             |               Robust
 pauvre_MODA | Coefficient  std. err.      t    P>|t|     [95% conf. interval]
-------------+----------------------------------------------------------------
         1.t |  -.0938038   .0147005    -6.38   0.000     -.122677   -.0649305
         1.D |  -.2377936   .0329103    -7.23   0.000    -.3024328   -.1731545
             |
         t#D |
        1 1  |    .067062   .0306356     2.19   0.029     .0068907    .1272334
             |
       _cons |    .650883   .0184278    35.32   0.000     .6146889    .6870771
------------------------------------------------------------------------------

 ( 1)  1.t#1.D = 0

------------------------------------------------------------------------------
 pauvre_MODA | Coefficient  Std. err.      t    P>|t|     [95% conf. interval]
-------------+----------------------------------------------------------------
         (1) |    .067062   .0306356     2.19   0.029     .0068907    .1272334
------------------------------------------------------------------------------
  ATT_PSM-DD (5-14 ans) =   0.0671  SE =   0.0306  p = 0.0290

--- Groupe 15-17 ans ---
  Effectifs apres appariement (t=0) : traites 36, temoins 222
(sum of wgt is 144)

Linear regression                               Number of obs     =        516
                                                F(3, 179)         =       2.80
                                                Prob > F          =     0.0416
                                                R-squared         =     0.0359
                                                Root MSE          =       .492

                               (Std. err. adjusted for 180 clusters in grappe)
------------------------------------------------------------------------------
             |               Robust
 pauvre_MODA | Coefficient  std. err.      t    P>|t|     [95% conf. interval]
-------------+----------------------------------------------------------------
         1.t |  -.1189969   .0533964    -2.23   0.027    -.2243642   -.0136296
         1.D |  -.2290409   .1060381    -2.16   0.032    -.4382865   -.0197954
             |
         t#D |
        1 1  |   .1189969    .095367     1.25   0.214    -.0691913    .3071851
             |
       _cons |   .6734854   .0653173    10.31   0.000     .5445943    .8023764
------------------------------------------------------------------------------

 ( 1)  1.t#1.D = 0

------------------------------------------------------------------------------
 pauvre_MODA | Coefficient  Std. err.      t    P>|t|     [95% conf. interval]
-------------+----------------------------------------------------------------
         (1) |   .1189969    .095367     1.25   0.214    -.0691913    .3071851
------------------------------------------------------------------------------
  ATT_PSM-DD (15-17 ans) =   0.1190  SE =   0.0954  p = 0.2137

. 
. di _newline "=== Effectifs avant / apres appariement, par groupe et methode ==="

=== Effectifs avant / apres appariement, par groupe et methode ===

. di "  (avant = enfants du design principal ; apres = sur support, poids > 0)"
  (avant = enfants du design principal ; apres = sur support, poids > 0)

. preserve

.     use "$TEMP/pscore_t0.dta", clear

.     merge 1:1 enfid using "$TEMP/pscore_knn.dta",    keepusing(weight_knn)     nogenerate
(label grp already defined)

    Result                      Number of obs
    -----------------------------------------
    Not matched                             0
    Matched                            13,511  
    -----------------------------------------

.     merge 1:1 enfid using "$TEMP/poids_kernel.dta",  keepusing(weight_kernel)  nogenerate

    Result                      Number of obs
    -----------------------------------------
    Not matched                             0
    Matched                            13,511  
    -----------------------------------------

.     merge 1:1 enfid using "$TEMP/poids_caliper.dta", keepusing(weight_caliper) nogenerate

    Result                      Number of obs
    -----------------------------------------
    Not matched                             0
    Matched                            13,511  
    -----------------------------------------

.     forvalues g = 1/3 {
  2.         local titg : label grp `g'
  3.         di _newline "  -- `titg' --"
  4.         quietly count if grp_psm == `g' & D == 1
  5.         local a1 = r(N)
  6.         quietly count if grp_psm == `g' & D == 0
  7.         local a0 = r(N)
  8.         di "    avant appariement        : traites " %6.0f `a1' "   temoins " %6.0f `a0'
  9.         foreach m in knn kernel caliper {
 10.             quietly count if grp_psm == `g' & D == 1 & weight_`m' > 0 & !missing(weight_`m')
 11.             local b1 = r(N)
 12.             quietly count if grp_psm == `g' & D == 0 & weight_`m' > 0 & !missing(weight_`m')
 13.             local b0 = r(N)
 14.             di "    apres (" %-7s "`m'" ")        : traites " %6.0f `b1' "   temoins " %6.0f `b0'
 15.         }
 16.     }

  -- 0-4 ans --
    avant appariement        : traites    751   temoins   4011
    apres (knn    )        : traites    736   temoins   1156
    apres (kernel )        : traites    736   temoins   4011
    apres (caliper)        : traites    736   temoins    736

  -- 5-14 ans --
    avant appariement        : traites   1442   temoins   7042
    apres (knn    )        : traites   1421   temoins   1543
    apres (kernel )        : traites   1421   temoins   7042
    apres (caliper)        : traites   1404   temoins   1404

  -- 15-17 ans --
    avant appariement        : traites     43   temoins    222
    apres (knn    )        : traites     36   temoins     81
    apres (kernel )        : traites     36   temoins    222
    apres (caliper)        : traites     33   temoins     33

. restore

. 
. /* Aucun resultat d'ensemble n'est presente : le score, l'appariement et
>    l'impact sont estimes par groupe d'age, et un agregat qui melange des
>    enfants mesures sur des indicateurs differents n'aurait pas
>    d'interpretation. Les trois ATT ci-dessus sont LE resultat. */
. 
. /* ── ATT net des chocs locaux de periode (COVID-19) ──────────
>    L'indicatrice de periode absorbe le choc COVID COMMUN aux deux
>    groupes. Ce qu'elle n'absorbe pas, c'est un choc de periode qui varie
>    selon le lieu : restrictions, fermetures et tensions de prix n'ont pas
>    frappe uniformement les regions ni les milieux urbain et rural. Les
>    interactions periode x region et periode x milieu permettent a chaque
>    localite d'avoir son propre choc de periode ; l'ATT est alors identifie
>    par la comparaison de traites et temoins AU SEIN d'une meme localite,
>    soumis au meme choc local. Cette specification retire la part
>    geographique de l'exposition differentielle a la pandemie. Elle ne
>    peut rien contre une exposition differentielle au sein d'une meme
>    localite, discutee dans les limites du rapport. */
. di _newline "=== PSM-DD net des chocs locaux de periode (COVID-19), par groupe ==="

=== PSM-DD net des chocs locaux de periode (COVID-19), par groupe ===

. forvalues g = 1/3 {
  2.     local titg : label grp `g'
  3.     di _newline "-- `titg' --"
  4.     regress pauvre_MODA i.t##i.D i.t#i.region i.t#i.milieu ///
>         [aw=$POIDS_PRINCIPAL] if groupe_base == `g', vce(cluster grappe)
  5.     lincom 1.t#1.D
  6.     di "  ATT_net_chocs (`titg') = " %8.4f r(estimate) ///
>        "  SE = " %8.4f r(se) "  p = " %6.4f r(p)
  7. }

-- 0-4 ans --
(sum of wgt is 2,944)

Linear regression                               Number of obs     =      9,494
                                                F(31, 563)        =      37.69
                                                Prob > F          =     0.0000
                                                R-squared         =     0.2889
                                                Root MSE          =     .40832

                                 (Std. err. adjusted for 564 clusters in grappe)
--------------------------------------------------------------------------------
               |               Robust
   pauvre_MODA | Coefficient  std. err.      t    P>|t|     [95% conf. interval]
---------------+----------------------------------------------------------------
           1.t |  -.0797341   .0276666    -2.88   0.004    -.1340765   -.0253916
           1.D |   -.223931   .0321914    -6.96   0.000    -.2871609   -.1607012
               |
           t#D |
          1 1  |   .0674953   .0300305     2.25   0.025     .0085097    .1264808
               |
      t#region |
 0#ziguinchor  |   .3327728   .1317054     2.53   0.012     .0740788    .5914667
   0#diourbel  |   .2000563   .0756773     2.64   0.008      .051412    .3487005
0#SAINT-LOUIS  |   .1496458   .0616852     2.43   0.016     .0284846    .2708069
0#tambacounda  |   .3695395   .0920851     4.01   0.000     .1886671    .5504119
    0#kaolack  |   .0508284   .0492023     1.03   0.302    -.0458141    .1474709
      0#thies  |  -.0575165   .0406892    -1.41   0.158    -.1374376    .0224047
      0#louga  |   .0581772    .055727     1.04   0.297     -.051281    .1676354
     0#fatick  |   .1865307   .1087218     1.72   0.087    -.0270192    .4000806
      0#kolda  |   .4013476   .0887858     4.52   0.000     .2269557    .5757395
      0#matam  |   .2865636   .0591514     4.84   0.000     .1703792     .402748
   0#kaffrine  |   .3111834   .1065902     2.92   0.004     .1018203    .5205465
   0#kedougou  |   .2686036   .0961996     2.79   0.005     .0796498    .4575575
    0#sedhiou  |   .5687945   .0530623    10.72   0.000     .4645703    .6730187
 1#ziguinchor  |   .0400215   .0413836     0.97   0.334    -.0412637    .1213066
   1#diourbel  |   .0030715   .0473508     0.06   0.948    -.0899344    .0960773
1#SAINT-LOUIS  |   .1354613   .0580622     2.33   0.020     .0214162    .2495064
1#tambacounda  |   .2921589   .0938774     3.11   0.002     .1077661    .4765517
    1#kaolack  |   .1208702    .047782     2.53   0.012     .0270175    .2147229
      1#thies  |   .0439308   .0440987     1.00   0.320    -.0426872    .1305489
      1#louga  |   -.030358   .0402702    -0.75   0.451    -.1094562    .0487402
     1#fatick  |   .0127294   .0442276     0.29   0.774    -.0741419    .0996007
      1#kolda  |   .5413552   .0722491     7.49   0.000     .3994444     .683266
      1#matam  |   .1891412   .0581826     3.25   0.001     .0748598    .3034226
   1#kaffrine  |   .0021988   .0531188     0.04   0.967    -.1021363     .106534
   1#kedougou  |   .1862361   .0587192     3.17   0.002     .0709006    .3015715
    1#sedhiou  |   .4660253   .0745594     6.25   0.000     .3195767    .6124739
               |
      t#milieu |
      0#Rural  |    .254654   .0334108     7.62   0.000      .189029     .320279
      1#Rural  |   .2805434   .0332894     8.43   0.000     .2151568    .3459301
               |
         _cons |   .2123844   .0342402     6.20   0.000     .1451302    .2796385
--------------------------------------------------------------------------------

 ( 1)  1.t#1.D = 0

------------------------------------------------------------------------------
 pauvre_MODA | Coefficient  Std. err.      t    P>|t|     [95% conf. interval]
-------------+----------------------------------------------------------------
         (1) |   .0674953   .0300305     2.25   0.025     .0085097    .1264808
------------------------------------------------------------------------------
  ATT_net_chocs (0-4 ans) =   0.0675  SE =   0.0300  p = 0.0250

-- 5-14 ans --
(sum of wgt is 5,681.03290754304)

Linear regression                               Number of obs     =     16,920
                                                F(31, 575)        =      30.73
                                                Prob > F          =     0.0000
                                                R-squared         =     0.2539
                                                Root MSE          =     .43228

                                 (Std. err. adjusted for 576 clusters in grappe)
--------------------------------------------------------------------------------
               |               Robust
   pauvre_MODA | Coefficient  std. err.      t    P>|t|     [95% conf. interval]
---------------+----------------------------------------------------------------
           1.t |  -.0962749   .0340438    -2.83   0.005    -.1631403   -.0294095
           1.D |  -.2325589   .0284377    -8.18   0.000    -.2884133   -.1767044
               |
           t#D |
          1 1  |   .0675248   .0299935     2.25   0.025     .0086145     .126435
               |
      t#region |
 0#ziguinchor  |   .3428017   .1371667     2.50   0.013     .0733929    .6122105
   0#diourbel  |   .2846522   .0718274     3.96   0.000      .143576    .4257283
0#SAINT-LOUIS  |   .1417473    .058043     2.44   0.015     .0277452    .2557493
0#tambacounda  |   .3094095   .0768442     4.03   0.000     .1584799    .4603392
    0#kaolack  |   .0985181   .0494896     1.99   0.047     .0013157    .1957205
      0#thies  |   .0496164   .0556021     0.89   0.373    -.0595915    .1588243
      0#louga  |   .0721218   .0631463     1.14   0.254    -.0519038    .1961474
     0#fatick  |   .2987481   .0884186     3.38   0.001     .1250854    .4724109
      0#kolda  |   .4427378   .0585453     7.56   0.000      .327749    .5577266
      0#matam  |   .3112988   .0641543     4.85   0.000     .1852936    .4373041
   0#kaffrine  |   .3615837   .0802737     4.50   0.000     .2039182    .5192492
   0#kedougou  |   .2823708   .1245622     2.27   0.024     .0377185    .5270231
    0#sedhiou  |   .4717699   .0492749     9.57   0.000     .3749892    .5685506
 1#ziguinchor  |   .2591807   .1042083     2.49   0.013     .0545054     .463856
   1#diourbel  |   .2028703   .0643544     3.15   0.002     .0764718    .3292688
1#SAINT-LOUIS  |   .1825975   .0627564     2.91   0.004     .0593378    .3058571
1#tambacounda  |   .3366971   .0697397     4.83   0.000     .1997215    .4736728
    1#kaolack  |   .1730661    .051224     3.38   0.001     .0724573     .273675
      1#thies  |   .1853775   .0561048     3.30   0.001     .0751821    .2955728
      1#louga  |   .0061322   .0535989     0.11   0.909    -.0991414    .1114057
     1#fatick  |   .1521971   .0581717     2.62   0.009     .0379422    .2664521
      1#kolda  |   .5361255   .0567491     9.45   0.000     .4246648    .6475863
      1#matam  |   .3116585   .0592663     5.26   0.000     .1952536    .4280634
   1#kaffrine  |   .2077413   .0624439     3.33   0.001     .0850953    .3303873
   1#kedougou  |   .1901556   .0956157     1.99   0.047     .0023569    .3779543
    1#sedhiou  |   .5434656   .0690404     7.87   0.000     .4078633    .6790678
               |
      t#milieu |
      0#Rural  |   .2925884   .0344961     8.48   0.000     .2248348    .3603421
      1#Rural  |   .2793428   .0337577     8.27   0.000     .2130395    .3456462
               |
         _cons |   .3185137   .0367585     8.67   0.000     .2463163    .3907111
--------------------------------------------------------------------------------

 ( 1)  1.t#1.D = 0

------------------------------------------------------------------------------
 pauvre_MODA | Coefficient  Std. err.      t    P>|t|     [95% conf. interval]
-------------+----------------------------------------------------------------
         (1) |   .0675248   .0299935     2.25   0.025     .0086145     .126435
------------------------------------------------------------------------------
  ATT_net_chocs (5-14 ans) =   0.0675  SE =   0.0300  p = 0.0247

-- 15-17 ans --
(sum of wgt is 144)

Linear regression                               Number of obs     =        516
                                                F(25, 179)        =      22.42
                                                Prob > F          =     0.0000
                                                R-squared         =     0.3572
                                                Root MSE          =     .41067

                                 (Std. err. adjusted for 180 clusters in grappe)
--------------------------------------------------------------------------------
               |               Robust
   pauvre_MODA | Coefficient  std. err.      t    P>|t|     [95% conf. interval]
---------------+----------------------------------------------------------------
           1.t |  -.0381466   .0714667    -0.53   0.594    -.1791722     .102879
           1.D |  -.2436651    .091296    -2.67   0.008    -.4238201   -.0635102
               |
           t#D |
          1 1  |   .1192368   .0877521     1.36   0.176    -.0539249    .2923986
               |
      t#region |
   0#diourbel  |   .2927662   .2104488     1.39   0.166    -.1225136     .708046
0#SAINT-LOUIS  |   .3881467   .1706602     2.27   0.024      .051382    .7249115
0#tambacounda  |   .5480694   .1908047     2.87   0.005     .1715534    .9245855
    0#kaolack  |   .0821131   .1457635     0.56   0.574    -.2055228    .3697491
      0#thies  |     .21178   .1740538     1.22   0.225    -.1316814    .5552414
      0#louga  |   .0311613   .1310452     0.24   0.812    -.2274309    .2897534
      0#kolda  |   .9075857   .1280336     7.09   0.000     .6549362    1.160235
      0#matam  |   .5518856   .1588049     3.48   0.001     .2385151    .8652561
   0#kaffrine  |   .4619329   .2033453     2.27   0.024     .0606704    .8631953
    0#sedhiou  |    .805757   .1336197     6.03   0.000     .5420846    1.069429
   1#diourbel  |   .0819881   .2102701     0.39   0.697    -.3329391    .4969153
1#SAINT-LOUIS  |   .1715687   .1949266     0.88   0.380     -.213081    .5562185
1#tambacounda  |    .433599   .1697248     2.55   0.011     .0986801    .7685179
    1#kaolack  |  -.1174395   .1856302    -0.63   0.528    -.4837446    .2488655
      1#thies  |  -.0666862   .1353052    -0.49   0.623    -.3336846    .2003123
      1#louga  |  -.2359932   .1288634    -1.83   0.069      -.49028    .0182935
      1#kolda  |   .7113862   .1454851     4.89   0.000     .4242997    .9984727
      1#matam  |   .3914542   .1760761     2.22   0.027     .0440023    .7389061
   1#kaffrine  |   .0119905   .1617629     0.07   0.941    -.3072172    .3311981
    1#sedhiou  |   .6720198    .138069     4.87   0.000     .3995675    .9444722
               |
      t#milieu |
      0#Rural  |  -.0359806   .0958456    -0.38   0.708    -.2251133     .153152
      1#Rural  |   .2288728   .0842899     2.72   0.007     .0625431    .3952026
               |
         _cons |   .2818481   .1187032     2.37   0.019     .0476104    .5160858
--------------------------------------------------------------------------------

 ( 1)  1.t#1.D = 0

------------------------------------------------------------------------------
 pauvre_MODA | Coefficient  Std. err.      t    P>|t|     [95% conf. interval]
-------------+----------------------------------------------------------------
         (1) |   .1192368   .0877521     1.36   0.176    -.0539249    .2923986
------------------------------------------------------------------------------
  ATT_net_chocs (15-17 ans) =   0.1192  SE =   0.0878  p = 0.1759

. di "  (interactions periode x region et periode x milieu incluses)"
  (interactions periode x region et periode x milieu incluses)

. 
. /* ── Sensibilite au seuil inter-dimensionnel k ──────────────────
>    Le seuil k=4 est une convention. On reestime l'ATT en definissant la
>    pauvrete successivement a chaque seuil de 1 a 7 dimensions sur 7, pour
>    verifier que la conclusion ne depend pas du seuil retenu. */
. di _newline "=== Sensibilite de l'ATT au seuil de privation k ==="

=== Sensibilite de l'ATT au seuil de privation k ===

. di "  k        ATT      SE       p"
  k        ATT      SE       p

. forvalues k = 1/7 {
  2.     quietly gen byte pauvre_k`k' = (nb_dep >= `k') if !missing(nb_dep)
  3.     quietly regress pauvre_k`k' i.t##i.D [aw=$POIDS_PRINCIPAL], vce(cluster grappe)
  4.     quietly lincom 1.t#1.D
  5.     di "  " %1.0f `k' %11.4f r(estimate) %9.4f r(se) %8.4f r(p)
  6.     quietly drop pauvre_k`k'
  7. }
  1     0.0096   0.0071  0.1787
  2     0.0394   0.0194  0.0430
  3     0.0529   0.0248  0.0329
  4     0.0672   0.0265  0.0114
  5     0.0529   0.0254  0.0379
  6     0.0429   0.0163  0.0088
  7     0.0216   0.0068  0.0015

. 
. /* ── PSM seul (transversal, sans double difference) ─────────────
>    Decompose le PSM-DD en ses deux composantes transversales : l'ecart
>    de niveau apparie a t=0 (avant traitement) et a t=1 (apres), ponderes
>    par les poids d'appariement k-NN. Par construction,
>    ATT_PSM-DD = ecart(t=1) - ecart(t=0). Alimente le tableau "PSM seul
>    vs PSM-DD" de l'annexe A. */
. di _newline "=== PSM seul (transversal, sans DD) — decomposition du PSM-DD ==="

=== PSM seul (transversal, sans DD) — decomposition du PSM-DD ===

. di _newline "--- PSM seul, t=0 (niveau initial apparie) ---"

--- PSM seul, t=0 (niveau initial apparie) ---

. regress pauvre_MODA D [aw=$POIDS_PRINCIPAL] if t == 0, vce(cluster grappe)
(sum of wgt is 4,386)

Linear regression                               Number of obs     =     13,468
                                                F(1, 577)         =      55.41
                                                Prob > F          =     0.0000
                                                R-squared         =     0.0547
                                                Root MSE          =      .4861

                               (Std. err. adjusted for 578 clusters in grappe)
------------------------------------------------------------------------------
             |               Robust
 pauvre_MODA | Coefficient  std. err.      t    P>|t|     [95% conf. interval]
-------------+----------------------------------------------------------------
           D |  -.2338481   .0314141    -7.44   0.000    -.2955481   -.1721482
       _cons |   .6086771   .0181463    33.54   0.000     .5730363     .644318
------------------------------------------------------------------------------

. di "  ATT PSM (t=0) = " %8.4f _b[D] "  SE = " %8.4f _se[D] ///
>    "  p = " %6.4f (2*ttail(e(df_r), abs(_b[D]/_se[D])))
  ATT PSM (t=0) =  -0.2338  SE =   0.0314  p = 0.0000

. di _newline "--- PSM seul, t=1 (EHCVM II, sans DD) ---"

--- PSM seul, t=1 (EHCVM II, sans DD) ---

. regress pauvre_MODA D [aw=$POIDS_PRINCIPAL] if t == 1, vce(cluster grappe)
(sum of wgt is 4,383.03290754304)

Linear regression                               Number of obs     =     13,462
                                                F(1, 577)         =      30.35
                                                Prob > F          =     0.0000
                                                R-squared         =     0.0284
                                                Root MSE          =     .48742

                               (Std. err. adjusted for 578 clusters in grappe)
------------------------------------------------------------------------------
             |               Robust
 pauvre_MODA | Coefficient  std. err.      t    P>|t|     [95% conf. interval]
-------------+----------------------------------------------------------------
           D |  -.1666412   .0302487    -5.51   0.000    -.2260523   -.1072302
       _cons |   .5090945   .0186899    27.24   0.000     .4723859     .545803
------------------------------------------------------------------------------

. di "  ATT PSM (t=1) = " %8.4f _b[D] "  SE = " %8.4f _se[D] ///
>    "  p = " %6.4f (2*ttail(e(df_r), abs(_b[D]/_se[D])))
  ATT PSM (t=1) =  -0.1666  SE =   0.0302  p = 0.0000

. di _newline "  Rappel : ATT_PSM-DD = ATT_PSM(t=1) - ATT_PSM(t=0), par construction."

  Rappel : ATT_PSM-DD = ATT_PSM(t=1) - ATT_PSM(t=0), par construction.

. 
. /* ── Fig DD : trajectoires beneficiaires vs temoins + contrefactuel ──
>    Moyennes ponderees par les poids k-NN. Le contrefactuel applique la
>    tendance des temoins au niveau initial des beneficiaires. */
. quietly summarize pauvre_MODA if D==1 & t==0 [aw=$POIDS_PRINCIPAL]

. scalar dd_b0 = r(mean)*100

. quietly summarize pauvre_MODA if D==1 & t==1 [aw=$POIDS_PRINCIPAL]

. scalar dd_b1 = r(mean)*100

. quietly summarize pauvre_MODA if D==0 & t==0 [aw=$POIDS_PRINCIPAL]

. scalar dd_c0 = r(mean)*100

. quietly summarize pauvre_MODA if D==0 & t==1 [aw=$POIDS_PRINCIPAL]

. scalar dd_c1 = r(mean)*100

. scalar dd_cf1 = dd_b0 + (dd_c1 - dd_c0)   /* contrefactuel sous tendances paralleles */

. 
. preserve

. clear

. set obs 2
Number of observations (_N) was 0, now 2.

. gen annee   = 2018 in 1
(1 missing value generated)

. replace annee   = 2021 in 2
(1 real change made)

. gen benef   = dd_b0 in 1
(1 missing value generated)

. replace benef   = dd_b1 in 2
(1 real change made)

. gen temoin  = dd_c0 in 1
(1 missing value generated)

. replace temoin  = dd_c1 in 2
(1 real change made)

. gen contref = dd_b0 in 1
(1 missing value generated)

. replace contref = dd_cf1 in 2
(1 real change made)

. gen str8 lb_b = subinstr(string(benef,  "%3.1f"), ".", ",", 1) + " %"

. gen str8 lb_t = subinstr(string(temoin, "%3.1f"), ".", ",", 1) + " %"

. /* etiquette du contrefactuel affichee seulement en 2021 (2018 = point benef) */
. gen str8 lb_c = ""
(2 missing values generated)

. replace  lb_c = subinstr(string(contref, "%3.1f"), ".", ",", 1) + " %" in 2
(1 real change made)

. 
. /* Positions d'etiquette par point pour eviter tout chevauchement :
>    temoin au-dessus (12) ; entrants a droite du point en 2021 (3),
>    hors des courbes, en dessous en 2018 (6) ; contrefactuel en
>    dessous (6), avec un ecart accru. */
. gen byte vp_b = 6

. replace  vp_b = 3 in 2
(1 real change made)

. 
. set dp comma

. twoway (connected temoin annee, lcolor(gs7) mcolor(gs7) msymbol(square) lwidth(medthick) ///
>             mlabel(lb_t) mlabcolor(black) mlabpos(12) mlabgap(3) mlabsize(small)) ///
>        (connected benef annee, lcolor(orange) mcolor(orange) msymbol(circle) lwidth(medthick) ///
>             mlabel(lb_b) mlabcolor(black) mlabvpos(vp_b) mlabgap(3) mlabsize(small)) ///
>        (connected contref annee, lcolor(orange) lpattern(dash) msymbol(diamond_hollow) ///
>             mcolor(orange) lwidth(medthick) ///
>             mlabel(lb_c) mlabcolor(black) mlabpos(6) mlabgap(4.5) mlabsize(small)), ///
>     xlabel(2018 2021) xscale(range(2017.7 2021.8)) ///
>     xtitle("Vague EHCVM") ytitle("Incidence MODA (H, %)") ///
>     ylabel(0(20)100, grid) ///
>     legend(order(2 "Bénéficiaires" 1 "Témoins appariés" ///
>                  3 "Contrefactuel (tendances parallèles)") pos(6) rows(2)) ///
>     graphregion(color(white)) plotregion(color(white))

. set dp period

. graph export "$OUTPUT/figures/fig_dd_trajectoires.pdf", replace
file code/stata/output/figures/fig_dd_trajectoires.pdf saved as PDF format

. di ">>> fig_dd_trajectoires.pdf sauvegardé"
>>> fig_dd_trajectoires.pdf sauvegardé

. restore

. 
. /* ============================================================
>    6. Heterogeneite
>    ============================================================ */
. 
. di _newline "=== Heterogeneite par milieu ==="

=== Heterogeneite par milieu ===

. foreach mil in 1 2 {
  2.     if `mil' == 1 local lab_mil "Urbain"
  3.     else          local lab_mil "Rural"
  4. 
.     foreach outcome in pauvre_MODA {
  5.         quietly count if milieu == `mil'
  6.         if r(N) > 30 {
  7.             di _newline "--- `lab_mil' — `outcome' ---"
  8.             regress `outcome' i.t##i.D [aw=$POIDS_PRINCIPAL] if milieu == `mil', ///
>                 vce(cluster grappe)
  9.             lincom 1.t#1.D
 10.             di "  ATT = " %8.4f r(estimate) "  p = " %6.4f r(p)
 11.         }
 12.     }
 13. }

--- Urbain — pauvre_MODA ---
(sum of wgt is 4,949.76604628862)

Linear regression                               Number of obs     =     11,076
                                                F(3, 317)         =      28.45
                                                Prob > F          =     0.0000
                                                R-squared         =     0.0512
                                                Root MSE          =     .45102

                               (Std. err. adjusted for 318 clusters in grappe)
------------------------------------------------------------------------------
             |               Robust
 pauvre_MODA | Coefficient  std. err.      t    P>|t|     [95% conf. interval]
-------------+----------------------------------------------------------------
         1.t |  -.1101597   .0198913    -5.54   0.000    -.1492953   -.0710242
         1.D |  -.2360041   .0345261    -6.84   0.000    -.3039332   -.1680749
             |
         t#D |
        1 1  |   .0845597   .0331198     2.55   0.011     .0193972    .1497222
             |
       _cons |   .4640041   .0264711    17.53   0.000     .4119228    .5160853
------------------------------------------------------------------------------

 ( 1)  1.t#1.D = 0

------------------------------------------------------------------------------
 pauvre_MODA | Coefficient  Std. err.      t    P>|t|     [95% conf. interval]
-------------+----------------------------------------------------------------
         (1) |   .0845597   .0331198     2.55   0.011     .0193972    .1497222
------------------------------------------------------------------------------
  ATT =   0.0846  p = 0.0111

--- Rural — pauvre_MODA ---
(sum of wgt is 3,819.26686125442)

Linear regression                               Number of obs     =     15,854
                                                F(3, 259)         =      16.62
                                                Prob > F          =     0.0000
                                                R-squared         =     0.0491
                                                Root MSE          =     .46514

                               (Std. err. adjusted for 260 clusters in grappe)
------------------------------------------------------------------------------
             |               Robust
 pauvre_MODA | Coefficient  std. err.      t    P>|t|     [95% conf. interval]
-------------+----------------------------------------------------------------
         1.t |  -.0865905   .0164782    -5.25   0.000    -.1190387   -.0541422
         1.D |  -.2227406   .0488841    -4.56   0.000    -.3190015   -.1264796
             |
         t#D |
        1 1  |   .0452331   .0433364     1.04   0.298    -.0401035    .1305697
             |
       _cons |   .7921997   .0177515    44.63   0.000     .7572442    .8271553
------------------------------------------------------------------------------

 ( 1)  1.t#1.D = 0

------------------------------------------------------------------------------
 pauvre_MODA | Coefficient  Std. err.      t    P>|t|     [95% conf. interval]
-------------+----------------------------------------------------------------
         (1) |   .0452331   .0433364     1.04   0.298    -.0401035    .1305697
------------------------------------------------------------------------------
  ATT =   0.0452  p = 0.2976

. 
. di _newline "Test d'egalite (urbain vs rural) :"

Test d'egalite (urbain vs rural) :

. gen byte urban = (milieu == 1)

. foreach outcome in pauvre_MODA {
  2.     regress `outcome' i.t##i.D##i.urban [aw=$POIDS_PRINCIPAL], vce(cluster grappe)
  3.     lincom 1.t#1.D#1.urban
  4.     di "  Diff ATT (urbain - rural) : " %8.4f r(estimate) "  p = " %6.4f r(p)
  5. }
(sum of wgt is 8,769.03290754304)

Linear regression                               Number of obs     =     26,930
                                                F(7, 577)         =      66.35
                                                Prob > F          =     0.0000
                                                R-squared         =     0.1583
                                                Root MSE          =     .45722

                               (Std. err. adjusted for 578 clusters in grappe)
------------------------------------------------------------------------------
             |               Robust
 pauvre_MODA | Coefficient  std. err.      t    P>|t|     [95% conf. interval]
-------------+----------------------------------------------------------------
         1.t |  -.0865905   .0164613    -5.26   0.000    -.1189218   -.0542591
         1.D |  -.2227406    .048834    -4.56   0.000    -.3186546   -.1268265
             |
         t#D |
        1 1  |   .0452331    .043292     1.04   0.297     -.039796    .1302622
             |
     1.urban |  -.3281957   .0318463   -10.31   0.000    -.3907445   -.2656469
             |
     t#urban |
        1 1  |  -.0235693   .0258084    -0.91   0.361    -.0742591    .0271205
             |
     D#urban |
        1 1  |  -.0132635   .0597922    -0.22   0.825    -.1307004    .1041734
             |
   t#D#urban |
      1 1 1  |   .0393267   .0544936     0.72   0.471    -.0677034    .1463567
             |
       _cons |   .7921997   .0177333    44.67   0.000     .7573701    .8270293
------------------------------------------------------------------------------

 ( 1)  1.t#1.D#1.urban = 0

------------------------------------------------------------------------------
 pauvre_MODA | Coefficient  Std. err.      t    P>|t|     [95% conf. interval]
-------------+----------------------------------------------------------------
         (1) |   .0393267   .0544936     0.72   0.471    -.0677034    .1463567
------------------------------------------------------------------------------
  Diff ATT (urbain - rural) :   0.0393  p = 0.4708

. drop urban

. 
. /* -- Par genre du chef de menage (hgender : 1 homme, 2 femme) -- */
. di _newline "=== Heterogeneite par genre du chef de menage ==="

=== Heterogeneite par genre du chef de menage ===

. capture confirm variable hgender

. if _rc == 0 {
.     foreach outcome in pauvre_MODA {
  2.         foreach h in 1 2 {
  3.             if `h' == 1 local lab_h "Chef homme"
  4.             else        local lab_h "Chef femme"
  5.             quietly count if hgender == `h'
  6.             if r(N) > 30 {
  7.                 di "--- `lab_h' — `outcome' ---"
  8.                 regress `outcome' i.t##i.D [aw=$POIDS_PRINCIPAL] if hgender == `h', ///
>                     vce(cluster grappe)
  9.                 lincom 1.t#1.D
 10.                 di "  ATT = " %8.4f r(estimate) "  p = " %6.4f r(p)
 11.             }
 12.         }
 13.     }
--- Chef homme — pauvre_MODA ---
(sum of wgt is 6,219.28536018526)

Linear regression                               Number of obs     =     21,809
                                                F(3, 563)         =      22.72
                                                Prob > F          =     0.0000
                                                R-squared         =     0.0369
                                                Root MSE          =     .49074

                               (Std. err. adjusted for 564 clusters in grappe)
------------------------------------------------------------------------------
             |               Robust
 pauvre_MODA | Coefficient  std. err.      t    P>|t|     [95% conf. interval]
-------------+----------------------------------------------------------------
         1.t |  -.0931447   .0149738    -6.22   0.000     -.122556   -.0637333
         1.D |  -.2059198   .0392462    -5.25   0.000    -.2830066   -.1288329
             |
         t#D |
        1 1  |   .0551781   .0318868     1.73   0.084    -.0074534    .1178097
             |
       _cons |   .6357782   .0196522    32.35   0.000     .5971777    .6743788
------------------------------------------------------------------------------

 ( 1)  1.t#1.D = 0

------------------------------------------------------------------------------
 pauvre_MODA | Coefficient  Std. err.      t    P>|t|     [95% conf. interval]
-------------+----------------------------------------------------------------
         (1) |   .0551781   .0318868     1.73   0.084    -.0074534    .1178097
------------------------------------------------------------------------------
  ATT =   0.0552  p = 0.0841
--- Chef femme — pauvre_MODA ---
(sum of wgt is 2,549.74754735778)

Linear regression                               Number of obs     =      5,121
                                                F(3, 406)         =      25.27
                                                Prob > F          =     0.0000
                                                R-squared         =     0.0772
                                                Root MSE          =     .46069

                               (Std. err. adjusted for 407 clusters in grappe)
------------------------------------------------------------------------------
             |               Robust
 pauvre_MODA | Coefficient  std. err.      t    P>|t|     [95% conf. interval]
-------------+----------------------------------------------------------------
         1.t |  -.1155315   .0297383    -3.88   0.000    -.1739917   -.0570714
         1.D |  -.3014623   .0398952    -7.56   0.000    -.3798893   -.2230353
             |
         t#D |
        1 1  |   .0967522   .0494759     1.96   0.051    -.0005087    .1940131
             |
       _cons |   .5424638   .0296841    18.27   0.000     .4841102    .6008175
------------------------------------------------------------------------------

 ( 1)  1.t#1.D = 0

------------------------------------------------------------------------------
 pauvre_MODA | Coefficient  Std. err.      t    P>|t|     [95% conf. interval]
-------------+----------------------------------------------------------------
         (1) |   .0967522   .0494759     1.96   0.051    -.0005087    .1940131
------------------------------------------------------------------------------
  ATT =   0.0968  p = 0.0512
. 
.     di _newline "Test d'egalite (chef femme vs chef homme) :"

Test d'egalite (chef femme vs chef homme) :
.     gen byte chef_fem = (hgender == 2) if !missing(hgender)
.     foreach outcome in pauvre_MODA {
  2.         regress `outcome' i.t##i.D##i.chef_fem [aw=$POIDS_PRINCIPAL], vce(cluster grappe)
  3.         lincom 1.t#1.D#1.chef_fem
  4.         di "  Diff ATT (chef femme - chef homme) : " %8.4f r(estimate) ///
>            "  p = " %6.4f r(p)
  5.     }
(sum of wgt is 8,769.03290754304)

Linear regression                               Number of obs     =     26,930
                                                F(7, 577)         =      31.88
                                                Prob > F          =     0.0000
                                                R-squared         =     0.0639
                                                Root MSE          =     .48219

                               (Std. err. adjusted for 578 clusters in grappe)
------------------------------------------------------------------------------
             |               Robust
 pauvre_MODA | Coefficient  std. err.      t    P>|t|     [95% conf. interval]
-------------+----------------------------------------------------------------
         1.t |  -.0931447   .0149744    -6.22   0.000    -.1225556   -.0637337
         1.D |  -.2059198   .0392478    -5.25   0.000    -.2830057   -.1288339
             |
         t#D |
        1 1  |   .0551781    .031888     1.73   0.084    -.0074526    .1178089
             |
  1.chef_fem |  -.0933144   .0314399    -2.97   0.003     -.155065   -.0315638
             |
  t#chef_fem |
        1 1  |  -.0223869   .0340696    -0.66   0.511    -.0893024    .0445286
             |
  D#chef_fem |
        1 1  |  -.0955425   .0542215    -1.76   0.079     -.202038     .010953
             |
t#D#chef_fem |
      1 1 1  |   .0415741   .0594202     0.70   0.484    -.0751321    .1582802
             |
       _cons |   .6357782    .019653    32.35   0.000     .5971782    .6743783
------------------------------------------------------------------------------

 ( 1)  1.t#1.D#1.chef_fem = 0

------------------------------------------------------------------------------
 pauvre_MODA | Coefficient  Std. err.      t    P>|t|     [95% conf. interval]
-------------+----------------------------------------------------------------
         (1) |   .0415741   .0594202     0.70   0.484    -.0751321    .1582802
------------------------------------------------------------------------------
  Diff ATT (chef femme - chef homme) :   0.0416  p = 0.4844
.     drop chef_fem
. }

. 
. di _newline "=== Heterogeneite par groupe d'age (groupe fige en 2018) ==="

=== Heterogeneite par groupe d'age (groupe fige en 2018) ===

. foreach g in 1 2 3 {
  2.     foreach outcome in pauvre_MODA {
  3.         quietly count if groupe_base == `g'
  4.         if r(N) > 30 {
  5.             di "--- Groupe `g' — `outcome' ---"
  6.             quietly count if groupe_base == `g' & groupe_moda != groupe_base
  7.             local n_chg = r(N)
  8.             quietly count if groupe_base == `g'
  9.             di "  Observations changeant de groupe d'age entre les vagues : " ///
>                %5.1f 100*`n_chg'/r(N) "%"
 10.             regress `outcome' i.t##i.D [aw=$POIDS_PRINCIPAL] if groupe_base == `g', ///
>                 vce(cluster grappe)
 11.             lincom 1.t#1.D
 12.             di "  ATT = " %8.4f r(estimate) "  p = " %6.4f r(p)
 13.         }
 14.     }
 15. }
--- Groupe 1 — pauvre_MODA ---
  Observations changeant de groupe d'age entre les vagues :  32.9%
(sum of wgt is 2,944)

Linear regression                               Number of obs     =      9,494
                                                F(3, 563)         =      23.21
                                                Prob > F          =     0.0000
                                                R-squared         =     0.0478
                                                Root MSE          =     .47179

                               (Std. err. adjusted for 564 clusters in grappe)
------------------------------------------------------------------------------
             |               Robust
 pauvre_MODA | Coefficient  std. err.      t    P>|t|     [95% conf. interval]
-------------+----------------------------------------------------------------
         1.t |   -.109597   .0174163    -6.29   0.000    -.1438057   -.0753882
         1.D |  -.2264656   .0387244    -5.85   0.000    -.3025276   -.1504037
             |
         t#D |
        1 1  |     .06476   .0326804     1.98   0.048     .0005695    .1289505
             |
       _cons |     .52402   .0226426    23.14   0.000     .4795456    .5684944
------------------------------------------------------------------------------

 ( 1)  1.t#1.D = 0

------------------------------------------------------------------------------
 pauvre_MODA | Coefficient  Std. err.      t    P>|t|     [95% conf. interval]
-------------+----------------------------------------------------------------
         (1) |     .06476   .0326804     1.98   0.048     .0005695    .1289505
------------------------------------------------------------------------------
  ATT =   0.0648  p = 0.0480
--- Groupe 2 — pauvre_MODA ---
  Observations changeant de groupe d'age entre les vagues :  11.4%
(sum of wgt is 5,681.03290754304)

Linear regression                               Number of obs     =     16,920
                                                F(3, 575)         =      32.38
                                                Prob > F          =     0.0000
                                                R-squared         =     0.0465
                                                Root MSE          =     .48829

                               (Std. err. adjusted for 576 clusters in grappe)
------------------------------------------------------------------------------
             |               Robust
 pauvre_MODA | Coefficient  std. err.      t    P>|t|     [95% conf. interval]
-------------+----------------------------------------------------------------
         1.t |  -.0938038   .0147005    -6.38   0.000     -.122677   -.0649305
         1.D |  -.2377936   .0329103    -7.23   0.000    -.3024328   -.1731545
             |
         t#D |
        1 1  |    .067062   .0306356     2.19   0.029     .0068907    .1272334
             |
       _cons |    .650883   .0184278    35.32   0.000     .6146889    .6870771
------------------------------------------------------------------------------

 ( 1)  1.t#1.D = 0

------------------------------------------------------------------------------
 pauvre_MODA | Coefficient  Std. err.      t    P>|t|     [95% conf. interval]
-------------+----------------------------------------------------------------
         (1) |    .067062   .0306356     2.19   0.029     .0068907    .1272334
------------------------------------------------------------------------------
  ATT =   0.0671  p = 0.0290
--- Groupe 3 — pauvre_MODA ---
  Observations changeant de groupe d'age entre les vagues :  14.7%
(sum of wgt is 144)

Linear regression                               Number of obs     =        516
                                                F(3, 179)         =       2.80
                                                Prob > F          =     0.0416
                                                R-squared         =     0.0359
                                                Root MSE          =       .492

                               (Std. err. adjusted for 180 clusters in grappe)
------------------------------------------------------------------------------
             |               Robust
 pauvre_MODA | Coefficient  std. err.      t    P>|t|     [95% conf. interval]
-------------+----------------------------------------------------------------
         1.t |  -.1189969   .0533964    -2.23   0.027    -.2243642   -.0136296
         1.D |  -.2290409   .1060381    -2.16   0.032    -.4382865   -.0197954
             |
         t#D |
        1 1  |   .1189969    .095367     1.25   0.214    -.0691913    .3071851
             |
       _cons |   .6734854   .0653173    10.31   0.000     .5445943    .8023764
------------------------------------------------------------------------------

 ( 1)  1.t#1.D = 0

------------------------------------------------------------------------------
 pauvre_MODA | Coefficient  Std. err.      t    P>|t|     [95% conf. interval]
-------------+----------------------------------------------------------------
         (1) |   .1189969    .095367     1.25   0.214    -.0691913    .3071851
------------------------------------------------------------------------------
  ATT =   0.1190  p = 0.2137

. 
. /* Trois groupes : un test joint d'abord (les trois ATT sont-ils egaux ?),
>    puis les ecarts a la reference 0-4 ans, groupe sur lequel se concentre
>    l'effet. */
. di _newline "Test d'egalite des ATT entre groupes d'age :"

Test d'egalite des ATT entre groupes d'age :

. foreach outcome in pauvre_MODA {
  2.     regress `outcome' i.t##i.D##ib1.groupe_base [aw=$POIDS_PRINCIPAL], ///
>         vce(cluster grappe)
  3.     testparm i.t#i.D#i.groupe_base
  4.     di "  Test joint d'egalite des trois ATT : F = " %6.2f r(F) ///
>        "  p = " %6.4f r(p)
  5.     foreach g in 2 3 {
  6.         if `g' == 2 local lab_g "5-14 ans"
  7.         else        local lab_g "15-17 ans"
  8.         capture lincom 1.t#1.D#`g'.groupe_base
  9.         if _rc == 0 {
 10.             di "  Diff ATT (`lab_g' - 0-4 ans) : " %8.4f r(estimate) ///
>                "  p = " %6.4f r(p)
 11.         }
 12.     }
 13. }
(sum of wgt is 8,769.03290754304)

Linear regression                               Number of obs     =     26,930
                                                F(11, 577)        =      19.62
                                                Prob > F          =     0.0000
                                                R-squared         =     0.0613
                                                Root MSE          =     .48288

                                  (Std. err. adjusted for 578 clusters in grappe)
---------------------------------------------------------------------------------
                |               Robust
    pauvre_MODA | Coefficient  std. err.      t    P>|t|     [95% conf. interval]
----------------+----------------------------------------------------------------
            1.t |   -.109597   .0174167    -6.29   0.000    -.1438048   -.0753891
            1.D |  -.2264656   .0387254    -5.85   0.000    -.3025255   -.1504057
                |
            t#D |
           1 1  |     .06476   .0326812     1.98   0.048     .0005713    .1289487
                |
    groupe_base |
      5-14 ans  |    .126863   .0168567     7.53   0.000     .0937551     .159971
     15-17 ans  |   .1494654   .0655055     2.28   0.023     .0208072    .2781236
                |
  t#groupe_base |
    1#5-14 ans  |   .0157932   .0172308     0.92   0.360    -.0180496     .049636
   1#15-17 ans  |  -.0093999   .0543193    -0.17   0.863    -.1160877    .0972878
                |
  D#groupe_base |
    1#5-14 ans  |   -.011328   .0318318    -0.36   0.722    -.0738484    .0511923
   1#15-17 ans  |  -.0025753   .1040786    -0.02   0.980    -.2069944    .2018438
                |
t#D#groupe_base |
  1#1#5-14 ans  |    .002302   .0344626     0.07   0.947    -.0653854    .0699894
 1#1#15-17 ans  |   .0542369   .1018329     0.53   0.595    -.1457715    .2542452
                |
          _cons |     .52402   .0226432    23.14   0.000     .4795468    .5684931
---------------------------------------------------------------------------------

 ( 1)  1.t#1.D#2.groupe_base = 0
 ( 2)  1.t#1.D#3.groupe_base = 0

       F(  2,   577) =    0.15
            Prob > F =    0.8607
  Test joint d'egalite des trois ATT : F =   0.15  p = 0.8607
  Diff ATT (5-14 ans - 0-4 ans) :   0.0023  p = 0.9468
  Diff ATT (15-17 ans - 0-4 ans) :   0.0542  p = 0.5945

. 
. /* -- 6d. Par quintile de montant de transferts --------------
>    H2 porte aussi sur l'intensite du traitement : un transfert plus eleve
>    produit-il un effet different ? Les quintiles sont definis sur la
>    distribution du montant annuel PARMI LES MENAGES BENEFICIAIRES ; chaque
>    quintile d'enfants traites est ensuite compare a l'ensemble des enfants
>    temoins apparies. Les quintiles sont preferes aux deciles : avec environ
>    2 600 enfants traites, un decoupage en dix laisserait des sous-groupes
>    trop petits pour une inference exploitable. */
. di _newline "=== Heterogeneite par quintile de montant de transferts ==="

=== Heterogeneite par quintile de montant de transferts ===

. 
. /* Quintiles construits au niveau MENAGE beneficiaire (un menage = un
>    montant), pour que le decoupage ne soit pas deforme par le nombre
>    d'enfants du menage. */
. preserve

.     keep if D == 1 & t == 0 & !missing(montant_transf)
(25,272 observations deleted)

.     bysort grappe menage: keep if _n == 1
(1,292 observations deleted)

.     xtile q_montant = montant_transf, nquantiles(5)

.     keep grappe menage q_montant montant_transf

.     tempfile quintiles

.     save `quintiles'
file C:\Users\Bmd\AppData\Local\Temp\ST_4dd8_000016.tmp saved as .dta format

.     di "  Bornes des quintiles de montant annuel (FCFA) :"
  Bornes des quintiles de montant annuel (FCFA) :

.     forvalues q = 1/5 {
  2.         quietly summarize montant_transf if q_montant == `q', detail
  3.         di "    Q`q' : " %10.0f r(min) " a " %10.0f r(max) ///
>            "  (mediane " %10.0f r(p50) ", n=" %4.0f r(N) " menages)"
  4.     }
    Q1 :       5000 a     170000  (mediane      55000, n=  75 menages)
    Q2 :     180000 a     705000  (mediane     415000, n=  74 menages)
    Q3 :     710000 a    1200000  (mediane     900000, n=  75 menages)
    Q4 :    1250000 a    2400000  (mediane    1800000, n=  94 menages)
    Q5 :    2490000 a    8400000  (mediane    3940000, n=  54 menages)

. restore

. 
. merge m:1 grappe menage using `quintiles', ///
>     keepusing(q_montant) keep(master match) nogenerate

    Result                      Number of obs
    -----------------------------------------
    Not matched                        23,608
        from master                    23,608  
        from using                          0  

    Matched                             3,328  
    -----------------------------------------

. 
. foreach outcome in pauvre_MODA {
  2.     forvalues q = 1/5 {
  3.         quietly count if q_montant == `q' & !missing($POIDS_PRINCIPAL)
  4.         if r(N) > 30 {
  5.             di _newline "--- Quintile `q' — `outcome' ---"
  6.             regress `outcome' i.t##i.D [aw=$POIDS_PRINCIPAL] ///
>                 if D == 0 | q_montant == `q', vce(cluster grappe)
  7.             lincom 1.t#1.D
  8.             di "  ATT = " %8.4f r(estimate) "  SE = " %8.4f r(se) ///
>                "  p = " %6.4f r(p)
  9.         }
 10.     }
 11. }

--- Quintile 1 — pauvre_MODA ---
(sum of wgt is 5,085.03290754304)

Linear regression                               Number of obs     =     23,246
                                                F(3, 566)         =      18.94
                                                Prob > F          =     0.0000
                                                R-squared         =     0.0100
                                                Root MSE          =     .49485

                               (Std. err. adjusted for 567 clusters in grappe)
------------------------------------------------------------------------------
             |               Robust
 pauvre_MODA | Coefficient  std. err.      t    P>|t|     [95% conf. interval]
-------------+----------------------------------------------------------------
         1.t |  -.0995827   .0132979    -7.49   0.000     -.125702   -.0734634
         1.D |  -.1157996   .0687255    -1.68   0.093    -.2507878    .0191885
             |
         t#D |
        1 1  |   .1280727   .0589025     2.17   0.030     .0123785    .2437669
             |
       _cons |   .6086771   .0181471    33.54   0.000     .5730333     .644321
------------------------------------------------------------------------------

 ( 1)  1.t#1.D = 0

------------------------------------------------------------------------------
 pauvre_MODA | Coefficient  Std. err.      t    P>|t|     [95% conf. interval]
-------------+----------------------------------------------------------------
         (1) |   .1280727   .0589025     2.17   0.030     .0123785    .2437669
------------------------------------------------------------------------------
  ATT =   0.1281  SE =   0.0589  p = 0.0301

--- Quintile 2 — pauvre_MODA ---
(sum of wgt is 5,061.03290754304)

Linear regression                               Number of obs     =     23,222
                                                F(3, 566)         =      20.14
                                                Prob > F          =     0.0000
                                                R-squared         =     0.0110
                                                Root MSE          =     .49474

                               (Std. err. adjusted for 567 clusters in grappe)
------------------------------------------------------------------------------
             |               Robust
 pauvre_MODA | Coefficient  std. err.      t    P>|t|     [95% conf. interval]
-------------+----------------------------------------------------------------
         1.t |  -.0995827   .0132979    -7.49   0.000     -.125702   -.0734634
         1.D |  -.0836034   .0691733    -1.21   0.227    -.2194711    .0522644
             |
         t#D |
        1 1  |   .0405856   .0524666     0.77   0.440    -.0624673    .1436386
             |
       _cons |   .6086771   .0181471    33.54   0.000     .5730333     .644321
------------------------------------------------------------------------------

 ( 1)  1.t#1.D = 0

------------------------------------------------------------------------------
 pauvre_MODA | Coefficient  Std. err.      t    P>|t|     [95% conf. interval]
-------------+----------------------------------------------------------------
         (1) |   .0405856   .0524666     0.77   0.440    -.0624673    .1436386
------------------------------------------------------------------------------
  ATT =   0.0406  SE =   0.0525  p = 0.4395

--- Quintile 3 — pauvre_MODA ---
(sum of wgt is 5,059.03290754304)

Linear regression                               Number of obs     =     23,220
                                                F(3, 563)         =      23.51
                                                Prob > F          =     0.0000
                                                R-squared         =     0.0248
                                                Root MSE          =     .49267

                               (Std. err. adjusted for 564 clusters in grappe)
------------------------------------------------------------------------------
             |               Robust
 pauvre_MODA | Coefficient  std. err.      t    P>|t|     [95% conf. interval]
-------------+----------------------------------------------------------------
         1.t |  -.0995827    .013298    -7.49   0.000    -.1257024   -.0734629
         1.D |  -.2418132   .0694935    -3.48   0.001    -.3783114    -.105315
             |
         t#D |
        1 1  |    .111417   .0847304     1.31   0.189    -.0550094    .2778433
             |
       _cons |   .6086771   .0181472    33.54   0.000     .5730327    .6443216
------------------------------------------------------------------------------

 ( 1)  1.t#1.D = 0

------------------------------------------------------------------------------
 pauvre_MODA | Coefficient  Std. err.      t    P>|t|     [95% conf. interval]
-------------+----------------------------------------------------------------
         (1) |    .111417   .0847304     1.31   0.189    -.0550094    .2778433
------------------------------------------------------------------------------
  ATT =   0.1114  SE =   0.0847  p = 0.1891

--- Quintile 4 — pauvre_MODA ---
(sum of wgt is 5,167.03290754304)

Linear regression                               Number of obs     =     23,328
                                                F(3, 567)         =      68.88
                                                Prob > F          =     0.0000
                                                R-squared         =     0.0855
                                                Root MSE          =      .4782

                               (Std. err. adjusted for 568 clusters in grappe)
------------------------------------------------------------------------------
             |               Robust
 pauvre_MODA | Coefficient  std. err.      t    P>|t|     [95% conf. interval]
-------------+----------------------------------------------------------------
         1.t |  -.0995827   .0132979    -7.49   0.000    -.1257018   -.0734635
         1.D |  -.4454118   .0416519   -10.69   0.000    -.5272228   -.3636009
             |
         t#D |
        1 1  |   .1174398   .0498629     2.36   0.019     .0195012    .2153784
             |
       _cons |   .6086771   .0181471    33.54   0.000     .5730335    .6443208
------------------------------------------------------------------------------

 ( 1)  1.t#1.D = 0

------------------------------------------------------------------------------
 pauvre_MODA | Coefficient  Std. err.      t    P>|t|     [95% conf. interval]
-------------+----------------------------------------------------------------
         (1) |   .1174398   .0498629     2.36   0.019     .0195012    .2153784
------------------------------------------------------------------------------
  ATT =   0.1174  SE =   0.0499  p = 0.0188

--- Quintile 5 — pauvre_MODA ---
(sum of wgt is 4,871.03290754304)

Linear regression                               Number of obs     =     23,032
                                                F(3, 565)         =      28.38
                                                Prob > F          =     0.0000
                                                R-squared         =     0.0426
                                                Root MSE          =     .48848

                               (Std. err. adjusted for 566 clusters in grappe)
------------------------------------------------------------------------------
             |               Robust
 pauvre_MODA | Coefficient  std. err.      t    P>|t|     [95% conf. interval]
-------------+----------------------------------------------------------------
         1.t |  -.0995827   .0132979    -7.49   0.000    -.1257021   -.0734632
         1.D |  -.3176935   .0944809    -3.36   0.001    -.5032702   -.1321169
             |
         t#D |
        1 1  |   .0299105   .0513918     0.58   0.561    -.0710318    .1308529
             |
       _cons |   .6086771   .0181471    33.54   0.000      .573033    .6443212
------------------------------------------------------------------------------

 ( 1)  1.t#1.D = 0

------------------------------------------------------------------------------
 pauvre_MODA | Coefficient  Std. err.      t    P>|t|     [95% conf. interval]
-------------+----------------------------------------------------------------
         (1) |   .0299105   .0513918     0.58   0.561    -.0710318    .1308529
------------------------------------------------------------------------------
  ATT =   0.0299  SE =   0.0514  p = 0.5608

. 
. /* Test continu : l'effet varie-t-il avec le logarithme du montant ?
>    Estime sur les seuls enfants traites, la reference etant l'ecart de
>    trajectoire moyen. Plus puissant que la comparaison par quintiles, qui
>    decoupe l'information. */
. di _newline "Effet dose-reponse (montant en logarithme, enfants traites) :"

Effet dose-reponse (montant en logarithme, enfants traites) :

. quietly gen double log_montant = log(montant_transf) if montant_transf > 0

. regress pauvre_MODA i.t##c.log_montant [aw=$POIDS_PRINCIPAL] if D == 1, ///
>     vce(cluster grappe)
(sum of wgt is 3,328)

Linear regression                               Number of obs     =      3,328
                                                F(3, 225)         =       7.05
                                                Prob > F          =     0.0002
                                                R-squared         =     0.0498
                                                Root MSE          =     .46867

                                  (Std. err. adjusted for 226 clusters in grappe)
---------------------------------------------------------------------------------
                |               Robust
    pauvre_MODA | Coefficient  std. err.      t    P>|t|     [95% conf. interval]
----------------+----------------------------------------------------------------
            1.t |   .1305415   .2483651     0.53   0.600    -.3588777    .6199607
    log_montant |  -.0628632   .0217602    -2.89   0.004    -.1057431   -.0199833
                |
t#c.log_montant |
             1  |  -.0105265   .0184361    -0.57   0.569     -.046856     .025803
                |
          _cons |   1.203588   .2899159     4.15   0.000     .6322906    1.774886
---------------------------------------------------------------------------------

. lincom 1.t#c.log_montant

 ( 1)  1.t#c.log_montant = 0

------------------------------------------------------------------------------
 pauvre_MODA | Coefficient  Std. err.      t    P>|t|     [95% conf. interval]
-------------+----------------------------------------------------------------
         (1) |  -.0105265   .0184361    -0.57   0.569     -.046856     .025803
------------------------------------------------------------------------------

. di "  Pente dose-reponse = " %8.4f r(estimate) "  SE = " %8.4f r(se) ///
>    "  p = " %6.4f r(p)
  Pente dose-reponse =  -0.0105  SE =   0.0184  p = 0.5686

. drop log_montant

. 
. /* ============================================================
>    7. Robustesse
>    ============================================================ */
. 
. di _newline "=== Comparaison des trois methodes d'appariement ==="

=== Comparaison des trois methodes d'appariement ===

. /* Les trois poids sont deja portes par panel_enfants_psm.dta (niveau enfant) */
. foreach poids_var in weight_knn weight_kernel weight_caliper {
  2.     foreach outcome in pauvre_MODA {
  3.         quietly count if !missing(`poids_var') & `poids_var' > 0
  4.         if r(N) > 0 {
  5.             regress `outcome' i.t##i.D [aw=`poids_var'] ///
>                 if `poids_var' > 0, vce(cluster grappe)
  6.             lincom 1.t#1.D
  7.             di "  `poids_var' — `outcome' : ATT=" %8.4f r(estimate) ///
>                "  p=" %6.4f r(p)
  8.         }
  9.     }
 10. }
(sum of wgt is 8,771.75)

Linear regression                               Number of obs     =      9,945
                                                F(3, 520)         =      27.63
                                                Prob > F          =     0.0000
                                                R-squared         =     0.0414
                                                Root MSE          =     .48726

                               (Std. err. adjusted for 521 clusters in grappe)
------------------------------------------------------------------------------
             |               Robust
 pauvre_MODA | Coefficient  std. err.      t    P>|t|     [95% conf. interval]
-------------+----------------------------------------------------------------
         1.t |  -.1143997    .019115    -5.98   0.000    -.1519518   -.0768477
         1.D |  -.2251482    .033354    -6.75   0.000    -.2906733   -.1596231
             |
         t#D |
        1 1  |    .082024   .0293223     2.80   0.005     .0244192    .1396287
             |
       _cons |   .5999772   .0231298    25.94   0.000     .5545378    .6454166
------------------------------------------------------------------------------

 ( 1)  1.t#1.D = 0

------------------------------------------------------------------------------
 pauvre_MODA | Coefficient  Std. err.      t    P>|t|     [95% conf. interval]
-------------+----------------------------------------------------------------
         (1) |    .082024   .0293223     2.80   0.005     .0244192    .1396287
------------------------------------------------------------------------------
  weight_knn — pauvre_MODA : ATT=  0.0820  p=0.0053
(sum of wgt is 8,769.03290754304)

Linear regression                               Number of obs     =     26,930
                                                F(3, 577)         =      37.71
                                                Prob > F          =     0.0000
                                                R-squared         =     0.0459
                                                Root MSE          =     .48676

                               (Std. err. adjusted for 578 clusters in grappe)
------------------------------------------------------------------------------
             |               Robust
 pauvre_MODA | Coefficient  std. err.      t    P>|t|     [95% conf. interval]
-------------+----------------------------------------------------------------
         1.t |  -.0995827   .0132976    -7.49   0.000    -.1257002   -.0734651
         1.D |  -.2338481   .0314147    -7.44   0.000    -.2955492    -.172147
             |
         t#D |
        1 1  |   .0672069   .0264877     2.54   0.011     .0151829     .119231
             |
       _cons |   .6086771   .0181466    33.54   0.000     .5730356    .6443186
------------------------------------------------------------------------------

 ( 1)  1.t#1.D = 0

------------------------------------------------------------------------------
 pauvre_MODA | Coefficient  Std. err.      t    P>|t|     [95% conf. interval]
-------------+----------------------------------------------------------------
         (1) |   .0672069   .0264877     2.54   0.011     .0151829     .119231
------------------------------------------------------------------------------
  weight_kernel — pauvre_MODA : ATT=  0.0672  p=0.0114
(sum of wgt is 8,692)

Linear regression                               Number of obs     =      8,692
                                                F(3, 475)         =      26.45
                                                Prob > F          =     0.0000
                                                R-squared         =     0.0399
                                                Root MSE          =     .48754

                               (Std. err. adjusted for 476 clusters in grappe)
------------------------------------------------------------------------------
             |               Robust
 pauvre_MODA | Coefficient  std. err.      t    P>|t|     [95% conf. interval]
-------------+----------------------------------------------------------------
         1.t |  -.0998619   .0177846    -5.62   0.000    -.1348081   -.0649158
         1.D |  -.2172112   .0337903    -6.43   0.000    -.2836081   -.1508144
             |
         t#D |
        1 1  |   .0658076   .0288559     2.28   0.023     .0091066    .1225087
             |
       _cons |   .5918086   .0218773    27.05   0.000     .5488204    .6347967
------------------------------------------------------------------------------

 ( 1)  1.t#1.D = 0

------------------------------------------------------------------------------
 pauvre_MODA | Coefficient  Std. err.      t    P>|t|     [95% conf. interval]
-------------+----------------------------------------------------------------
         (1) |   .0658076   .0288559     2.28   0.023     .0091066    .1225087
------------------------------------------------------------------------------
  weight_caliper — pauvre_MODA : ATT=  0.0658  p=0.0230

. 
. /* ── Variable de resultat continue : nombre de privations ──────
>    Le statut binaire perd l'information sur l'intensite. On reestime l'ATT
>    sur nb_dep (0 a 7) avec la DD simple et les trois appariements. */
. di _newline "=== ATT sur le nombre de privations (0-7) ==="

=== ATT sur le nombre de privations (0-7) ===

. preserve

.     use "$TEMP/panel_enfants_psm.dta", clear

.     quietly regress nb_dep i.t##i.D, vce(cluster grappe)

.     quietly lincom 1.t#1.D

.     di "  DD simple      : ATT=" %8.4f r(estimate) ///
>        "  SE=" %7.4f r(se) "  p=" %6.4f r(p)
  DD simple      : ATT=  0.2723  SE= 0.0896  p=0.0025

. restore

. foreach poids_var in weight_knn weight_kernel weight_caliper {
  2.     quietly count if !missing(`poids_var') & `poids_var' > 0
  3.     if r(N) > 0 {
  4.         quietly regress nb_dep i.t##i.D [aw=`poids_var'] ///
>             if `poids_var' > 0, vce(cluster grappe)
  5.         quietly lincom 1.t#1.D
  6.         di "  `poids_var' : ATT=" %8.4f r(estimate) ///
>            "  SE=" %7.4f r(se) "  p=" %6.4f r(p)
  7.     }
  8. }
  weight_knn : ATT=  0.2741  SE= 0.0900  p=0.0025
  weight_kernel : ATT=  0.2865  SE= 0.0842  p=0.0007
  weight_caliper : ATT=  0.2536  SE= 0.0903  p=0.0052

. 
. /* ── Validation croisee : diff (Villa 2016), score logit ───────
>    Implementation independante du kernel PSM-DD. A comparer a la ligne
>    weight_kernel. Installation : ssc install diff */
. capture which diff

. if _rc == 0 {
.     di _newline "=== Validation croisee : diff (kernel, score logit) ==="

=== Validation croisee : diff (kernel, score logit) ===
.     diff pauvre_MODA, t(D) p(t) kernel id(enfid) logit ///
>         cov(milieu hgender hage_cl heduc hmstat sexe) ///
>         support cluster(grappe)
KERNEL PROPENSITY SCORE MATCHING DIFFERENCE-IN-DIFFERENCES
    Estimation on common support
    Matching iterations...
.....................................................................................................................
> ...................................................................................................................
> ...................................................................................................................
> ...................................................................................................................
> ...................................................................................................................
> ...................................................................................................................
> ...................................................................................................................
> ...................................................................................................................
> ...................................................................................................................
> ...................................................................................................................
> ...................................................................................................................
> ...................................................................................................................
> ...................................................................................................................
> ...................................................................................................................
> ...................................................................................................................
> ...................................................................................................................
> ...................................................................................................................
> ...................................................................................................................
> .......................................................................................................
DIFFERENCE-IN-DIFFERENCES ESTIMATION RESULTS
Number of observations in the DIFF-IN-DIFF: 26498
            Before         After    
   Control: 11077          11071       22148
   Treated: 2175           2175        4350
            13252          13246
--------------------------------------------------------
 Outcome var.   | pauvr~A | S. Err. |   |t|   |  P>|t|
----------------+---------+---------+---------+---------
Before          |         |         |         | 
   Control      | 0.605   |         |         | 
   Treated      | 0.373   |         |         | 
   Diff (T-C)   | -0.232  | 0.031   | -7.54   | 0.000***
After           |         |         |         | 
   Control      | 0.497   |         |         | 
   Treated      | 0.338   |         |         | 
   Diff (T-C)   | -0.159  | 0.029   | 5.48    | 0.000***
                |         |         |         | 
Diff-in-Diff    | 0.073   | 0.025   | 2.91    | 0.004***
--------------------------------------------------------
R-square:    0.04
* Means and Standard Errors are estimated by linear regression
**Clustered Std. Errors
**Inference: *** p<0.01; ** p<0.05; * p<0.1
.     di _newline "  Rappel estimateur maison (kernel) : voir ligne weight_kernel ci-dessus."

  Rappel estimateur maison (kernel) : voir ligne weight_kernel ci-dessus.
. }

. else {
.     di _newline "(!) commande diff absente : ssc install diff pour la validation croisee."
. }

. 
. /* ============================================================
>    8. Robustesse : definition alternative du traitement
>       (traitement defini a la periode de base, transitoires inclus)
> 
>    Le design principal compare les beneficiaires stables aux menages
>    jamais beneficiaires. En robustesse, l'ATT est reestime avec la
>    definition canonique de la DD : traitement fixe a la periode de base
>    (transfert recu en 2018), quel que soit le statut de 2021. Ce design
>    reintegre les beneficiaires transitoires ; il dilue l'exposition,
>    puisque pres de la moitie des traites ne recoivent plus en 2021,
>    mais il offre une periode de base au statut bien defini et une
>    population complete. La convergence des deux designs est le
>    veritable test : un effet present dans les deux ne depend ni de la
>    dilution de l'un ni de l'absence de periode pre-traitement de
>    l'autre.
>    ============================================================ */
. 
. use "$TEMP/panel_large_tous.dta", clear

. gen byte D_base_alt = D

. label var D_base_alt "1=beneficiaire en 2018 (transitoires inclus)"

. 
. quietly count if D_base_alt == 1

. local n_ben = r(N)

. quietly count if D_base_alt == 0

. local n_non = r(N)

. di _newline "=== Robustesse : definition a la periode de base (2018) ==="

=== Robustesse : definition a la periode de base (2018) ===

. di "  Enfants de beneficiaires 2018 : `n_ben'"
  Enfants de beneficiaires 2018 : 4083

. di "  Enfants non beneficiaires 2018 : `n_non'"
  Enfants non beneficiaires 2018 : 13689

. 
. /* Logit et appariement k-NN sur l'echantillon complet, en format large */
. quietly logit D_base_alt $COV_SCORE, vce(cluster grappe)

. di "  Pseudo-R2 logit (definition 2018) : " %6.3f 1 - e(ll)/e(ll_0)
  Pseudo-R2 logit (definition 2018) :  0.084

. quietly predict pscore_alt if e(sample), pr

. quietly psmatch2 D_base_alt, pscore(pscore_alt) neighbor($K_VOISINS) common

. rename _weight w_alt

. 
. di _newline "  Balance apres appariement (definition 2018) :"

  Balance apres appariement (definition 2018) :

. capture noisily pstest i.milieu i.region hgender i.hage_cl i.heduc i.hmstat ///
>     i.sexe18 hhsize log_pcexp i.hcsp, both
Error: provide weight
variable __00000E not found

. 
. /* Panel long minimal pour la DD */
. keep enfid grappe menage D_base_alt w_alt pauvre_MODA18 pauvre_MODA21

. reshape long pauvre_MODA, i(enfid) j(periode)
(j = 18 21)

Data                               Wide   ->   Long
-----------------------------------------------------------------------------
Number of observations           17,772   ->   35,544      
Number of variables                   7   ->   7           
j variable (2 values)                     ->   periode
xij variables:
            pauvre_MODA18 pauvre_MODA21   ->   pauvre_MODA
-----------------------------------------------------------------------------

. gen byte t = (periode == 21)

. drop periode

. 
. di _newline "--- DD brute, definition 2018 (transitoires inclus) ---"

--- DD brute, definition 2018 (transitoires inclus) ---

. regress pauvre_MODA i.t##i.D_base_alt, vce(cluster grappe)

Linear regression                               Number of obs     =     35,544
                                                F(3, 580)         =      45.82
                                                Prob > F          =     0.0000
                                                R-squared         =     0.0334
                                                Root MSE          =     .48398

                               (Std. err. adjusted for 581 clusters in grappe)
------------------------------------------------------------------------------
             |               Robust
 pauvre_MODA | Coefficient  std. err.      t    P>|t|     [95% conf. interval]
-------------+----------------------------------------------------------------
         1.t |  -.0580028   .0092455    -6.27   0.000    -.0761614   -.0398441
1.D_base_alt |  -.2263942   .0236766    -9.56   0.000    -.2728966   -.1798918
             |
t#D_base_alt |
        1 1  |   .0428179   .0192123     2.23   0.026     .0050837     .080552
             |
       _cons |   .6638177   .0140168    47.36   0.000     .6362878    .6913475
------------------------------------------------------------------------------

. lincom 1.t#1.D_base_alt

 ( 1)  1.t#1.D_base_alt = 0

------------------------------------------------------------------------------
 pauvre_MODA | Coefficient  Std. err.      t    P>|t|     [95% conf. interval]
-------------+----------------------------------------------------------------
         (1) |   .0428179   .0192123     2.23   0.026     .0050837     .080552
------------------------------------------------------------------------------

. di "  ATT_DD_2018 = " %8.4f r(estimate) ///
>    "  SE = " %8.4f r(se) "  p = " %6.4f r(p)
  ATT_DD_2018 =   0.0428  SE =   0.0192  p = 0.0262

. 
. di _newline "--- PSM-DD, definition 2018 (transitoires inclus) ---"

--- PSM-DD, definition 2018 (transitoires inclus) ---

. quietly count if t == 0 & w_alt > 0 & !missing(w_alt)

. di "  Enfants sur support commun : " r(N)
  Enfants sur support commun : 7029

. regress pauvre_MODA i.t##i.D_base_alt [aw=w_alt] ///
>     if w_alt > 0 & !missing(w_alt), vce(cluster grappe)
(sum of wgt is 16,320)

Linear regression                               Number of obs     =     14,058
                                                F(3, 546)         =       7.91
                                                Prob > F          =     0.0000
                                                R-squared         =     0.0116
                                                Root MSE          =     .49671

                               (Std. err. adjusted for 547 clusters in grappe)
------------------------------------------------------------------------------
             |               Robust
 pauvre_MODA | Coefficient  std. err.      t    P>|t|     [95% conf. interval]
-------------+----------------------------------------------------------------
         1.t |  -.0637868   .0204057    -3.13   0.002    -.1038701   -.0237034
1.D_base_alt |  -.1215074   .0315083    -3.86   0.000    -.1833997    -.059615
             |
t#D_base_alt |
        1 1  |   .0485907   .0256274     1.90   0.058    -.0017497     .098931
             |
       _cons |   .5592525   .0266055    21.02   0.000     .5069908    .6115141
------------------------------------------------------------------------------

. lincom 1.t#1.D_base_alt

 ( 1)  1.t#1.D_base_alt = 0

------------------------------------------------------------------------------
 pauvre_MODA | Coefficient  Std. err.      t    P>|t|     [95% conf. interval]
-------------+----------------------------------------------------------------
         (1) |   .0485907   .0256274     1.90   0.058    -.0017497     .098931
------------------------------------------------------------------------------

. di "  ATT_PSMDD_2018 = " %8.4f r(estimate) ///
>    "  SE = " %8.4f r(se) "  p = " %6.4f r(p)
  ATT_PSMDD_2018 =   0.0486  SE =   0.0256  p = 0.0585

. di "  A comparer a l'ATT du design principal (stables vs jamais)."
  A comparer a l'ATT du design principal (stables vs jamais).

. 
. di _newline ">>> 05_psm_dd.do termine."

>>> 05_psm_dd.do termine.

. 
. /* ============================================================
>    SECTION : 06_STATS_DESC — Statistiques descriptives
>    Chapitre 3 : profil ménages, pauvreté, privations, comparaison D=0/1
> 
>    Les statistiques portant sur les ENFANTS sont calculees sur les enfants
>    suivis individuellement d'une vague a l'autre (panel_enfants_psm.dta),
>    c'est-a-dire sur l'echantillon meme de l'estimation d'impact avant la
>    restriction au support commun. Un tableau descriptif et un coefficient
>    estime decrivent ainsi les memes enfants. Le profil des MENAGES (bloc 1)
>    reste sur le panel vrai, son unite etant le menage et non l'enfant.
> 
>    Les statistiques de pauvrete/privation (incidence MODA, par dimension,
>    par age, par milieu, par region) sont PONDEREES par les poids de sondage
>    (hhweight). Le profil des menages et la balance traites/non-traites
>    restent sur effectifs bruts.
>    ============================================================ */
. 
. 
. /* Créer les dossiers de sortie */
. capture mkdir "$OUTPUT"

. capture mkdir "$OUTPUT/figures"

. capture mkdir "$OUTPUT/tables"

. 
. /* ============================================================
>    1. Caractéristiques générales des ménages
>    ============================================================ */
. 
. di _newline "=== 1. Profil des ménages ==="

=== 1. Profil des ménages ===

. 
. foreach annee in 2018 2021 {
  2.     local tt = cond(`annee' == 2018, 0, 1)
  3.     use "$TEMP/panel_vrai.dta", clear
  4.     keep if t == `tt'
  5.     bysort grappe menage: keep if _n == 1   /* un ménage = une ligne */
  6. 
.     drop D
  7.     merge m:1 grappe menage using "$TEMP/traitement_`annee'.dta", ///
>         keepusing(D) nogenerate keep(master match)
  8.     replace D = 0 if missing(D)
  9. 
.     /* Taille ménage, âge CM, milieu, transferts */
.     quietly {
 10.         gen byte chef_f = (hgender == 2)
 11.         gen byte urbain = (milieu == 1)
 12.         foreach v in hhsize hage pcexp chef_f urbain D {
 13.             summarize `v' [aw=hhweight]   /* caracteristiques ponderees (representativite nationale) */
 14.             if "`v'" == "hhsize" scalar m_hhsize_`annee' = r(mean)
 15.             if "`v'" == "hage"   scalar m_hage_`annee'   = r(mean)
 16.             if "`v'" == "pcexp"  scalar m_pcexp_`annee'  = r(mean)
 17.             if "`v'" == "chef_f" scalar p_chef_f_`annee' = r(mean)*100
 18.             if "`v'" == "urbain" scalar p_urbain_`annee' = r(mean)*100
 19.             if "`v'" == "D"      scalar p_D_`annee'      = r(mean)*100
 20.         }
 21.         count
 22.         scalar n_men_`annee' = r(N)
 23.     }
 24.     di "`annee' : " n_men_`annee' " ménages"
 25.     di "  Taille moy : " %5.2f m_hhsize_`annee'
 26.     di "  PCE moy    : " %12.0f m_pcexp_`annee' " FCFA/an"
 27.     di "  Chef féminin  : " %5.1f p_chef_f_`annee' "%"
 28.     di "  Milieu urbain : " %5.1f p_urbain_`annee' "%"
 29.     di "  Transferts    : " %5.1f p_D_`annee'      "%"
 30. }
(28,341 observations deleted)
(25,691 observations deleted)

    Result                      Number of obs
    -----------------------------------------
    Not matched                             0
    Matched                             5,691  
    -----------------------------------------
(0 real changes made)
2018 : 5691 ménages
  Taille moy : 10.16
  PCE moy    :       515217 FCFA/an
  Chef féminin  :  26.2%
  Milieu urbain :  45.9%
  Transferts    :  23.7%
(31,382 observations deleted)
(22,650 observations deleted)

    Result                      Number of obs
    -----------------------------------------
    Not matched                             0
    Matched                             5,691  
    -----------------------------------------
(0 real changes made)
2021 : 5691 ménages
  Taille moy :  9.38
  PCE moy    :       565226 FCFA/an
  Chef féminin  :  28.7%
  Milieu urbain :  45.9%
  Transferts    :  26.7%

. 
. 
. /* ============================================================
>    2. Balance traités / non-traités (EHCVM I, t=0)
>    ============================================================ */
. 
. di _newline "=== 2. Balance traites / non-traites (niveau ENFANT) ==="

=== 2. Balance traites / non-traites (niveau ENFANT) ===

. 
. /* Alimente le tableau de selection de la section 2 : qui recoit des
>    transferts ? L'unite est l'enfant, comme dans tout le memoire. */
. use "$TEMP/panel_enfants_psm.dta", clear

. keep if t == 0
(13,511 observations deleted)

. 
. gen byte chef_f = (hgender == 2)

. gen byte urbain = (milieu  == 1)

. gen byte fille  = (sexe == 2)

. 
. foreach v in fille age hhsize hage pcexp chef_f urbain {
  2.     quietly summarize `v' [aw=hhweight] if D == 1
  3.     local m1 = r(mean)
  4.     quietly summarize `v' [aw=hhweight] if D == 0
  5.     local m0 = r(mean)
  6.     quietly regress `v' D, vce(cluster grappe)
  7.     di "  " %-8s "`v'" " : D=1 " %10.2f `m1' "  D=0 " %10.2f `m0' ///
>        "  p=" %6.4f (2*ttail(e(df_r), abs(_b[D]/_se[D])))
  8. }
  fille    : D=1       0.49  D=0       0.49  p=0.2484
  age      : D=1       6.84  D=0       6.59  p=0.0107
  hhsize   : D=1      16.56  D=0      12.56  p=0.0000
  hage     : D=1      54.03  D=0      51.64  p=0.0002
  pcexp    : D=1  527930.13  D=0  393640.88  p=0.0000
  chef_f   : D=1       0.35  D=0       0.17  p=0.0000
  urbain   : D=1       0.55  D=0       0.33  p=0.0000

. quietly count if D == 1

. di "  Enfants traites : " r(N)
  Enfants traites : 2236

. quietly count if D == 0

. di "  Enfants temoins : " r(N)
  Enfants temoins : 11275

. 
. /* ============================================================
>    2bis. Caracteristiques des transferts etrangers recus :
>    motifs declares et montants annualises
> 
>    Source : module detail des transferts (une ligne par transfert).
>    Restreint aux transferts dont l'expediteur reside a l'etranger
>    (meme definition que le traitement D). Le montant annuel est
>    obtenu en multipliant le montant par envoi par la frequence
>    declaree (mois x12, trimestre x4, semestre x2, annee x1 ;
>    irregulier = montant deja declare sur 12 mois, x1), puis somme
>    au niveau menage sur l'ensemble de ses transferts etrangers.
>    ============================================================ */
. 
. di _newline "=== 2bis. Motifs et montants des transferts etrangers ==="

=== 2bis. Motifs et montants des transferts etrangers ===

. 
. foreach annee in 2018 2021 {
  2. 
.     if `annee' == 2018 {
  3.         local base      "$BASE_2018"
  4.         local fich_det  s13a_2
  5.         local v_lieu    s13aq14
  6.         local v_motif   s13aq15
  7.         local v_montant s13aq17a
  8.         local v_freq    s13aq17b
  9.     }
 10.     else {
 11.         local base      "$BASE_2021"
 12.         local fich_det  s13_2
 13.         local v_lieu    s13q19
 14.         local v_motif   s13q20
 15.         local v_montant s13q22a
 16.         local v_freq    s13q22b
 17.     }
 18. 
.     use "`base'/`fich_det'_me_sen`annee'.dta", clear
 19.     keep if `v_lieu' >= $CODE_ETRANGER_MIN & !missing(`v_lieu')
 20. 
.     quietly count
 21.     di _newline "-- `annee' : " r(N) " transferts etrangers --"
 22. 
.     di "  Repartition des motifs (%):"
 23.     tab `v_motif'
 24. 
.     /* Montant annualise par transfert */
.     gen double mult = .
 25.     replace mult = 12 if `v_freq' == 1   /* mois       */
 26.     replace mult = 4  if `v_freq' == 2   /* trimestre  */
 27.     replace mult = 2  if `v_freq' == 3   /* semestre   */
 28.     replace mult = 1  if `v_freq' == 4   /* annee      */
 29.     replace mult = 1  if `v_freq' == 5   /* irregulier : montant sur 12 mois */
 30.     gen double montant_annuel = `v_montant' * mult
 31. 
.     /* Somme au niveau menage */
.     collapse (sum) montant_annuel, by(grappe menage)
 32.     di "  Montant annuel recu par menage beneficiaire (FCFA) :"
 33.     summarize montant_annuel, detail
 34. }
(5,997 observations deleted)

-- 2018 : 2406 transferts etrangers --
  Repartition des motifs (%):

 13A.15. Quel est le principal motif du |
                             transfert? |      Freq.     Percent        Cum.
----------------------------------------+-----------------------------------
                   Scolarit�, �ducation |         84        3.49        3.49
                         Sant�, maladie |        110        4.57        8.06
                        Soutien courant |      1,605       66.71       74.77
                   Appui travaux champs |         13        0.54       75.31
Appui d�marrage d'une entreprise non ag |         15        0.62       75.94
                        F�te/Ev�nements |        272       11.31       87.24
                       Achat de terrain |          3        0.12       87.36
              Construction d'une maison |         17        0.71       88.07
                     Autre (� pr�ciser) |        287       11.93      100.00
----------------------------------------+-----------------------------------
                                  Total |      2,406      100.00
(2,406 missing values generated)
(1,039 real changes made)
(93 real changes made)
(31 real changes made)
(274 real changes made)
(968 real changes made)
(11 missing values generated)
  Montant annuel recu par menage beneficiaire (FCFA) :

                    (sum) montant_annuel
-------------------------------------------------------------
      Percentiles      Smallest
 1%         5000              0
 5%        15000              0
10%        25000              0       Obs               1,584
25%        60000              0       Sum of wgt.       1,584

50%       300000                      Mean           883179.8
                        Largest       Std. dev.       1334903
75%      1200000        8400000
90%      2400000        8400000       Variance       1.78e+12
95%      3600000        8700000       Skewness       3.000335
99%      6100000       1.48e+07       Kurtosis       17.07306
(7,890 observations deleted)

-- 2021 : 2775 transferts etrangers --
  Repartition des motifs (%):

  13.20. Quel est le principal motif du |
                             transfert? |      Freq.     Percent        Cum.
----------------------------------------+-----------------------------------
                   Scolarité, éducation |        102        3.68        3.68
                         Santé, maladie |        179        6.45       10.13
                        Soutien courant |      1,900       68.47       78.59
                   Appui travaux champs |         14        0.50       79.10
Appui/ démarrage d'une entreprise non a |         33        1.19       80.29
                        Fête/Evènements |        259        9.33       89.62
                       Achat de terrain |          3        0.11       89.73
              Construction d'une maison |         20        0.72       90.45
            Aide à cause de la COVID-19 |          9        0.32       90.77
                     Autre (à préciser) |        256        9.23      100.00
----------------------------------------+-----------------------------------
                                  Total |      2,775      100.00
(2,775 missing values generated)
(1,176 real changes made)
(104 real changes made)
(28 real changes made)
(256 real changes made)
(1,211 real changes made)
  Montant annuel recu par menage beneficiaire (FCFA) :

                    (sum) montant_annuel
-------------------------------------------------------------
      Percentiles      Smallest
 1%         5600           2500
 5%        20000           3000
10%        30000           3000       Obs               1,765
25%        70000           5000       Sum of wgt.       1,765

50%       275000                      Mean           948112.8
                        Largest       Std. dev.       1572988
75%      1200000       1.20e+07
90%      2760000       1.36e+07       Variance       2.47e+12
95%      3650000       1.44e+07       Skewness       3.379543
99%      7825000       1.44e+07       Kurtosis       19.09429

. 
. /* ============================================================
>    3. Incidence MODA par vague, milieu, groupe d'âge
>    ============================================================ */
. 
. di _newline "=== 3. Incidence pauvreté multidimensionnelle ==="

=== 3. Incidence pauvreté multidimensionnelle ===

. 
. foreach annee in 2018 2021 {
  2.     local tt = cond(`annee' == 2018, 0, 1)
  3.     use "$TEMP/panel_enfants_psm.dta", clear
  4.     keep if t == `tt'
  5. 
.     di _newline "-- MODA `annee' (pondéré hhweight) --"
  6.     tabstat pauvre_MODA nb_dep [aw=hhweight], ///
>         by(milieu) stat(mean n) format(%6.3f)
  7.     tabstat pauvre_MODA nb_dep [aw=hhweight], ///
>         by(groupe_base) stat(mean n) format(%6.3f)
  8.     /* Incidence ajustee : H (part de pauvres), A (intensite moyenne parmi les
>        pauvres = nb_dep/7), M0 = H x A, ponderes par hhweight. */
.     quietly summarize pauvre_MODA [aw=hhweight]
  9.     local H = r(mean)
 10.     quietly summarize intensite_moda [aw=hhweight] if pauvre_MODA == 1
 11.     local A = r(mean)
 12.     di "  Incidence ajustee `annee' : H=" %5.1f 100*`H' "%  A=" %5.1f 100*`A' ///
>        "%  M0=" %5.3f `H'*`A'
 13. }
(13,511 observations deleted)

-- MODA 2018 (pondéré hhweight) --

Summary statistics: Mean, N
Group variable: milieu (Milieu residence)

milieu |  pauvre~A    nb_dep
-------+--------------------
Urbain |     0.323     2.841
       |  5562.000  5562.000
-------+--------------------
 Rural |     0.770     4.519
       |  7949.000  7949.000
-------+--------------------
 Total |     0.604     3.897
       |   1.4e+04   1.4e+04
----------------------------

Summary statistics: Mean, N
Group variable: groupe_base (Groupe d'age MODA a la periode de base (2018))

groupe_base |  pauvre~A    nb_dep
------------+--------------------
    0-4 ans |     0.516     3.488
            |  4762.000  4762.000
------------+--------------------
   5-14 ans |     0.653     4.123
            |  8484.000  8484.000
------------+--------------------
  15-17 ans |     0.628     4.043
            |   265.000   265.000
------------+--------------------
      Total |     0.604     3.897
            |   1.4e+04   1.4e+04
---------------------------------
  Incidence ajustee 2018 : H= 60.4%  A= 71.0%  M0=0.429
(13,511 observations deleted)

-- MODA 2021 (pondéré hhweight) --

Summary statistics: Mean, N
Group variable: milieu (Milieu residence)

milieu |  pauvre~A    nb_dep
-------+--------------------
Urbain |     0.243     2.591
       |  5558.000  5558.000
-------+--------------------
 Rural |     0.682     4.176
       |  7947.000  7947.000
-------+--------------------
 Total |     0.519     3.588
       |   1.4e+04   1.4e+04
----------------------------

Summary statistics: Mean, N
Group variable: groupe_base (Groupe d'age MODA a la periode de base (2018))

groupe_base |  pauvre~A    nb_dep
------------+--------------------
    0-4 ans |     0.430     3.167
            |  4762.000  4762.000
------------+--------------------
   5-14 ans |     0.569     3.815
            |  8478.000  8478.000
------------+--------------------
  15-17 ans |     0.559     3.941
            |   265.000   265.000
------------+--------------------
      Total |     0.519     3.588
            |   1.4e+04   1.4e+04
---------------------------------
  Incidence ajustee 2021 : H= 51.9%  A= 69.5%  M0=0.361

. 
. /* Export tab_moda_age : H par groupe d'âge et vague */
. clear

. set obs 6
Number of observations (_N) was 0, now 6.

. gen str8 annee       = ""
(6 missing values generated)

. gen str12 groupe     = ""
(6 missing values generated)

. gen H_MODA           = .
(6 missing values generated)

. gen n_obs            = .
(6 missing values generated)

. 
. local r = 0

. foreach annee in 2018 2021 {
  2.     local tt = cond(`annee' == 2018, 0, 1)
  3.     use "$TEMP/panel_enfants_psm.dta", clear
  4.     keep if t == `tt'
  5.     foreach g in 1 2 3 {
  6.         local ++r
  7.         quietly summarize pauvre_MODA [aw=hhweight] if groupe_base == `g'
  8.         local hmoda = r(mean)*100
  9.         /* n_calc = enfants avec un statut MODA calcule ; n_tot = effectif
>            total de la tranche (colonne "Obs." du tableau du rapport) */
.         local nobs  = r(N)
 10.         quietly count if groupe_base == `g'
 11.         local ntot  = r(N)
 12.         local lbl   = cond(`g'==1,"0-4 ans",cond(`g'==2,"5-14 ans","15-17 ans"))
 13.         di "  `annee' / `lbl' : H=" %5.1f `hmoda' "% (n_calc=`nobs', n_tot=`ntot')"
 14.     }
 15. }
(13,511 observations deleted)
  2018 / 0-4 ans : H= 51.6% (n_calc=4762, n_tot=4762)
  2018 / 5-14 ans : H= 65.3% (n_calc=8484, n_tot=8484)
  2018 / 15-17 ans : H= 62.8% (n_calc=265, n_tot=265)
(13,511 observations deleted)
  2021 / 0-4 ans : H= 43.0% (n_calc=4762, n_tot=4762)
  2021 / 5-14 ans : H= 56.9% (n_calc=8478, n_tot=8484)
  2021 / 15-17 ans : H= 55.9% (n_calc=265, n_tot=265)

. 
. /* ============================================================
>    4. Taux de privation par dimension
>    ============================================================ */
. 
. di _newline "=== 4. Privation par dimension ==="

=== 4. Privation par dimension ===

. 
. foreach annee in 2018 2021 {
  2.     local tt = cond(`annee' == 2018, 0, 1)
  3.     use "$TEMP/panel_enfants_psm.dta", clear
  4.     keep if t == `tt'
  5.     di _newline "-- Dimensions `annee' --"
  6.     foreach dim in assai eau logem nutri sante protect educ {
  7.         quietly summarize dim_`dim' [aw=hhweight]
  8.         di "  `dim' : " %5.1f r(mean)*100 "%"
  9.     }
 10.     di _newline "  -- Dimensions `annee' par tranche d'age --"
 11.     foreach dim in assai eau logem nutri sante protect educ {
 12.         quietly tabstat dim_`dim' [aw=hhweight], by(groupe_base) ///
>             stat(mean n) format(%7.4f) save
 13.         forvalues g = 1/3 {
 14.             matrix M = r(Stat`g')
 15.             local lbl = cond(`g'==1,"0-4 ans",cond(`g'==2,"5-14 ans","15-17 ans"))
 16.             di "  `dim' / `lbl' : " %5.1f M[1,1]*100 "%   n=" %7.0f M[2,1]
 17.         }
 18.     }
 19.     /* ── Taux de privation PAR INDICATEUR ─────────────────────
>        La dimension agrege par la regle de l'union : le taux de la
>        dimension ne dit pas quel indicateur le porte. Chaque indicateur
>        est decrit sur son champ d'application (enfants pour lesquels il
>        n'est pas manquant), au total, par statut et par groupe d'age. */
.     di _newline "  -- Indicateurs `annee' : taux de privation --"
 20.     di "    indicateur        ensemble   benefic.   non-ben.       n"
 21.     foreach ind in m_toilet m_partag_toi m_eau_source m_eau_temps ///
>                    m_ordures m_surpeup m_securite m_combust ///
>                    m_sante_acces m_acte_nais m_trav_enf m_scol m_alfab {
 22.         quietly count if !missing(`ind')
 23.         local n_ind = r(N)
 24.         if `n_ind' > 0 {
 25.             quietly summarize `ind' [aw=hhweight]
 26.             local p_ens = 100*r(mean)
 27.             quietly summarize `ind' [aw=hhweight] if D == 1
 28.             local p_b = 100*r(mean)
 29.             quietly summarize `ind' [aw=hhweight] if D == 0
 30.             local p_nb = 100*r(mean)
 31.             di "    " %-16s "`ind'" %9.1f `p_ens' %11.1f `p_b' ///
>                %11.1f `p_nb' %9.0f `n_ind'
 32.         }
 33.     }
 34.     di _newline "  -- Indicateurs `annee' par groupe d'age --"
 35.     foreach ind in m_toilet m_partag_toi m_eau_source m_eau_temps ///
>                    m_ordures m_surpeup m_securite m_combust ///
>                    m_sante_acces m_acte_nais m_trav_enf m_scol m_alfab {
 36.         local ligne "    `ind' :"
 37.         forvalues g = 1/3 {
 38.             quietly summarize `ind' [aw=hhweight] if groupe_base == `g'
 39.             if r(N) > 0 local ligne "`ligne'  g`g'=`: display %5.1f 100*r(mean)'"
 40.         }
 41.         di "`ligne'"
 42.     }
 43. 
.     quietly summarize intensite_moda [aw=hhweight] if pauvre_MODA == 1
 44.     local A = r(mean)
 45.     quietly summarize pauvre_MODA [aw=hhweight]
 46.     di "  Indice ajuste `annee' : H=" %5.1f 100*r(mean) "%  A=" %5.1f 100*`A' ///
>        "%  M0=" %5.3f r(mean)*`A'
 47. }
(13,511 observations deleted)

-- Dimensions 2018 --
  assai :  52.8%
  eau :  23.7%
  logem :  67.5%
  nutri :  70.4%
  sante :  97.4%
  protect :  49.0%
  educ :  28.9%

  -- Dimensions 2018 par tranche d'age --
  assai / 0-4 ans :  54.2%   n=   4762
  assai / 5-14 ans :  52.1%   n=   8484
  assai / 15-17 ans :  50.7%   n=    265
  eau / 0-4 ans :  25.1%   n=   4762
  eau / 5-14 ans :  23.0%   n=   8484
  eau / 15-17 ans :  18.3%   n=    265
  logem / 0-4 ans :  69.0%   n=   4762
  logem / 5-14 ans :  66.7%   n=   8484
  logem / 15-17 ans :  66.2%   n=    265
  nutri / 0-4 ans :  70.2%   n=   4762
  nutri / 5-14 ans :  70.3%   n=   8484
  nutri / 15-17 ans :  74.6%   n=    265
  sante / 0-4 ans :  97.4%   n=   4762
  sante / 5-14 ans :  97.3%   n=   8484
  sante / 15-17 ans :  99.6%   n=    265
  protect / 0-4 ans :  32.9%   n=   4762
  protect / 5-14 ans :  57.8%   n=   8484
  protect / 15-17 ans :  59.8%   n=    265
  educ / 0-4 ans :   0.0%   n=   4762
  educ / 5-14 ans :  45.0%   n=   8484
  educ / 15-17 ans :  35.2%   n=    265

  -- Indicateurs 2018 : taux de privation --
    indicateur        ensemble   benefic.   non-ben.       n
    m_toilet             41.0       19.6       45.4    13511
    m_partag_toi         20.4       10.3       22.8    11844
    m_eau_source          8.5        6.6        8.9    13511
    m_eau_temps          18.5       10.1       20.2    13511
    m_ordures            62.0       47.4       65.1    13511
    m_surpeup            13.5        4.3       15.4    13511
    m_securite           70.4       42.4       76.2    13511
    m_combust            93.0       87.4       94.2    13511
    m_sante_acces        70.7       63.5       72.2    13511
    m_acte_nais          30.9       15.1       34.1    13511
    m_trav_enf           26.2       23.0       26.8    13511
    m_scol               28.2       23.4       29.2    13511
    m_alfab               0.7        0.5        0.7    13511

  -- Indicateurs 2018 par groupe d'age --
    m_toilet :  g1= 42.6  g2= 40.0  g3= 42.7
    m_partag_toi :  g1= 20.3  g2= 20.7  g3= 14.6
    m_eau_source :  g1=  9.2  g2=  8.2  g3=  6.7
    m_eau_temps :  g1= 19.3  g2= 18.1  g3= 14.9
    m_ordures :  g1= 63.5  g2= 61.2  g3= 61.5
    m_surpeup :  g1= 13.9  g2= 13.3  g3=  9.5
    m_securite :  g1= 70.2  g2= 70.3  g3= 74.6
    m_combust :  g1= 93.5  g2= 92.6  g3= 98.3
    m_sante_acces :  g1= 72.1  g2= 70.1  g3= 66.3
    m_acte_nais :  g1= 32.9  g2= 30.7  g3=  0.0
    m_trav_enf :  g1=  0.0  g2= 39.9  g3= 59.8
    m_scol :  g1=  0.0  g2= 45.0  g3=  0.0
    m_alfab :  g1=  0.0  g2=  0.0  g3= 35.2
  Indice ajuste 2018 : H= 60.4%  A= 71.0%  M0=0.429
(13,511 observations deleted)

-- Dimensions 2021 --
  assai :  50.6%
  eau :  18.7%
  logem :  55.9%
  nutri :  63.6%
  sante :  96.6%
  protect :  49.6%
  educ :  23.9%

  -- Dimensions 2021 par tranche d'age --
  assai / 0-4 ans :  52.1%   n=   4762
  assai / 5-14 ans :  49.7%   n=   8484
  assai / 15-17 ans :  49.6%   n=    265
  eau / 0-4 ans :  19.9%   n=   4762
  eau / 5-14 ans :  18.0%   n=   8484
  eau / 15-17 ans :  19.5%   n=    265
  logem / 0-4 ans :  59.0%   n=   4762
  logem / 5-14 ans :  54.2%   n=   8484
  logem / 15-17 ans :  51.0%   n=    265
  nutri / 0-4 ans :  64.4%   n=   4762
  nutri / 5-14 ans :  62.9%   n=   8484
  nutri / 15-17 ans :  71.5%   n=    265
  sante / 0-4 ans :  97.0%   n=   4762
  sante / 5-14 ans :  96.4%   n=   8484
  sante / 15-17 ans :  97.8%   n=    265
  protect / 0-4 ans :  24.3%   n=   4762
  protect / 5-14 ans :  63.1%   n=   8478
  protect / 15-17 ans :  71.4%   n=    265
  educ / 0-4 ans :   0.0%   n=   4762
  educ / 5-14 ans :  37.1%   n=   8484
  educ / 15-17 ans :  33.3%   n=    265

  -- Indicateurs 2021 : taux de privation --
    indicateur        ensemble   benefic.   non-ben.       n
    m_toilet             43.3       26.1       46.9    13511
    m_partag_toi         13.2       11.2       13.6    12199
    m_eau_source          7.6        5.5        8.0    13511
    m_eau_temps          14.0        7.5       15.4    13511
    m_ordures            50.3       34.4       53.6    13511
    m_surpeup             9.7        4.5       10.8    13511
    m_securite           63.6       42.6       67.9    13511
    m_combust            92.0       88.8       92.6    13511
    m_sante_acces        82.4       80.6       82.7    13511
    m_acte_nais          20.5       13.0       22.1    13511
    m_trav_enf           40.7       37.5       41.3    13511
    m_scol               33.1       24.2       34.9    13511
    m_alfab               3.6        2.5        3.8    13511

  -- Indicateurs 2021 par groupe d'age --
    m_toilet :  g1= 44.9  g2= 42.5  g3= 42.2
    m_partag_toi :  g1= 13.1  g2= 13.3  g3= 10.7
    m_eau_source :  g1=  8.2  g2=  7.2  g3=  9.2
    m_eau_temps :  g1= 15.1  g2= 13.4  g3= 15.2
    m_ordures :  g1= 52.9  g2= 48.9  g3= 46.0
    m_surpeup :  g1= 10.7  g2=  9.2  g3=  6.8
    m_securite :  g1= 64.4  g2= 62.9  g3= 71.5
    m_combust :  g1= 92.4  g2= 91.7  g3= 93.4
    m_sante_acces :  g1= 82.8  g2= 82.1  g3= 81.7
    m_acte_nais :  g1= 24.3  g2= 18.7  g3= 10.3
    m_trav_enf :  g1= 15.7  g2= 53.8  g3= 71.4
    m_scol :  g1= 43.9  g2= 27.6  g3= 12.6
    m_alfab :  g1=  0.2  g2=  4.9  g3= 21.3
  Indice ajuste 2021 : H= 51.9%  A= 69.5%  M0=0.361

. 
. 
. /* ============================================================
>    5. Graphiques
>    ============================================================ */
. 
. di _newline "=== 5. Graphiques ==="

=== 5. Graphiques ===

. 
. /* ── Fig 1 : Évolution de l'incidence MODA, beneficiaires vs
>    non-beneficiaires. Les deux trajectoires rendent visible la logique de
>    double difference : c'est l'ECART entre les groupes, et son evolution
>    entre les deux vagues, qui porte l'information sur l'impact. ── */
. use "$TEMP/panel_enfants_psm.dta", clear

. forvalues d = 0/1 {
  2.     foreach tt in 0 1 {
  3.         quietly summarize pauvre_MODA [aw=hhweight] if D == `d' & t == `tt'
  4.         scalar H_d`d'_t`tt' = r(mean)*100
  5.     }
  6. }

. clear

. set obs 2
Number of observations (_N) was 0, now 2.

. gen annee = 2018 in 1
(1 missing value generated)

. replace annee = 2021 in 2
(1 real change made)

. gen H_benef    = H_d1_t0 in 1
(1 missing value generated)

. replace H_benef = H_d1_t1 in 2
(1 real change made)

. gen H_nonbenef = H_d0_t0 in 1
(1 missing value generated)

. replace H_nonbenef = H_d0_t1 in 2
(1 real change made)

. gen str12 lbl_b  = subinstr(string(H_benef,    "%3.1f"), ".", ",", 1) + " %"

. gen str12 lbl_nb = subinstr(string(H_nonbenef, "%3.1f"), ".", ",", 1) + " %"

. 
. set dp comma

. twoway (connected H_nonbenef annee, lcolor(gs9) mcolor(gs9) msymbol(square) ///
>         lwidth(medthick) mlabel(lbl_nb) mlabcolor(black) mlabpos(12) ///
>         mlabgap(2) mlabsize(small)) ///
>        (connected H_benef annee, lcolor(orange) mcolor(orange) msymbol(circle) ///
>         lwidth(medthick) mlabel(lbl_b) mlabcolor(black) mlabpos(12) ///
>         mlabgap(2) mlabsize(small)), ///
>     xlabel(2018 2021) xscale(range(2017.7 2021.3)) xtitle("Vague EHCVM") ///
>     ytitle("Incidence MODA H (%)") ///
>     ylabel(40(5)70, grid) yscale(range(38 72)) ///
>     legend(order(1 "Non-bénéficiaires" 2 "Bénéficiaires") pos(6) rows(1)) ///
>     graphregion(color(white)) plotregion(color(white))

. set dp period

. graph display, scale(1.35)   /* texte agrandi pour la projection */

. graph export "$OUTPUT/figures/fig_evolution_ipm.pdf", replace
file code/stata/output/figures/fig_evolution_ipm.pdf saved as PDF format

. di ">>> fig_evolution_ipm.pdf sauvegardé"
>>> fig_evolution_ipm.pdf sauvegardé

. 
. /* ── Fig 2 : Distribution du nombre de dimensions en privation ──
>    Abscisse : nombre exact de dimensions en privation (0 a 7).
>    Ordonnee  : part des enfants (%), a l'image du rapport ANSD/UNICEF
>    MODA. Ligne verticale placee apres la barre des 4 dimensions. */
. tempname distrib

. matrix `distrib' = J(8, 3, .)

. foreach annee in 2018 2021 {
  2.     local tt = cond(`annee' == 2018, 0, 1)
  3.     use "$TEMP/panel_enfants_psm.dta", clear
  4.     keep if t == `tt'
  5.     local col = cond(`annee' == 2018, 2, 3)
  6.     quietly count if !missing(nb_dep)
  7.     local n_tot = r(N)
  8.     forvalues d = 0/7 {
  9.         quietly count if nb_dep == `d' & !missing(nb_dep)
 10.         matrix `distrib'[`d' + 1, 1] = `d'
 11.         matrix `distrib'[`d' + 1, `col'] = r(N) / `n_tot' * 100
 12.     }
 13. }
(13,511 observations deleted)
(13,511 observations deleted)

. clear

. svmat `distrib', names(col)
number of observations will be reset to 8
Press any key to continue, or Break to abort
Number of observations (_N) was 0, now 8.

. rename c1 nb_dim

. rename c2 pct_2018

. rename c3 pct_2021

. gen str8 lbl_18 = subinstr(string(pct_2018, "%3.1f"), ".", ",", 1)

. gen str8 lbl_21 = subinstr(string(pct_2021, "%3.1f"), ".", ",", 1)

. gen x_2018 = nb_dim - 0.19

. gen x_2021 = nb_dim + 0.19

. 
. set dp comma

. graph twoway ///
>     (bar pct_2018 x_2018, barwidth(0.35) color(gs9)) ///
>     (bar pct_2021 x_2021, barwidth(0.35) color(orange)) ///
>     (scatter pct_2018 x_2018, msymbol(none) mlabel(lbl_18) ///
>      mlabpos(12) mlabcolor(black) mlabsize(vsmall)) ///
>     (scatter pct_2021 x_2021, msymbol(none) mlabel(lbl_21) ///
>      mlabpos(12) mlabcolor(black) mlabsize(vsmall)) ///
>     , xline(4.5, lcolor(red) lpattern(dash) lwidth(medthick)) ///
>     xlabel(0(1)7) xtitle("Nombre de dimensions en privation (sur 7)") ///
>     ylabel(0(5)30, grid) ytitle("Part des enfants (%)") ///
>     legend(order(1 "EHCVM I (2018-19)" 2 "EHCVM II (2021-22)") pos(6) rows(1)) ///
>     graphregion(color(white)) plotregion(color(white))

. set dp period

. graph display, scale(1.35)   /* texte agrandi pour la projection */

. graph export "$OUTPUT/figures/fig_distrib_dimensions.pdf", replace
file code/stata/output/figures/fig_distrib_dimensions.pdf saved as PDF format

. di ">>> fig_distrib_dimensions.pdf sauvegardé"
>>> fig_distrib_dimensions.pdf sauvegardé

. 
. /* ============================================================
>    COMPARAISON BENEFICIAIRES / NON-BENEFICIAIRES x 2018-2021
> 
>    Coeur descriptif de la section : pour chaque dimension MODA et pour
>    l'incidence globale, taux de privation des enfants selon le statut de
>    traitement du menage (D=1 beneficiaire migrant en 2018 ; D=0 non
>    beneficiaire) a chaque vague, ecart entre groupes a chaque date, et
>    evolution de cet ecart (double difference descriptive, non ponderee
>    par l'appariement). Echantillon : enfants suivis, ponderation hhweight.
>    ============================================================ */
. 
. use "$TEMP/panel_enfants_psm.dta", clear

. 
. di _newline(2) "=== Privations : beneficiaires vs non-beneficiaires, 2018 et 2021 ==="


=== Privations : beneficiaires vs non-beneficiaires, 2018 et 2021 ===

. di "    (enfants suivis, pondere hhweight ; D=1 beneficiaire migrant 2018)"
    (enfants suivis, pondere hhweight ; D=1 beneficiaire migrant 2018)

. di _newline "  Indicateur          D=0 2018  D=1 2018   Ecart |  D=0 2021  D=1 2021   Ecart |     DD"

  Indicateur          D=0 2018  D=1 2018   Ecart |  D=0 2021  D=1 2021   Ecart |     DD

. 
. foreach v in dim_assai dim_eau dim_logem dim_nutri dim_sante dim_protect ///
>              dim_educ pauvre_MODA {
  2.     quietly summarize `v' [aw=hhweight] if t == 0 & D == 0
  3.     local a0 = r(mean)*100
  4.     quietly summarize `v' [aw=hhweight] if t == 0 & D == 1
  5.     local a1 = r(mean)*100
  6.     quietly summarize `v' [aw=hhweight] if t == 1 & D == 0
  7.     local b0 = r(mean)*100
  8.     quietly summarize `v' [aw=hhweight] if t == 1 & D == 1
  9.     local b1 = r(mean)*100
 10.     local g0 = `a1' - `a0'      /* ecart benef - non benef en 2018 */
 11.     local g1 = `b1' - `b0'      /* ecart benef - non benef en 2021 */
 12.     local dd = `g1' - `g0'      /* evolution de l'ecart = DD descriptive */
 13.     di "  " %-18s "`v'" %9.1f `a0' %10.1f `a1' %8.1f `g0' " |" ///
>        %9.1f `b0' %10.1f `b1' %8.1f `g1' " |" %7.1f `dd'
 14. }
  dim_assai              58.2      26.7   -31.5 |     54.2      32.8   -21.4 |   10.1
  dim_eau                25.6      14.5   -11.1 |     20.1      12.0    -8.1 |    3.0
  dim_logem              71.1      50.2   -20.9 |     59.6      37.9   -21.6 |   -0.7
  dim_nutri              76.2      42.4   -33.8 |     67.9      42.6   -25.3 |    8.5
  dim_sante              98.2      93.4    -4.8 |     96.6      96.7     0.1 |    4.9
  dim_protect            51.9      35.0   -16.9 |     51.2      41.8    -9.4 |    7.6
  dim_educ               29.9      23.9    -6.1 |     25.4      16.8    -8.6 |   -2.5
  pauvre_MODA            66.2      32.5   -33.7 |     56.6      29.3   -27.3 |    6.5

. 
. /* Test de significativite de l'ecart entre groupes, a chaque vague */
. di _newline "  Test de l'ecart beneficiaires/non-beneficiaires (p-valeurs) :"

  Test de l'ecart beneficiaires/non-beneficiaires (p-valeurs) :

. foreach v in dim_assai dim_eau dim_logem dim_nutri dim_sante dim_protect ///
>              dim_educ pauvre_MODA {
  2.     quietly regress `v' D if t == 0, vce(cluster grappe)
  3.     local p0 = 2*ttail(e(df_r), abs(_b[D]/_se[D]))
  4.     quietly regress `v' D if t == 1, vce(cluster grappe)
  5.     local p1 = 2*ttail(e(df_r), abs(_b[D]/_se[D]))
  6.     di "  " %-18s "`v'" "  2018 : p=" %6.4f `p0' "   2021 : p=" %6.4f `p1'
  7. }
  dim_assai           2018 : p=0.0000   2021 : p=0.0000
  dim_eau             2018 : p=0.0004   2021 : p=0.0073
  dim_logem           2018 : p=0.0000   2021 : p=0.0000
  dim_nutri           2018 : p=0.0000   2021 : p=0.0000
  dim_sante           2018 : p=0.0030   2021 : p=0.5855
  dim_protect         2018 : p=0.0000   2021 : p=0.0012
  dim_educ            2018 : p=0.0034   2021 : p=0.0000
  pauvre_MODA         2018 : p=0.0000   2021 : p=0.0000

. 
. /* Meme comparaison declinee par groupe d'age : chaque sous-section du
>    rapport confronte les dimensions et le statut de beneficiaire au sein
>    d'une tranche d'age. Le groupe est celui de la PERIODE DE BASE : sur un
>    panel d'enfants suivis, un decoupage sur l'age courant ferait changer les
>    sous-groupes de composition entre les deux vagues et la comparaison ne
>    porterait plus sur les memes enfants. « 0-4 ans » se lit donc « age de 0 a
>    4 ans en 2018 », et ces enfants ont 3 a 7 ans en 2021 : dim_educ, nulle
>    par construction en 2018, devient applicable a une partie d'entre eux. */
. forvalues g = 1/3 {
  2.     if `g' == 1 local lbl "0-4 ans"
  3.     if `g' == 2 local lbl "5-14 ans"
  4.     if `g' == 3 local lbl "15-17 ans"
  5.     di _newline(2) "=== Privations par dimension et statut — `lbl' ==="
  6.     di "  Indicateur          D=0 2018  D=1 2018   Ecart |  D=0 2021  D=1 2021   Ecart |     DD    p18    p21"
  7.     foreach v in dim_assai dim_eau dim_logem dim_nutri dim_sante dim_protect ///
>                  dim_educ pauvre_MODA {
  8.         quietly summarize `v' [aw=hhweight] if t == 0 & D == 0 & groupe_base == `g'
  9.         local a0 = r(mean)*100
 10.         quietly summarize `v' [aw=hhweight] if t == 0 & D == 1 & groupe_base == `g'
 11.         local a1 = r(mean)*100
 12.         quietly summarize `v' [aw=hhweight] if t == 1 & D == 0 & groupe_base == `g'
 13.         local b0 = r(mean)*100
 14.         quietly summarize `v' [aw=hhweight] if t == 1 & D == 1 & groupe_base == `g'
 15.         local b1 = r(mean)*100
 16.         local g0 = `a1' - `a0'
 17.         local g1 = `b1' - `b0'
 18.         local dd = `g1' - `g0'
 19.         quietly regress `v' D if t == 0 & groupe_base == `g', vce(cluster grappe)
 20.         local p0 = 2*ttail(e(df_r), abs(_b[D]/_se[D]))
 21.         quietly regress `v' D if t == 1 & groupe_base == `g', vce(cluster grappe)
 22.         local p1 = 2*ttail(e(df_r), abs(_b[D]/_se[D]))
 23.         di "  " %-18s "`v'" %9.1f `a0' %10.1f `a1' %8.1f `g0' " |" ///
>            %9.1f `b0' %10.1f `b1' %8.1f `g1' " |" %7.1f `dd' ///
>            %7.3f `p0' %7.3f `p1'
 24.     }
 25.     quietly count if groupe_base == `g' & t == 0
 26.     local n18 = r(N)
 27.     quietly count if groupe_base == `g' & t == 1
 28.     di "  Effectifs : `n18' enfants en 2018, " r(N) " en 2021"
 29. }


=== Privations par dimension et statut — 0-4 ans ===
  Indicateur          D=0 2018  D=1 2018   Ecart |  D=0 2021  D=1 2021   Ecart |     DD    p18    p21
  dim_assai              59.5      26.8   -32.7 |     55.4      35.3   -20.2 |   12.5  0.000  0.000
  dim_eau                26.8      16.4   -10.5 |     21.2      13.4    -7.8 |    2.7  0.008  0.017
  dim_logem              72.1      53.2   -18.8 |     61.9      44.1   -17.8 |    1.0  0.000  0.000
  dim_nutri              76.1      40.1   -35.9 |     68.1      45.2   -22.9 |   13.0  0.000  0.000
  dim_sante              98.1      94.0    -4.1 |     96.9      97.4     0.5 |    4.6  0.018  0.796
  dim_protect            35.9      17.2   -18.7 |     25.8      16.9    -8.9 |    9.8  0.000  0.014
  dim_educ                0.0       0.0     0.0 |      0.0       0.0     0.0 |    0.0      .      .
  pauvre_MODA            56.9      24.5   -32.4 |     47.2      21.7   -25.5 |    6.9  0.000  0.000
  Effectifs : 4762 enfants en 2018, 4762 en 2021


=== Privations par dimension et statut — 5-14 ans ===
  Indicateur          D=0 2018  D=1 2018   Ecart |  D=0 2021  D=1 2021   Ecart |     DD    p18    p21
  dim_assai              57.5      26.6   -31.0 |     53.6      31.6   -22.0 |    9.0  0.000  0.000
  dim_eau                25.0      13.7   -11.3 |     19.5      11.4    -8.1 |    3.2  0.000  0.006
  dim_logem              70.7      48.4   -22.2 |     58.4      34.6   -23.8 |   -1.5  0.000  0.000
  dim_nutri              76.1      43.5   -32.6 |     67.7      40.9   -26.7 |    5.9  0.000  0.000
  dim_sante              98.2      93.0    -5.3 |     96.4      96.3    -0.1 |    5.1  0.002  0.538
  dim_protect            60.7      44.0   -16.8 |     65.0      54.2   -10.9 |    5.9  0.000  0.001
  dim_educ               46.9      36.2   -10.7 |     39.6      25.4   -14.2 |   -3.4  0.000  0.000
  pauvre_MODA            71.5      36.5   -35.0 |     61.9      33.2   -28.7 |    6.3  0.000  0.000
  Effectifs : 8484 enfants en 2018, 8484 en 2021


=== Privations par dimension et statut — 15-17 ans ===
  Indicateur          D=0 2018  D=1 2018   Ecart |  D=0 2021  D=1 2021   Ecart |     DD    p18    p21
  dim_assai              54.3      29.0   -25.3 |     52.8      30.6   -22.1 |    3.1  0.019  0.100
  dim_eau                20.0       7.7   -12.3 |     20.9      11.0    -9.9 |    2.5  0.073  0.275
  dim_logem              67.7      57.5   -10.2 |     52.5      42.0   -10.5 |   -0.3  0.208  0.395
  dim_nutri              79.5      44.6   -34.9 |     73.7      58.3   -15.4 |   19.6  0.000  0.023
  dim_sante             100.0      96.9    -3.1 |     97.4     100.0     2.6 |    5.7  0.317  0.160
  dim_protect            62.0      46.2   -15.8 |     72.2      66.4    -5.8 |   10.0  0.106  0.121
  dim_educ               36.0      30.3    -5.7 |     35.3      21.4   -13.9 |   -8.1  0.885  0.207
  pauvre_MODA            67.1      36.8   -30.3 |     59.6      33.6   -26.0 |    4.3  0.003  0.008
  Effectifs : 265 enfants en 2018, 265 en 2021

. 
. /* Croisement genre du chef de menage x statut de beneficiaire x vague, pour
>    l'ensemble des enfants puis pour chaque tranche d'age. Alimente le
>    tableau par genre de chaque sous-section descriptive. */
. forvalues g = 0/3 {
  2.     if `g' == 0 local lbl "Ensemble 0-17 ans"
  3.     if `g' == 1 local lbl "0-4 ans"
  4.     if `g' == 2 local lbl "5-14 ans"
  5.     if `g' == 3 local lbl "15-17 ans"
  6.     di _newline(2) "=== Incidence MODA par genre du chef et statut — `lbl' ==="
  7.     di "  Chef        D=0 2018  D=1 2018   Ecart |  D=0 2021  D=1 2021   Ecart |     DD    p18    p21      n18  
>     n21"
  8.     forvalues sx = 1/2 {
  9.         local slbl = cond(`sx' == 1, "Chef homme", "Chef femme")
 10.         if `g' == 0 local cond "hgender == `sx'"
 11.         else        local cond "hgender == `sx' & groupe_base == `g'"
 12.         quietly summarize pauvre_MODA [aw=hhweight] if t == 0 & D == 0 & `cond'
 13.         local a0 = r(mean)*100
 14.         quietly summarize pauvre_MODA [aw=hhweight] if t == 0 & D == 1 & `cond'
 15.         local a1 = r(mean)*100
 16.         quietly summarize pauvre_MODA [aw=hhweight] if t == 1 & D == 0 & `cond'
 17.         local b0 = r(mean)*100
 18.         quietly summarize pauvre_MODA [aw=hhweight] if t == 1 & D == 1 & `cond'
 19.         local b1 = r(mean)*100
 20.         local e0 = `a1' - `a0'
 21.         local e1 = `b1' - `b0'
 22.         quietly regress pauvre_MODA D if t == 0 & `cond', vce(cluster grappe)
 23.         local p0 = 2*ttail(e(df_r), abs(_b[D]/_se[D]))
 24.         quietly regress pauvre_MODA D if t == 1 & `cond', vce(cluster grappe)
 25.         local p1 = 2*ttail(e(df_r), abs(_b[D]/_se[D]))
 26.         quietly count if t == 0 & `cond'
 27.         local n0 = r(N)
 28.         quietly count if t == 1 & `cond'
 29.         di "  " %-10s "`slbl'" %9.1f `a0' %10.1f `a1' %8.1f `e0' " |" ///
>            %9.1f `b0' %10.1f `b1' %8.1f `e1' " |" %7.1f `e1'-`e0' ///
>            %7.3f `p0' %7.3f `p1' %9.0f `n0' %9.0f r(N)
 30.     }
 31. }


=== Incidence MODA par genre du chef et statut — Ensemble 0-17 ans ===
  Chef        D=0 2018  D=1 2018   Ecart |  D=0 2021  D=1 2021   Ecart |     DD    p18    p21      n18      n21
  Chef homme     68.9      37.8   -31.1 |     59.2      35.3   -23.9 |    7.2  0.000  0.000    10918    10918
  Chef femme     53.3      22.3   -31.0 |     44.0      18.0   -26.0 |    5.0  0.000  0.000     2593     2593


=== Incidence MODA par genre du chef et statut — 0-4 ans ===
  Chef        D=0 2018  D=1 2018   Ecart |  D=0 2021  D=1 2021   Ecart |     DD    p18    p21      n18      n21
  Chef homme     60.5      31.4   -29.1 |     50.3      27.6   -22.7 |    6.4  0.000  0.000     3887     3887
  Chef femme     39.2      11.0   -28.2 |     32.0      10.0   -22.0 |    6.2  0.000  0.000      875      875


=== Incidence MODA par genre du chef et statut — 5-14 ans ===
  Chef        D=0 2018  D=1 2018   Ecart |  D=0 2021  D=1 2021   Ecart |     DD    p18    p21      n18      n21
  Chef homme     73.7      41.1   -32.6 |     64.3      39.2   -25.1 |    7.5  0.000  0.000     6814     6814
  Chef femme     61.1      27.9   -33.2 |     50.6      22.0   -28.6 |    4.6  0.000  0.000     1670     1670


=== Incidence MODA par genre du chef et statut — 15-17 ans ===
  Chef        D=0 2018  D=1 2018   Ecart |  D=0 2021  D=1 2021   Ecart |     DD    p18    p21      n18      n21
  Chef homme     68.8      39.7   -29.1 |     61.7      40.8   -20.8 |    8.3  0.020  0.249      217      217
  Chef femme     57.0      30.1   -26.9 |     47.2      16.9   -30.2 |   -3.3  0.124  0.028       48       48

. 
. /* Incidence MODA par quintile de montant recu, pour l'ensemble des enfants
>    puis pour chaque tranche d'age. Les quintiles sont construits sur le
>    montant annuel des menages beneficiaires, au niveau menage pour que le
>    decoupage ne soit pas deforme par le nombre d'enfants. Les enfants de
>    menages non beneficiaires forment la ligne de reference. */
. capture drop montant_transf

. capture drop q5_montant

. merge m:1 grappe menage using "$TEMP/montant_2018.dta", ///
>     keepusing(montant_transf) keep(master match) nogenerate

    Result                      Number of obs
    -----------------------------------------
    Not matched                        23,608
        from master                    23,608  
        from using                          0  

    Matched                             3,414  
    -----------------------------------------

. 
. preserve

.     keep if D == 1 & t == 0 & !missing(montant_transf)
(25,315 observations deleted)

.     bysort grappe menage: keep if _n == 1
(1,331 observations deleted)

.     xtile q5_montant = montant_transf, nquantiles(5)

.     keep grappe menage q5_montant

.     tempfile quint_desc

.     save `quint_desc'
file C:\Users\Bmd\AppData\Local\Temp\ST_4dd8_000019.tmp saved as .dta format

. restore

. merge m:1 grappe menage using `quint_desc', ///
>     keepusing(q5_montant) keep(master match) nogenerate

    Result                      Number of obs
    -----------------------------------------
    Not matched                        23,608
        from master                    23,608  
        from using                          0  

    Matched                             3,414  
    -----------------------------------------

. 
. forvalues g = 0/3 {
  2.     if `g' == 0 local lbl "Ensemble 0-17 ans"
  3.     if `g' == 1 local lbl "0-4 ans"
  4.     if `g' == 2 local lbl "5-14 ans"
  5.     if `g' == 3 local lbl "15-17 ans"
  6.     if `g' == 0 local cond "1"
  7.     else        local cond "groupe_base == `g'"
  8.     di _newline(2) "=== Incidence MODA par quintile de montant — `lbl' ==="
  9.     di "  Groupe          H 2018   H 2021      DD       n18      n21"
 10.     quietly summarize pauvre_MODA [aw=hhweight] if t == 0 & D == 0 & `cond'
 11.     local r0 = r(mean)*100
 12.     quietly summarize pauvre_MODA [aw=hhweight] if t == 1 & D == 0 & `cond'
 13.     local r1 = r(mean)*100
 14.     quietly count if t == 0 & D == 0 & `cond'
 15.     local m0 = r(N)
 16.     quietly count if t == 1 & D == 0 & `cond'
 17.     di "  " %-14s "Non-benef." %8.1f `r0' %9.1f `r1' %8.1f `r1'-`r0' ///
>        %10.0f `m0' %9.0f r(N)
 18.     forvalues q = 1/5 {
 19.         quietly count if q5_montant == `q' & t == 0 & `cond'
 20.         local n0 = r(N)
 21.         if `n0' > 0 {
 22.             quietly summarize pauvre_MODA [aw=hhweight] if t == 0 & q5_montant == `q' & `cond'
 23.             local a0 = r(mean)*100
 24.             quietly summarize pauvre_MODA [aw=hhweight] if t == 1 & q5_montant == `q' & `cond'
 25.             local a1 = r(mean)*100
 26.             quietly count if t == 1 & q5_montant == `q' & `cond'
 27.             di "  " %-14s "Quintile `q'" %8.1f `a0' %9.1f `a1' ///
>                %8.1f (`a1'-`a0')-(`r1'-`r0') %10.0f `n0' %9.0f r(N)
 28.         }
 29.     }
 30. }


=== Incidence MODA par quintile de montant — Ensemble 0-17 ans ===
  Groupe          H 2018   H 2021      DD       n18      n21
  Non-benef.        66.2     56.6    -9.6     11275    11275
  Quintile 1        44.3     45.2    10.4       378      378
  Quintile 2        42.0     42.7    10.3       372      372
  Quintile 3        29.7     32.8    12.7       289      289
  Quintile 4        17.1     15.0     7.5       404      404
  Quintile 5        29.3     16.5    -3.2       264      264


=== Incidence MODA par quintile de montant — 0-4 ans ===
  Groupe          H 2018   H 2021      DD       n18      n21
  Non-benef.        56.9     47.2    -9.7      4011     4011
  Quintile 1        35.0     40.2    14.8       121      121
  Quintile 2        33.9     37.5    13.3       138      138
  Quintile 3        16.4     14.3     7.6        96       96
  Quintile 4        12.2     10.0     7.5       124      124
  Quintile 5        11.9      7.9     5.7        91       91


=== Incidence MODA par quintile de montant — 5-14 ans ===
  Groupe          H 2018   H 2021      DD       n18      n21
  Non-benef.        71.5     61.9    -9.6      7042     7042
  Quintile 1        48.5     47.7     8.8       253      253
  Quintile 2        47.0     45.6     8.2       227      227
  Quintile 3        36.8     42.3    15.1       188      188
  Quintile 4        18.8     17.1     7.8       274      274
  Quintile 5        37.6     20.7    -7.4       167      167


=== Incidence MODA par quintile de montant — 15-17 ans ===
  Groupe          H 2018   H 2021      DD       n18      n21
  Non-benef.        67.1     59.6    -7.5       222      222
  Quintile 1        53.5     27.2   -18.8         4        4
  Quintile 2        42.6     52.2    17.2         7        7
  Quintile 3        35.0     54.2    26.7         5        5
  Quintile 4        46.7     27.7   -11.5         6        6
  Quintile 5        68.5     34.8   -26.1         6        6

. 
. di _newline ">>> 06_stats_desc.do terminé."

>>> 06_stats_desc.do terminé.

. di ">>> Sorties dans : $OUTPUT/tables/ et $OUTPUT/figures/"
>>> Sorties dans : code/stata/output/tables/ et code/stata/output/figures/

. 
. /* ============================================================
>    SECTION : 07_EFFETS_DIM — ATT PSM-DD par dimension MODA
>    Génère output/figures/fig_effets_dim.pdf
>    ============================================================ */
. 
. 
. /* Joindre poids k-NN au panel vrai */
. use "$TEMP/panel_enfants_psm.dta", clear

. 
. /* ── ATT par dimension, trois methodes d'appariement ───────────
>    Verifie que la lecture dimensionnelle ne depend pas de l'algorithme. */
. local dims assai eau logem nutri sante protect educ

. di _newline "=== ATT par dimension, comparaison des trois appariements ==="

=== ATT par dimension, comparaison des trois appariements ===

. foreach poids_var in weight_knn weight_kernel weight_caliper {
  2.     di _newline "--- `poids_var' ---"
  3.     foreach dim of local dims {
  4.         quietly count if !missing(`poids_var') & `poids_var' > 0
  5.         if r(N) > 0 {
  6.             quietly regress dim_`dim' i.t##i.D [aw=`poids_var'] ///
>                 if `poids_var' > 0, vce(cluster grappe)
  7.             quietly lincom 1.t#1.D
  8.             di "  dim_`dim' : ATT=" %8.4f r(estimate) ///
>                "  SE=" %7.4f r(se) "  p=" %6.4f r(p)
  9.         }
 10.     }
 11. }

--- weight_knn ---
  dim_assai : ATT=  0.0898  SE= 0.0455  p=0.0491
  dim_eau : ATT= -0.0194  SE= 0.0319  p=0.5439
  dim_logem : ATT=  0.0190  SE= 0.0449  p=0.6716
  dim_nutri : ATT=  0.1145  SE= 0.0448  p=0.0108
  dim_sante : ATT=  0.0441  SE= 0.0163  p=0.0071
  dim_protect : ATT=  0.0357  SE= 0.0272  p=0.1890
  dim_educ : ATT= -0.0098  SE= 0.0162  p=0.5455

--- weight_kernel ---
  dim_assai : ATT=  0.1090  SE= 0.0390  p=0.0054
  dim_eau : ATT= -0.0017  SE= 0.0250  p=0.9458
  dim_logem : ATT=  0.0181  SE= 0.0395  p=0.6461
  dim_nutri : ATT=  0.0941  SE= 0.0383  p=0.0143
  dim_sante : ATT=  0.0298  SE= 0.0132  p=0.0250
  dim_protect : ATT=  0.0565  SE= 0.0227  p=0.0130
  dim_educ : ATT= -0.0193  SE= 0.0122  p=0.1150

--- weight_caliper ---
  dim_assai : ATT=  0.0999  SE= 0.0421  p=0.0181
  dim_eau : ATT= -0.0184  SE= 0.0313  p=0.5569
  dim_logem : ATT=  0.0147  SE= 0.0429  p=0.7315
  dim_nutri : ATT=  0.0989  SE= 0.0424  p=0.0201
  dim_sante : ATT=  0.0354  SE= 0.0144  p=0.0144
  dim_protect : ATT=  0.0281  SE= 0.0252  p=0.2667
  dim_educ : ATT= -0.0051  SE= 0.0144  p=0.7248

. 
. if "$POIDS_PRINCIPAL" == "" | "$POIDS_PRINCIPAL" == "weight_" {
.     global METHODE         "knn"
.     global POIDS_PRINCIPAL "weight_knn"
.     di "  !! Methode non determinee en amont : repli sur le k-NN."
. }

. keep if !missing($POIDS_PRINCIPAL) & $POIDS_PRINCIPAL > 0
(86 observations deleted)

. 
. /* ATT PSM-DD pour chaque dimension (poids d'appariement PSM uniquement,
>    pas de poids d'enquete ; erreurs-types clusterisees au niveau grappe) */
. local dims    assai eau logem nutri sante protect educ

. local n_dims  7

. 
. matrix ATT  = J(`n_dims', 1, .)

. matrix LB   = J(`n_dims', 1, .)

. matrix UB   = J(`n_dims', 1, .)

. 
. local i = 0

. foreach dim of local dims {
  2.     local ++i
  3.     quietly regress dim_`dim' i.t##i.D [aw=$POIDS_PRINCIPAL], vce(cluster grappe)
  4.     quietly lincom 1.t#1.D
  5.     matrix ATT[`i',1] = r(estimate)
  6.     matrix LB[`i',1]  = r(estimate) - 1.96*r(se)
  7.     matrix UB[`i',1]  = r(estimate) + 1.96*r(se)
  8.     di "  dim_`dim' : ATT=" %8.4f r(estimate) "  SE=" %7.4f r(se) "  p=" %6.4f r(p)
  9. }
  dim_assai : ATT=  0.1090  SE= 0.0390  p=0.0054
  dim_eau : ATT= -0.0017  SE= 0.0250  p=0.9458
  dim_logem : ATT=  0.0181  SE= 0.0395  p=0.6461
  dim_nutri : ATT=  0.0941  SE= 0.0383  p=0.0143
  dim_sante : ATT=  0.0298  SE= 0.0132  p=0.0250
  dim_protect : ATT=  0.0565  SE= 0.0227  p=0.0130
  dim_educ : ATT= -0.0193  SE= 0.0122  p=0.1150

. 
. /* ── ATT par INDICATEUR ──────────────────────────────────────
>    La dimension agrege ses indicateurs par la regle de l'union : elle
>    passe a 1 des qu'un seul indicateur est positif. Un effet nul sur la
>    dimension peut donc masquer deux mouvements de sens contraire, et un
>    effet significatif ne dit pas lequel des indicateurs le porte.
>    L'estimation est reprise indicateur par indicateur, sur le meme panel
>    apparie et avec la meme specification. Chaque indicateur n'est defini
>    que sur les groupes d'age auxquels il s'applique : la regression porte
>    sur les enfants pour lesquels il n'est pas manquant, et l'effectif
>    affiche permet de le verifier. */
. 
. di _newline "=== ATT PSM-DD par indicateur ($METHODE) ==="

=== ATT PSM-DD par indicateur (kernel) ===

. di "  indicateur          n        ATT       SE        p"
  indicateur          n        ATT       SE        p

. 
. foreach ind in m_toilet m_partag_toi m_eau_source m_eau_temps ///
>                m_ordures m_surpeup m_securite m_combust m_sante_acces ///
>                m_acte_nais m_trav_enf m_scol m_alfab {
  2.     quietly count if !missing(`ind')
  3.     local n_ind = r(N)
  4.     if `n_ind' > 0 {
  5.         quietly regress `ind' i.t##i.D [aw=$POIDS_PRINCIPAL], vce(cluster grappe)
  6.         quietly lincom 1.t#1.D
  7.         di "  " %-16s "`ind'" %8.0f `n_ind' %10.4f r(estimate) ///
>            %9.4f r(se) %9.4f r(p)
  8.     }
  9.     else {
 10.         di "  " %-16s "`ind'" "   non renseigne sur le panel"
 11.     }
 12. }
  m_toilet           26936    0.0659   0.0375   0.0788
  m_partag_toi       23957    0.0864   0.0270   0.0014
  m_eau_source       26936   -0.0068   0.0260   0.7928
  m_eau_temps        26936   -0.0151   0.0244   0.5375
  m_ordures          26936    0.0008   0.0387   0.9830
  m_surpeup          26936    0.0588   0.0192   0.0023
  m_securite         26936    0.0941   0.0383   0.0143
  m_combust          26936    0.0249   0.0172   0.1481
  m_sante_acces      26936   -0.0121   0.0407   0.7654
  m_acte_nais        26936    0.0738   0.0236   0.0018
  m_trav_enf         26936    0.0128   0.0204   0.5290
  m_scol             26936   -0.0175   0.0166   0.2929
  m_alfab            26936   -0.0109   0.0054   0.0455

. 
. /* Construire dataset pour le graphique */
. clear

. set obs `n_dims'
Number of observations (_N) was 0, now 7.

. gen ordre = _n

. gen str12 dim = ""
(7 missing values generated)

. replace dim = "Assainissement" in 1
variable dim was str12 now str14
(1 real change made)

. replace dim = "Eau"            in 2
(1 real change made)

. replace dim = "Logement"       in 3
(1 real change made)

. replace dim = "Nutrition"      in 4
(1 real change made)

. replace dim = "Santé"          in 5
(1 real change made)

. replace dim = "Protection"     in 6
(1 real change made)

. replace dim = "Éducation"      in 7
(1 real change made)

. gen att = .
(7 missing values generated)

. gen lb  = .
(7 missing values generated)

. gen ub  = .
(7 missing values generated)

. forvalues i = 1/`n_dims' {
  2.     replace att = ATT[`i',1]*100 in `i'
  3.     replace lb  = LB[`i',1]*100  in `i'
  4.     replace ub  = UB[`i',1]*100  in `i'
  5. }
(1 real change made)
(1 real change made)
(1 real change made)
(1 real change made)
(1 real change made)
(1 real change made)
(1 real change made)
(1 real change made)
(1 real change made)
(1 real change made)
(1 real change made)
(1 real change made)
(1 real change made)
(1 real change made)
(1 real change made)
(1 real change made)
(1 real change made)
(1 real change made)
(1 real change made)
(1 real change made)
(1 real change made)

. 
. /* Trier par ATT croissant et réaffecter le rang */
. sort att

. replace ordre = _n
(5 real changes made)

. 
. /* Construire les labels ylabel à partir des valeurs de dim triées */
. local ylab_str ""

. forvalues i = 1/`n_dims' {
  2.     local lbl = dim[`i']
  3.     local ylab_str `"`ylab_str' `i' "`lbl'""'
  4. }

. 
. /* Etiquettes de valeur (virgule decimale), placees au-dela des IC */
. gen str8 lbl_att = subinstr(string(att, "%4.1f"), ".", ",", 1)

. gen xlbl = ub + 1.2 if att >= 0
(2 missing values generated)

. replace xlbl = lb - 1.2 if att < 0
(2 real changes made)

. 
. /* Graphique à barres horizontales avec IC 95 % */
. set dp comma

. twoway ///
>     (bar att ordre, horizontal barwidth(0.6) color(gs9)) ///
>     (rcap lb ub ordre, horizontal lcolor(orange) lwidth(medthick) msize(medium)) ///
>     (scatter ordre xlbl, msymbol(none) mlabel(lbl_att) ///
>      mlabpos(0) mlabcolor(black) mlabsize(small)), ///
>     ylab(`ylab_str', angle(0) noticks) ///
>     yscale(range(0.5 7.5)) ///
>     ytitle("") xtitle("ATT (points de pourcentage)") ///
>     xlabel(, format(%4.1f)) ///
>     xline(0, lcolor(black) lpattern(dash)) ///
>     legend(off) ///
>     graphregion(color(white)) plotregion(color(white))

. 
. set dp period

. graph display, scale(1.35)   /* texte agrandi pour la projection */

. graph export "$OUTPUT/figures/fig_effets_dim.pdf", replace
file code/stata/output/figures/fig_effets_dim.pdf saved as PDF format

. di ">>> fig_effets_dim.pdf sauvegardé dans $OUTPUT/figures/"
>>> fig_effets_dim.pdf sauvegardé dans code/stata/output/figures/

. di ">>> 07_effets_dim.do terminé."
>>> 07_effets_dim.do terminé.

. 
. /* ============================================================
>    SECTION : 09_PLACEBO — Tests de validite (annexe A)
> 
>    1. Test placebo : 200 assignations aleatoires d'un faux
>       traitement parmi les menages jamais traites ; la
>       distribution des ATT placebo doit etre centree sur zero
>       si l'hypothese de tendances paralleles est plausible.
>       retrouves vs perdus en 2021 sur les covariables de base.
> 
>    Aucune ponderation par poids d'enquete.
>    ============================================================ */
. 
. 
. /* ============================================================
>    1. Test placebo (200 replications)
>    ============================================================ */
. 
. di _newline "=== Test placebo (200 replications) ==="

=== Test placebo (200 replications) ===

. 
. local n_rep 200

. matrix PLA = J(`n_rep', 3, .)   /* une colonne par groupe d'age */

. 
. /* Echantillon : enfants suivis des menages jamais traites */
. use "$TEMP/panel_enfants_psm.dta", clear

. keep if D == 0
(4,472 observations deleted)

. tempfile never

. save `never'
file C:\Users\Bmd\AppData\Local\Temp\ST_4dd8_00001a.tmp saved as .dta format

. 
. /* Liste des menages (une ligne par menage) */
. bysort grappe menage: keep if _n == 1
(19,632 observations deleted)

. keep grappe menage

. tempfile liste_men

. save `liste_men'
file C:\Users\Bmd\AppData\Local\Temp\ST_4dd8_00001b.tmp saved as .dta format

. quietly count

. local n_men = r(N)

. /* part de faux traites = part observee de traites */
. preserve

.     use "$TEMP/panel_enfants_psm.dta", clear

.     keep if t == 0
(13,511 observations deleted)

.     bysort grappe menage: keep if _n == 1
(10,061 observations deleted)

.     quietly summarize D

.     local part_fake = r(mean)

. restore

. di "  Part de faux traites appliquee : " %6.4f `part_fake'
  Part de faux traites appliquee : 0.1542

. 
. forvalues r = 1/`n_rep' {
  2.     quietly {
  3.         use `liste_men', clear
  4.         set seed `=1000+`r''
  5.         gen u = runiform()
  6.         sort u
  7.         gen byte fakeD = (_n <= `part_fake'*`n_men')
  8.         keep grappe menage fakeD
  9.         tempfile fake
 10.         save `fake'
 11. 
.         use `never', clear
 12.         merge m:1 grappe menage using `fake', keep(match) nogenerate
 13. 
.         /* DD placebo (moyennes des 4 cellules), par groupe d'age,
>            comme l'estimation principale */
.         forvalues g = 1/3 {
 14.             summarize pauvre_MODA if t==1 & fakeD==1 & groupe_base==`g'
 15.             local m11 = r(mean)
 16.             summarize pauvre_MODA if t==0 & fakeD==1 & groupe_base==`g'
 17.             local m01 = r(mean)
 18.             summarize pauvre_MODA if t==1 & fakeD==0 & groupe_base==`g'
 19.             local m10 = r(mean)
 20.             summarize pauvre_MODA if t==0 & fakeD==0 & groupe_base==`g'
 21.             local m00 = r(mean)
 22.             matrix PLA[`r',`g'] = (`m11'-`m01') - (`m10'-`m00')
 23.         }
 24.     }
 25.     if mod(`r', 50) == 0 di "  replication `r'/`n_rep'"
 26. }
  replication 50/200
  replication 100/200
  replication 150/200
  replication 200/200

. 
. /* Statistiques de la distribution placebo, groupe par groupe : la
>    distribution doit etre centree sur zero, et l'ATT du groupe doit se
>    situer dans sa queue. */
. clear

. svmat PLA, names(col)
number of observations will be reset to 200
Press any key to continue, or Break to abort
Number of observations (_N) was 0, now 200.

. forvalues g = 1/3 {
  2.     rename c`g' att_g`g'
  3.     quietly summarize att_g`g'
  4.     di _newline "Placebo groupe `g' : moyenne=" %7.4f r(mean) "  sd=" %6.4f r(sd)
  5.     quietly count if !missing(att_g`g')
  6.     local ntot = r(N)
  7.     quietly count if att_g`g' < ${ATT_G`g'}
  8.     di "  ATT du groupe (" %6.4f ${ATT_G`g'} ") : rang = " ///
>        %4.1f 100*r(N)/`ntot' "e centile"
  9. }

Placebo groupe 1 : moyenne= 0.0028  sd=0.0347
  ATT du groupe (0.0648) : rang = 95.5e centile

Placebo groupe 2 : moyenne= 0.0018  sd=0.0262
  ATT du groupe (0.0671) : rang = 99.0e centile

Placebo groupe 3 : moyenne= 0.0006  sd=0.1022
  ATT du groupe (0.1190) : rang = 88.5e centile

. 
. /* ── Fig placebo : distribution des ATT placebo vs ATT reel ──
>    Verifie la plausibilite des tendances paralleles : la distribution
>    placebo doit etre centree sur zero et l'ATT reel doit se situer dans
>    sa queue. */
. set dp comma

. forvalues g = 1/3 {
  2.     local titg : label grp `g'
  3.     quietly histogram att_g`g', width(0.005) frequency ///
>         color(gs9) lcolor(white) ///
>         xline(0, lcolor(black) lpattern(solid)) ///
>         xline(`=${ATT_G`g'}', lcolor(orange) lpattern(dash) lwidth(medthick)) ///
>         xtitle("ATT placebo") ytitle("Réplications") ///
>         title("`titg'", size(medium)) ///
>         graphregion(color(white)) plotregion(color(white)) ///
>         name(pla`g', replace)
  4. }

. graph combine pla1 pla2 pla3, rows(1) graphregion(color(white))

. set dp period

. graph export "$OUTPUT/figures/fig_placebo_dd.pdf", replace
file code/stata/output/figures/fig_placebo_dd.pdf saved as PDF format

. graph drop pla1 pla2 pla3

. di ">>> fig_placebo_dd.pdf sauvegardé (trois panneaux, un par groupe)"
>>> fig_placebo_dd.pdf sauvegardé (trois panneaux, un par groupe)

. 
. di _newline ">>> 09_placebo.do termine."

>>> 09_placebo.do termine.

. 
. /* ── Fig : taux de privation par dimension, ensemble et par groupe ──
>    Barres horizontales, une paire par dimension (EHCVM I vs II),
>    ponderees par hhweight. Remplace les tableaux du chapitre 3. */
. use "$TEMP/panel_enfants_psm.dta", clear

. foreach g in ens 1 2 3 {
  2.     preserve
  3.     if "`g'" != "ens" keep if groupe_base == `g'
  4.     collapse (mean) dim_assai dim_eau dim_logem dim_nutri dim_sante ///
>              dim_protect dim_educ [aw=hhweight], by(t)
  5.     reshape long dim_, i(t) j(dm) string
  6.     replace dim_ = 100*dim_
  7.     reshape wide dim_, i(dm) j(t)
  8.     gen byte ordre = .
  9.     replace ordre = 1 if dm == "assai"
 10.     replace ordre = 2 if dm == "eau"
 11.     replace ordre = 3 if dm == "logem"
 12.     replace ordre = 4 if dm == "nutri"
 13.     replace ordre = 5 if dm == "sante"
 14.     replace ordre = 6 if dm == "protect"
 15.     replace ordre = 7 if dm == "educ"
 16.     gen str22 lbl = ""
 17.     replace lbl = "Assainissement" if dm == "assai"
 18.     replace lbl = "Eau"            if dm == "eau"
 19.     replace lbl = "Logement"       if dm == "logem"
 20.     replace lbl = "Nutrition"      if dm == "nutri"
 21.     replace lbl = "Santé"          if dm == "sante"
 22.     replace lbl = "Protection"     if dm == "protect"
 23.     replace lbl = "Éducation"      if dm == "educ"
 24.     /* education non applicable aux 0-4 ans */
.     if "`g'" == "1" drop if dm == "educ"
 25.     sort ordre
 26.     gen pos  = _n
 27.     gen pos0 = pos - 0.19
 28.     gen pos1 = pos + 0.19
 29.     /* Etiquettes en toutes lettres, virgule decimale garantie */
.     gen str8 l0 = subinstr(string(dim_0, "%3.1f"), ".", ",", 1)
 30.     gen str8 l1 = subinstr(string(dim_1, "%3.1f"), ".", ",", 1)
 31.     local ylab ""
 32.     forvalues i = 1/`=_N' {
 33.         local ylab `ylab' `i' "`=lbl[`i']'"
 34.     }
 35.     twoway (bar dim_0 pos0, horizontal barwidth(0.36) color(gs9)) ///
>            (bar dim_1 pos1, horizontal barwidth(0.36) color(orange)) ///
>            (scatter pos0 dim_0, msymbol(none) mlabel(l0) ///
>                 mlabcolor(black) mlabsize(vsmall) mlabpos(3)) ///
>            (scatter pos1 dim_1, msymbol(none) mlabel(l1) ///
>                 mlabcolor(black) mlabsize(vsmall) mlabpos(3)), ///
>         ylabel(`ylab', angle(0) nogrid) yscale(reverse) ytitle("") ///
>         xlabel(0(20)100, grid) xtitle("Taux de privation (%)") ///
>         legend(order(1 "EHCVM I (2018-19)" 2 "EHCVM II (2021-22)") ///
>                pos(6) rows(1) region(color(white))) ///
>         graphregion(color(white)) plotregion(color(white))
 36.     local suf = cond("`g'"=="ens","ensemble", ///
>         cond("`g'"=="1","0_4", cond("`g'"=="2","5_14","15_17")))
 37.     graph export "$OUTPUT/figures/fig_dim_`suf'.pdf", replace
 38.     di ">>> fig_dim_`suf'.pdf sauvegardé"
 39.     restore
 40. }
(j = assai eau educ logem nutri protect sante)

Data                               Wide   ->   Long
-----------------------------------------------------------------------------
Number of observations                2   ->   14          
Number of variables                   8   ->   3           
j variable (7 values)                     ->   dm
xij variables:
        dim_assai dim_eau ... dim_sante   ->   dim_
-----------------------------------------------------------------------------
(14 real changes made)
(j = 0 1)

Data                               Long   ->   Wide
-----------------------------------------------------------------------------
Number of observations               14   ->   7           
Number of variables                   3   ->   3           
j variable (2 values)                 t   ->   (dropped)
xij variables:
                                   dim_   ->   dim_0 dim_1
-----------------------------------------------------------------------------
(7 missing values generated)
(1 real change made)
(1 real change made)
(1 real change made)
(1 real change made)
(1 real change made)
(1 real change made)
(1 real change made)
(7 missing values generated)
(1 real change made)
(1 real change made)
(1 real change made)
(1 real change made)
(1 real change made)
(1 real change made)
(1 real change made)
file code/stata/output/figures/fig_dim_ensemble.pdf saved as PDF format
>>> fig_dim_ensemble.pdf sauvegardé
(17,498 observations deleted)
(j = assai eau educ logem nutri protect sante)

Data                               Wide   ->   Long
-----------------------------------------------------------------------------
Number of observations                2   ->   14          
Number of variables                   8   ->   3           
j variable (7 values)                     ->   dm
xij variables:
        dim_assai dim_eau ... dim_sante   ->   dim_
-----------------------------------------------------------------------------
(12 real changes made)
(j = 0 1)

Data                               Long   ->   Wide
-----------------------------------------------------------------------------
Number of observations               14   ->   7           
Number of variables                   3   ->   3           
j variable (2 values)                 t   ->   (dropped)
xij variables:
                                   dim_   ->   dim_0 dim_1
-----------------------------------------------------------------------------
(7 missing values generated)
(1 real change made)
(1 real change made)
(1 real change made)
(1 real change made)
(1 real change made)
(1 real change made)
(1 real change made)
(7 missing values generated)
(1 real change made)
(1 real change made)
(1 real change made)
(1 real change made)
(1 real change made)
(1 real change made)
(1 real change made)
(1 observation deleted)
file code/stata/output/figures/fig_dim_0_4.pdf saved as PDF format
>>> fig_dim_0_4.pdf sauvegardé
(10,054 observations deleted)
(j = assai eau educ logem nutri protect sante)

Data                               Wide   ->   Long
-----------------------------------------------------------------------------
Number of observations                2   ->   14          
Number of variables                   8   ->   3           
j variable (7 values)                     ->   dm
xij variables:
        dim_assai dim_eau ... dim_sante   ->   dim_
-----------------------------------------------------------------------------
(14 real changes made)
(j = 0 1)

Data                               Long   ->   Wide
-----------------------------------------------------------------------------
Number of observations               14   ->   7           
Number of variables                   3   ->   3           
j variable (2 values)                 t   ->   (dropped)
xij variables:
                                   dim_   ->   dim_0 dim_1
-----------------------------------------------------------------------------
(7 missing values generated)
(1 real change made)
(1 real change made)
(1 real change made)
(1 real change made)
(1 real change made)
(1 real change made)
(1 real change made)
(7 missing values generated)
(1 real change made)
(1 real change made)
(1 real change made)
(1 real change made)
(1 real change made)
(1 real change made)
(1 real change made)
file code/stata/output/figures/fig_dim_5_14.pdf saved as PDF format
>>> fig_dim_5_14.pdf sauvegardé
(26,492 observations deleted)
(j = assai eau educ logem nutri protect sante)

Data                               Wide   ->   Long
-----------------------------------------------------------------------------
Number of observations                2   ->   14          
Number of variables                   8   ->   3           
j variable (7 values)                     ->   dm
xij variables:
        dim_assai dim_eau ... dim_sante   ->   dim_
-----------------------------------------------------------------------------
(14 real changes made)
(j = 0 1)

Data                               Long   ->   Wide
-----------------------------------------------------------------------------
Number of observations               14   ->   7           
Number of variables                   3   ->   3           
j variable (2 values)                 t   ->   (dropped)
xij variables:
                                   dim_   ->   dim_0 dim_1
-----------------------------------------------------------------------------
(7 missing values generated)
(1 real change made)
(1 real change made)
(1 real change made)
(1 real change made)
(1 real change made)
(1 real change made)
(1 real change made)
(7 missing values generated)
(1 real change made)
(1 real change made)
(1 real change made)
(1 real change made)
(1 real change made)
(1 real change made)
(1 real change made)
file code/stata/output/figures/fig_dim_15_17.pdf saved as PDF format
>>> fig_dim_15_17.pdf sauvegardé

. 
. /* ============================================================
>    SECTION FINALE : copie des figures vers le rapport LaTeX
>    ------------------------------------------------------------
>    Recopie automatiquement les PDF generes dans output/figures
>    vers latex/figures, pour que le memoire compile toujours les
>    dernieres versions sans manipulation manuelle.
>    ============================================================ */
. 
. di _newline ">>> Copie des figures vers latex/figures et Presentation/figures ..."

>>> Copie des figures vers latex/figures et Presentation/figures ...

. /* Copie dynamique de tous les PDF generes (toute figure future incluse)
>    vers le rapport ET la presentation Beamer, pour les garder synchronises. */
. local figs : dir "$OUTPUT/figures" files "*.pdf"

. foreach f of local figs {
  2.     foreach dest in "latex/figures" "Presentation/figures" {
  3.         capture copy "$OUTPUT/figures/`f'" "`dest'/`f'", replace
  4.         if _rc di "    !! echec copie `f' vers `dest' (rc=" _rc ")"
  5.     }
  6.     di "    ok `f'"
  7. }
    ok fig_carte_nmoda_barres.pdf
    ok fig_croisement_pauvrete.pdf
    ok fig_dd_trajectoires.pdf
    ok fig_dim_0_4.pdf
    ok fig_dim_15_17.pdf
    ok fig_dim_5_14.pdf
    ok fig_dim_ensemble.pdf
    ok fig_distrib_dimensions.pdf
    ok fig_distrib_nbdep.pdf
    ok fig_effets_dim.pdf
    ok fig_evolution_ipm.pdf
    ok fig_overlap_apres.pdf
    ok fig_overlap_groupes.pdf
    ok fig_placebo_dd.pdf
    ok fig_profil_statut.pdf

. /* Graphique de support commun (a la racine de output) */
. capture copy "$OUTPUT/overlap_panel.pdf" "latex/figures/overlap_panel.pdf", replace

. capture copy "$OUTPUT/overlap_panel.pdf" "Presentation/figures/overlap.pdf", replace

. 
. di _newline ">>> FIN DU PIPELINE COMPLET <<<"

>>> FIN DU PIPELINE COMPLET <<<

. 
. /* Ferme le log, puis recopie vers tout.log si la bascule horodatee a servi,
>    pour que le fichier versionne porte toujours la sortie complete. */
. capture log close _all
